data,pretrain,model,params,n,thread,iter,map5095,map50,precision,recall,f1,n_all,n_fn,n_fp,family,size
e_IMU,True,yolo12x,59.1,16,5,1,0.319,0.6048,0.7277,0.4995,0.5924,808,428,100,YOLOv12,large
e_IMU,False,yolo12x,59.1,16,5,1,0.4183,0.7208,0.7726,0.6089,0.6811,808,325,80,YOLOv12,large
e_IMU,True,yolo12x,59.1,64,5,1,0.5023,0.7979,0.7799,0.7092,0.7429,808,238,115,YOLOv12,large
e_IMU,False,yolo12x,59.1,64,5,1,0.4939,0.7979,0.795,0.7178,0.7545,808,219,132,YOLOv12,large
e_IMU,True,yolo12x,59.1,200,5,1,0.5358,0.8524,0.8855,0.7463,0.81,808,152,155,YOLOv12,large
e_IMU,False,yolo12x,59.1,200,5,1,0.5347,0.8476,0.853,0.7686,0.8086,808,145,172,YOLOv12,large
e_VT,True,yolo12x,59.1,16,5,1,0.3398,0.6892,0.7361,0.6153,0.6703,408,105,254,YOLOv12,large
e_VT,False,yolo12x,59.1,16,5,1,0.4926,0.8136,0.8062,0.7279,0.7651,408,117,57,YOLOv12,large
e_VT,True,yolo12x,59.1,64,5,1,0.5245,0.8386,0.8547,0.7352,0.7904,408,111,40,YOLOv12,large
e_VT,False,yolo12x,59.1,64,5,1,0.56,0.8832,0.8573,0.826,0.8414,408,53,99,YOLOv12,large
e_VT,True,yolo12x,59.1,200,5,1,0.6189,0.8936,0.8528,0.8529,0.8529,408,65,53,YOLOv12,large
e_VT,False,yolo12x,59.1,200,5,1,0.6368,0.9122,0.8791,0.8505,0.8646,408,55,52,YOLOv12,large
e_IMU,True,yolo11x,56.9,16,5,1,0.1639,0.3854,0.4471,0.4554,0.4512,808,403,450,YOLOv11,large
e_IMU,False,yolo11x,56.9,16,5,1,0.3987,0.6862,0.785,0.5421,0.6413,808,405,72,YOLOv11,large
e_IMU,True,yolo11x,56.9,64,5,1,0.4822,0.8056,0.838,0.6844,0.7535,808,219,142,YOLOv11,large
e_IMU,False,yolo11x,56.9,64,5,1,0.4964,0.8141,0.7923,0.7317,0.7608,808,206,142,YOLOv11,large
e_IMU,True,yolo11x,56.9,200,5,1,0.5365,0.8607,0.8494,0.7677,0.8065,808,156,141,YOLOv11,large
e_IMU,False,yolo11x,56.9,200,5,1,0.54,0.8601,0.8422,0.7809,0.8104,808,143,167,YOLOv11,large
e_VT,True,yolo11x,56.9,16,5,1,0.3621,0.6616,0.7809,0.5242,0.6273,408,224,35,YOLOv11,large
e_VT,False,yolo11x,56.9,16,5,1,0.4713,0.7914,0.845,0.6789,0.7529,408,132,47,YOLOv11,large
e_VT,True,yolo11x,56.9,64,5,1,0.5193,0.8266,0.8369,0.7451,0.7883,408,104,46,YOLOv11,large
e_VT,False,yolo11x,56.9,64,5,1,0.5638,0.8631,0.8252,0.7917,0.8081,408,96,51,YOLOv11,large
e_VT,True,yolo11x,56.9,200,5,1,0.6129,0.8845,0.8781,0.8298,0.8532,408,65,50,YOLOv11,large
e_VT,False,yolo11x,56.9,200,5,1,0.6403,0.9137,0.8713,0.8676,0.8695,408,54,49,YOLOv11,large
e_IMU,True,rtdetr-x,86.0,64,5,1,0.4446,0.7777,0.8554,0.6736,0.7537,808,182,233,DETR,large
e_IMU,False,rtdetr-x,86.0,64,5,1,0.472,0.8173,0.8526,0.7252,0.7838,808,108,583,DETR,large
e_IMU,True,rtdetr-x,86.0,200,5,1,0.5145,0.8336,0.8466,0.7537,0.7975,808,103,380,DETR,large
e_IMU,False,rtdetr-x,86.0,200,5,1,0.5178,0.8661,0.8551,0.8057,0.8297,808,103,275,DETR,large
e_VT,True,rtdetr-x,86.0,64,5,1,0.4073,0.7431,0.7674,0.652,0.705,408,83,267,DETR,large
e_VT,False,rtdetr-x,86.0,64,5,1,0.5538,0.8749,0.8454,0.8177,0.8314,408,51,154,DETR,large
e_VT,True,rtdetr-x,86.0,200,5,1,0.5676,0.8826,0.842,0.8356,0.8388,408,41,173,DETR,large
e_VT,False,rtdetr-x,86.0,200,5,1,0.5921,0.9051,0.869,0.8127,0.8399,408,26,297,DETR,large
e_IMU,True,rtdetr-l,45.0,64,5,1,0.472,0.8195,0.8747,0.7413,0.8025,808,91,1218,DETR,small
e_IMU,False,rtdetr-l,45.0,64,5,1,0.4467,0.8085,0.8234,0.7314,0.7747,808,143,359,DETR,small
e_IMU,True,rtdetr-l,45.0,200,5,1,0.5394,0.8717,0.9072,0.7772,0.8372,808,88,359,DETR,small
e_IMU,False,rtdetr-l,45.0,200,5,1,0.5203,0.8612,0.8708,0.7928,0.83,808,86,568,DETR,small
e_VT,True,rtdetr-l,45.0,64,5,1,0.499,0.8271,0.8172,0.7868,0.8017,408,73,93,DETR,small
e_VT,False,rtdetr-l,45.0,64,5,1,0.553,0.904,0.8776,0.8162,0.8458,408,35,149,DETR,small
e_VT,True,rtdetr-l,45.0,200,5,1,0.5961,0.8978,0.8576,0.8456,0.8515,408,34,205,DETR,small
e_VT,False,rtdetr-l,45.0,200,5,1,0.5733,0.892,0.8439,0.8217,0.8326,408,20,480,DETR,small
e_IMU,True,yolo12n,2.6,64,5,1,0.4314,0.7792,0.8194,0.7116,0.7617,808,170,267,YOLOv12,small
e_IMU,False,yolo12n,2.6,64,5,1,0.4295,0.7968,0.8144,0.7302,0.77,808,150,283,YOLOv12,small
e_IMU,True,yolo12n,2.6,200,5,1,0.4894,0.8153,0.8595,0.7267,0.7875,808,158,193,YOLOv12,small
e_IMU,False,yolo12n,2.6,200,5,1,0.488,0.847,0.8504,0.7458,0.7947,808,122,261,YOLOv12,small
e_VT,True,yolo12n,2.6,64,5,1,0.5283,0.8164,0.8495,0.7255,0.7826,408,103,56,YOLOv12,small
e_VT,False,yolo12n,2.6,64,5,1,0.5436,0.8565,0.8709,0.7475,0.8045,408,84,57,YOLOv12,small
e_VT,True,yolo12n,2.6,200,5,1,0.5956,0.8857,0.8761,0.8315,0.8532,408,64,54,YOLOv12,small
e_VT,False,yolo12n,2.6,200,5,1,0.6014,0.8944,0.8666,0.844,0.8552,408,57,53,YOLOv12,small
e_IMU,True,yolo11n,2.6,64,5,1,0.4414,0.7793,0.8173,0.6832,0.7442,808,196,215,YOLOv11,small
e_IMU,False,yolo11n,2.6,64,5,1,0.4455,0.7887,0.85,0.6856,0.759,808,199,185,YOLOv11,small
e_IMU,True,yolo11n,2.6,200,5,1,0.4969,0.8367,0.8772,0.7351,0.7999,808,155,196,YOLOv11,small
e_IMU,False,yolo11n,2.6,200,5,1,0.4759,0.8468,0.8557,0.7574,0.8036,808,119,255,YOLOv11,small
e_VT,True,yolo11n,2.6,64,5,1,0.5316,0.8474,0.8527,0.7805,0.815,408,98,47,YOLOv11,small
e_VT,False,yolo11n,2.6,64,5,1,0.5467,0.879,0.8624,0.7835,0.8211,408,58,116,YOLOv11,small
e_VT,True,yolo11n,2.6,200,5,1,0.6195,0.8944,0.8748,0.8395,0.8568,408,65,42,YOLOv11,small
e_VT,False,yolo11n,2.6,200,5,1,0.5986,0.9157,0.8819,0.8599,0.8708,408,45,74,YOLOv11,small
e_IMU,True,yolo12x,59.1,16,5,2,0.3684,0.6706,0.749,0.5569,0.6388,808,394,83,YOLOv12,large
e_IMU,False,yolo12x,59.1,16,5,2,0.4336,0.7611,0.7776,0.6621,0.7153,808,250,142,YOLOv12,large
e_IMU,True,yolo12x,59.1,64,5,2,0.4435,0.7711,0.8291,0.6904,0.7534,808,215,162,YOLOv12,large
e_IMU,False,yolo12x,59.1,64,5,2,0.4538,0.7919,0.8005,0.7327,0.7651,808,159,282,YOLOv12,large
e_IMU,True,yolo12x,59.1,200,5,2,0.5119,0.8343,0.8507,0.7264,0.7836,808,147,192,YOLOv12,large
e_IMU,False,yolo12x,59.1,200,5,2,0.5012,0.8521,0.8613,0.7723,0.8143,808,127,285,YOLOv12,large
e_VT,True,yolo12x,59.1,16,5,2,0.3925,0.6968,0.7735,0.5711,0.657,408,204,31,YOLOv12,large
e_VT,False,yolo12x,59.1,16,5,2,0.4983,0.806,0.8165,0.7196,0.765,408,133,43,YOLOv12,large
e_VT,True,yolo12x,59.1,64,5,2,0.5515,0.8574,0.9034,0.7562,0.8233,408,90,49,YOLOv12,large
e_VT,False,yolo12x,59.1,64,5,2,0.5697,0.8797,0.9036,0.7672,0.8298,408,66,76,YOLOv12,large
e_VT,True,yolo12x,59.1,200,5,2,0.6055,0.8962,0.9109,0.8023,0.8532,408,70,46,YOLOv12,large
e_VT,False,yolo12x,59.1,200,5,2,0.5986,0.9167,0.8869,0.8407,0.8632,408,45,72,YOLOv12,large
e_IMU,True,yolo11x,56.9,16,5,2,0.3716,0.6981,0.8016,0.5902,0.6798,808,272,187,YOLOv11,large
e_IMU,False,yolo11x,56.9,16,5,2,0.4432,0.7584,0.786,0.6621,0.7188,808,250,120,YOLOv11,large
e_IMU,True,yolo11x,56.9,64,5,2,0.4601,0.7887,0.7817,0.7266,0.7531,808,198,177,YOLOv11,large
e_IMU,False,yolo11x,56.9,64,5,2,0.4697,0.7911,0.8582,0.6856,0.7623,808,190,176,YOLOv11,large
e_IMU,True,yolo11x,56.9,200,5,2,0.5392,0.8601,0.8183,0.7805,0.799,808,156,146,YOLOv11,large
e_IMU,False,yolo11x,56.9,200,5,2,0.5128,0.8542,0.8935,0.7479,0.8142,808,129,177,YOLOv11,large
e_VT,True,yolo11x,56.9,16,5,2,0.3906,0.6984,0.7627,0.6029,0.6735,408,187,50,YOLOv11,large
e_VT,False,yolo11x,56.9,16,5,2,0.5056,0.8313,0.8112,0.7672,0.7886,408,79,105,YOLOv11,large
e_VT,True,yolo11x,56.9,64,5,2,0.5386,0.847,0.8437,0.7675,0.8038,408,97,45,YOLOv11,large
e_VT,False,yolo11x,56.9,64,5,2,0.5842,0.8972,0.8821,0.8249,0.8525,408,72,41,YOLOv11,large
e_VT,True,yolo11x,56.9,200,5,2,0.609,0.8986,0.8704,0.848,0.8591,408,53,58,YOLOv11,large
e_VT,False,yolo11x,56.9,200,5,2,0.6263,0.9047,0.9065,0.8313,0.8672,408,58,51,YOLOv11,large
e_IMU,True,rtdetr-x,86.0,64,5,2,0.4661,0.8111,0.8478,0.7104,0.773,808,126,451,DETR,large
e_IMU,False,rtdetr-x,86.0,64,5,2,0.4757,0.8319,0.8839,0.7348,0.8025,808,88,790,DETR,large
e_IMU,True,rtdetr-x,86.0,200,5,2,0.5181,0.8691,0.8398,0.7946,0.8165,808,80,423,DETR,large
e_IMU,False,rtdetr-x,86.0,200,5,2,0.505,0.8529,0.8612,0.7754,0.816,808,85,504,DETR,large
e_VT,True,rtdetr-x,86.0,64,5,2,0.5036,0.8433,0.8729,0.7577,0.8113,408,57,245,DETR,large
e_VT,False,rtdetr-x,86.0,64,5,2,0.5499,0.8722,0.8376,0.799,0.8179,408,38,283,DETR,large
e_VT,True,rtdetr-x,86.0,200,5,2,0.5942,0.8964,0.8852,0.8137,0.848,408,38,225,DETR,large
e_VT,False,rtdetr-x,86.0,200,5,2,0.5885,0.9004,0.8665,0.8115,0.8381,408,25,361,DETR,large
e_IMU,True,rtdetr-l,45.0,64,5,2,0.4839,0.8276,0.886,0.7213,0.7952,808,146,243,DETR,small
e_IMU,False,rtdetr-l,45.0,64,5,2,0.4599,0.8078,0.8463,0.7252,0.7811,808,98,883,DETR,small
e_IMU,True,rtdetr-l,45.0,200,5,2,0.5266,0.8743,0.8759,0.7921,0.8319,808,89,342,DETR,small
e_IMU,False,rtdetr-l,45.0,200,5,2,0.5355,0.8789,0.8586,0.7963,0.8263,808,79,298,DETR,small
e_VT,True,rtdetr-l,45.0,64,5,2,0.5291,0.8502,0.8339,0.8137,0.8237,408,61,102,DETR,small
e_VT,False,rtdetr-l,45.0,64,5,2,0.5699,0.8866,0.8282,0.7916,0.8095,408,29,306,DETR,small
e_VT,True,rtdetr-l,45.0,200,5,2,0.5829,0.8891,0.8482,0.8488,0.8485,408,42,151,DETR,small
e_VT,False,rtdetr-l,45.0,200,5,2,0.584,0.8988,0.8745,0.8284,0.8509,408,31,215,DETR,small
e_IMU,True,yolo12n,2.6,64,5,2,0.4325,0.7666,0.8378,0.6634,0.7405,808,215,213,YOLOv12,small
e_IMU,False,yolo12n,2.6,64,5,2,0.4284,0.7799,0.8684,0.6779,0.7614,808,163,333,YOLOv12,small
e_IMU,True,yolo12n,2.6,200,5,2,0.4674,0.834,0.8843,0.7327,0.8014,808,123,309,YOLOv12,small
e_IMU,False,yolo12n,2.6,200,5,2,0.4832,0.8426,0.849,0.7517,0.7974,808,106,464,YOLOv12,small
e_VT,True,yolo12n,2.6,64,5,2,0.5501,0.8556,0.8871,0.7475,0.8114,408,102,37,YOLOv12,small
e_VT,False,yolo12n,2.6,64,5,2,0.5761,0.8868,0.9084,0.7966,0.8488,408,72,49,YOLOv12,small
e_VT,True,yolo12n,2.6,200,5,2,0.5979,0.8899,0.8883,0.8381,0.8625,408,67,35,YOLOv12,small
e_VT,False,yolo12n,2.6,200,5,2,0.5851,0.9024,0.8674,0.8338,0.8503,408,47,99,YOLOv12,small
e_IMU,True,yolo11n,2.6,64,5,2,0.4479,0.7871,0.8187,0.7067,0.7586,808,196,175,YOLOv11,small
e_IMU,False,yolo11n,2.6,64,5,2,0.448,0.7893,0.8167,0.7005,0.7541,808,184,186,YOLOv11,small
e_IMU,True,yolo11n,2.6,200,5,2,0.4831,0.8567,0.8634,0.7669,0.8123,808,107,251,YOLOv11,small
e_IMU,False,yolo11n,2.6,200,5,2,0.4905,0.8318,0.855,0.7297,0.7874,808,131,287,YOLOv11,small
e_VT,True,yolo11n,2.6,64,5,2,0.5554,0.8588,0.8933,0.7593,0.8209,408,93,37,YOLOv11,small
e_VT,False,yolo11n,2.6,64,5,2,0.581,0.8931,0.9007,0.8001,0.8474,408,64,53,YOLOv11,small
e_VT,True,yolo11n,2.6,200,5,2,0.6149,0.9057,0.909,0.8309,0.8682,408,56,49,YOLOv11,small
e_VT,False,yolo11n,2.6,200,5,2,0.6165,0.9085,0.8794,0.8505,0.8647,408,55,59,YOLOv11,small
e_IMU,True,yolo12x,59.1,16,5,3,0.3768,0.685,0.7897,0.5578,0.6538,808,353,87,YOLOv12,large
e_IMU,True,rtdetr-x,86.0,16,5,1,0.344,0.6491,0.7547,0.5879,0.6609,808,260,356,DETR,large
e_IMU,False,rtdetr-x,86.0,16,5,1,0.3258,0.6677,0.7114,0.6275,0.6668,808,197,592,DETR,large
e_VT,True,rtdetr-x,86.0,16,5,1,0.4473,0.7667,0.7672,0.7402,0.7535,408,94,122,DETR,large
e_VT,False,rtdetr-x,86.0,16,5,1,0.5152,0.8252,0.8493,0.7185,0.7785,408,55,324,DETR,large
e_IMU,True,rtdetr-l,45.0,16,5,1,0.3352,0.6597,0.7446,0.6207,0.6771,808,170,1316,DETR,small
e_IMU,False,rtdetr-l,45.0,16,5,1,0.4093,0.7464,0.8028,0.6701,0.7304,808,159,469,DETR,small
e_VT,True,rtdetr-l,45.0,16,5,1,0.4523,0.7925,0.8293,0.723,0.7725,408,92,110,DETR,small
e_VT,False,rtdetr-l,45.0,16,5,1,0.4904,0.8231,0.8187,0.7206,0.7665,408,52,321,DETR,small
e_IMU,True,yolo12n,2.6,16,5,1,0.2702,0.6292,0.6975,0.6188,0.6558,808,215,375,YOLOv12,small
e_IMU,False,yolo12n,2.6,16,5,1,0.3287,0.7038,0.7668,0.5928,0.6687,808,222,421,YOLOv12,small
e_VT,True,yolo12n,2.6,16,5,1,0.3711,0.6564,0.7592,0.5466,0.6356,408,207,43,YOLOv12,small
e_VT,False,yolo12n,2.6,16,5,1,0.4584,0.7909,0.8174,0.6838,0.7447,408,85,188,YOLOv12,small
e_IMU,True,yolo11n,2.6,16,5,1,0.3206,0.6811,0.7093,0.625,0.6645,808,257,256,YOLOv11,small
e_IMU,False,yolo11n,2.6,16,5,1,0.3238,0.6728,0.7584,0.5767,0.6552,808,248,459,YOLOv11,small
e_VT,True,yolo11n,2.6,16,5,1,0.4002,0.753,0.792,0.6531,0.7159,408,138,64,YOLOv11,small
e_VT,False,yolo11n,2.6,16,5,1,0.4912,0.828,0.8574,0.7108,0.7773,408,108,62,YOLOv11,small
e_IMU,True,rtdetr-x,86.0,16,5,2,0.3848,0.7411,0.801,0.6609,0.7242,808,172,385,DETR,large
e_IMU,False,rtdetr-x,86.0,16,5,2,0.4181,0.7669,0.7926,0.7141,0.7513,808,162,302,DETR,large
e_VT,True,rtdetr-x,86.0,16,5,2,0.4102,0.7452,0.7475,0.7083,0.7274,408,72,314,DETR,large
e_VT,False,rtdetr-x,86.0,16,5,2,0.4852,0.8194,0.8475,0.7489,0.7951,408,89,69,DETR,large
e_IMU,True,rtdetr-l,45.0,16,5,2,0.4081,0.7612,0.7917,0.7092,0.7482,808,175,209,DETR,small
e_IMU,False,rtdetr-l,45.0,16,5,2,0.4095,0.7616,0.7921,0.7054,0.7463,808,190,213,DETR,small
e_VT,True,rtdetr-l,45.0,16,5,2,0.4378,0.7848,0.8381,0.6936,0.7591,408,84,121,DETR,small
e_VT,False,rtdetr-l,45.0,16,5,2,0.483,0.8168,0.8717,0.6995,0.7762,408,73,120,DETR,small
e_IMU,True,yolo12n,2.6,16,5,2,0.3249,0.6827,0.7407,0.6213,0.6758,808,202,420,YOLOv12,small
e_IMU,False,yolo12n,2.6,16,5,2,0.4061,0.7627,0.7959,0.69,0.7392,808,186,244,YOLOv12,small
e_VT,True,yolo12n,2.6,16,5,2,0.3605,0.7038,0.7507,0.6052,0.6702,408,91,289,YOLOv12,small
e_VT,False,yolo12n,2.6,16,5,2,0.4892,0.8068,0.8058,0.7353,0.7689,408,78,161,YOLOv12,small
e_IMU,True,yolo11n,2.6,16,5,2,0.342,0.704,0.7619,0.6262,0.6874,808,192,441,YOLOv11,small
e_IMU,False,yolo11n,2.6,16,5,2,0.4101,0.7386,0.8308,0.6064,0.7011,808,270,150,YOLOv11,small
e_VT,True,yolo11n,2.6,16,5,2,0.3558,0.6958,0.7851,0.6103,0.6868,408,124,183,YOLOv11,small
e_VT,False,yolo11n,2.6,16,5,2,0.4731,0.8146,0.8561,0.7143,0.7788,408,105,74,YOLOv11,small
e_IMU,True,rtdetr-x,86.0,16,5,3,0.3754,0.7411,0.815,0.6844,0.744,808,209,293,DETR,large
e_IMU,False,rtdetr-x,86.0,16,5,3,0.4148,0.7752,0.8217,0.7018,0.757,808,157,393,DETR,large
e_VT,True,rtdetr-x,86.0,16,5,3,0.3968,0.6748,0.8205,0.5711,0.6734,408,103,343,DETR,large
e_VT,False,rtdetr-x,86.0,16,5,3,0.4709,0.8113,0.7862,0.7843,0.7853,408,68,119,DETR,large
e_IMU,True,rtdetr-l,45.0,16,5,3,0.3796,0.7309,0.8126,0.6762,0.7381,808,203,290,DETR,small
e_IMU,False,rtdetr-l,45.0,16,5,3,0.4107,0.7784,0.8228,0.7183,0.767,808,132,468,DETR,small
e_VT,True,rtdetr-l,45.0,16,5,3,0.456,0.7898,0.8162,0.6765,0.7398,408,93,160,DETR,small
e_VT,False,rtdetr-l,45.0,16,5,3,0.4618,0.7968,0.8409,0.7157,0.7733,408,79,139,DETR,small
e_IMU,True,yolo12n,2.6,16,5,3,0.3456,0.6377,0.6789,0.5656,0.6171,808,401,112,YOLOv12,small
e_IMU,False,yolo12n,2.6,16,5,3,0.3851,0.6992,0.7885,0.5903,0.6752,808,300,140,YOLOv12,small
e_VT,True,yolo12n,2.6,16,5,3,0.3521,0.6726,0.7406,0.6019,0.6641,408,104,316,YOLOv12,small
e_VT,False,yolo12n,2.6,16,5,3,0.4769,0.8189,0.7383,0.7402,0.7392,408,70,164,YOLOv12,small
e_IMU,True,yolo11n,2.6,16,5,3,0.3412,0.7018,0.7403,0.6337,0.6829,808,222,294,YOLOv11,small
e_IMU,False,yolo11n,2.6,16,5,3,0.3894,0.7262,0.7749,0.599,0.6757,808,314,119,YOLOv11,small
e_VT,True,yolo11n,2.6,16,5,3,0.4347,0.7499,0.814,0.6471,0.721,408,168,38,YOLOv11,small
e_VT,False,yolo11n,2.6,16,5,3,0.4708,0.8026,0.8323,0.7175,0.7706,408,81,145,YOLOv11,small
e_IMU,True,rtdetr-x,86.0,16,5,4,0.3031,0.6421,0.7047,0.5817,0.6373,808,248,429,DETR,large
e_IMU,False,rtdetr-x,86.0,16,5,4,0.3214,0.6657,0.7617,0.578,0.6572,808,237,434,DETR,large
e_VT,True,rtdetr-x,86.0,16,5,4,0.4108,0.7322,0.838,0.6465,0.7299,408,116,111,DETR,large
e_VT,False,rtdetr-x,86.0,16,5,4,0.5222,0.8306,0.851,0.7836,0.8159,408,60,125,DETR,large
e_IMU,True,rtdetr-l,45.0,16,5,4,0.3432,0.6864,0.7091,0.6485,0.6774,808,213,436,DETR,small
e_IMU,False,rtdetr-l,45.0,16,5,4,0.3146,0.6361,0.7336,0.5817,0.6489,808,265,328,DETR,small
e_VT,True,rtdetr-l,45.0,16,5,4,0.4506,0.7803,0.7807,0.7242,0.7514,408,89,171,DETR,small
e_VT,False,rtdetr-l,45.0,16,5,4,0.4708,0.805,0.8591,0.7598,0.8064,408,76,105,DETR,small
e_IMU,True,yolo12n,2.6,16,5,4,0.2125,0.5417,0.6493,0.5012,0.5657,808,261,724,YOLOv12,small
e_IMU,False,yolo12n,2.6,16,5,4,0.2861,0.6216,0.7039,0.5354,0.6082,808,293,326,YOLOv12,small
e_VT,True,yolo12n,2.6,16,5,4,0.4303,0.7375,0.7859,0.6388,0.7047,408,155,54,YOLOv12,small
e_VT,False,yolo12n,2.6,16,5,4,0.5123,0.8564,0.8725,0.7696,0.8178,408,64,112,YOLOv12,small
e_IMU,True,yolo11n,2.6,16,5,4,0.2583,0.5966,0.6793,0.5504,0.6081,808,249,624,YOLOv11,small
e_IMU,False,yolo11n,2.6,16,5,4,0.309,0.661,0.7674,0.5458,0.6379,808,260,354,YOLOv11,small
e_VT,True,yolo11n,2.6,16,5,4,0.4348,0.7527,0.7996,0.6747,0.7319,408,130,65,YOLOv11,small
e_VT,False,yolo11n,2.6,16,5,4,0.5166,0.817,0.862,0.723,0.7864,408,105,51,YOLOv11,small
e_IMU,True,rtdetr-x,86.0,16,5,5,0.3952,0.7381,0.8206,0.6572,0.7298,808,174,400,DETR,large
e_IMU,False,rtdetr-x,86.0,16,5,5,0.4237,0.7835,0.7852,0.7285,0.7558,808,119,546,DETR,large
e_VT,True,rtdetr-x,86.0,16,5,5,0.4331,0.787,0.8062,0.7402,0.7718,408,86,121,DETR,large
e_VT,False,rtdetr-x,86.0,16,5,5,0.5067,0.8378,0.8239,0.7912,0.8072,408,62,155,DETR,large
e_IMU,True,rtdetr-l,45.0,16,5,5,0.3984,0.7345,0.7546,0.6881,0.7198,808,203,281,DETR,small
e_IMU,False,rtdetr-l,45.0,16,5,5,0.3996,0.7398,0.7719,0.6869,0.7269,808,160,515,DETR,small
e_VT,True,rtdetr-l,45.0,16,5,5,0.4284,0.7596,0.8682,0.6446,0.7399,408,106,107,DETR,small
e_VT,False,rtdetr-l,45.0,16,5,5,0.4839,0.8174,0.7951,0.7134,0.752,408,41,563,DETR,small
e_IMU,True,yolo12n,2.6,16,5,5,0.3801,0.6944,0.7314,0.6213,0.6719,808,290,168,YOLOv12,small
e_IMU,False,yolo12n,2.6,16,5,5,0.3936,0.7167,0.7999,0.5888,0.6783,808,279,191,YOLOv12,small
e_VT,True,yolo12n,2.6,16,5,5,0.4081,0.7364,0.7362,0.6814,0.7077,408,127,80,YOLOv12,small
e_VT,False,yolo12n,2.6,16,5,5,0.471,0.8014,0.7891,0.7061,0.7453,408,89,142,YOLOv12,small
e_IMU,True,yolo11n,2.6,16,5,5,0.3903,0.7096,0.7603,0.6084,0.6759,808,315,138,YOLOv11,small
e_IMU,False,yolo11n,2.6,16,5,5,0.383,0.7017,0.7137,0.6078,0.6565,808,341,125,YOLOv11,small
e_VT,True,yolo11n,2.6,16,5,5,0.409,0.7645,0.7592,0.6765,0.7155,408,98,175,YOLOv11,small
e_VT,False,yolo11n,2.6,16,5,5,0.4989,0.8481,0.8368,0.7668,0.8003,408,67,135,YOLOv11,small
e_IMU,True,rtdetr-x,86.0,16,5,6,0.3969,0.7452,0.7768,0.6795,0.7249,808,179,295,DETR,large
e_IMU,False,rtdetr-x,86.0,16,5,6,0.407,0.7909,0.85,0.6931,0.7636,808,132,453,DETR,large
e_VT,True,rtdetr-x,86.0,16,5,6,0.4532,0.7538,0.8272,0.6961,0.756,408,116,92,DETR,large
e_VT,False,rtdetr-x,86.0,16,5,6,0.5089,0.8265,0.816,0.7525,0.783,408,52,322,DETR,large
e_IMU,True,rtdetr-l,45.0,16,5,6,0.3616,0.6919,0.7626,0.6151,0.6809,808,171,931,DETR,small
e_IMU,False,rtdetr-l,45.0,16,5,6,0.431,0.7767,0.7951,0.6881,0.7378,808,179,313,DETR,small
e_VT,True,rtdetr-l,45.0,16,5,6,0.4588,0.7715,0.8076,0.6838,0.7406,408,83,200,DETR,small
e_VT,False,rtdetr-l,45.0,16,5,6,0.5171,0.8375,0.7906,0.7679,0.7791,408,45,254,DETR,small
e_IMU,True,yolo12n,2.6,16,5,6,0.3019,0.6464,0.698,0.5864,0.6374,808,210,745,YOLOv12,small
e_IMU,False,yolo12n,2.6,16,5,6,0.3671,0.7282,0.7553,0.6473,0.6971,808,239,209,YOLOv12,small
e_VT,True,yolo12n,2.6,16,5,6,0.366,0.6649,0.6726,0.6397,0.6557,408,144,125,YOLOv12,small
e_VT,False,yolo12n,2.6,16,5,6,0.4644,0.774,0.8447,0.6446,0.7312,408,139,56,YOLOv12,small
e_IMU,True,yolo11n,2.6,16,5,6,0.3109,0.6703,0.7694,0.5594,0.6478,808,255,324,YOLOv11,small
e_IMU,False,yolo11n,2.6,16,5,6,0.3466,0.7274,0.8018,0.6176,0.6977,808,220,317,YOLOv11,small
e_VT,True,yolo11n,2.6,16,5,6,0.4187,0.7263,0.7671,0.6378,0.6965,408,161,51,YOLOv11,small
e_VT,False,yolo11n,2.6,16,5,6,0.4793,0.7983,0.8689,0.6569,0.7482,408,136,50,YOLOv11,small
e_IMU,True,rtdetr-x,86.0,16,5,7,0.3989,0.7247,0.833,0.6238,0.7133,808,207,346,DETR,large
e_IMU,False,rtdetr-x,86.0,16,5,7,0.4123,0.7612,0.7874,0.6969,0.7394,808,162,322,DETR,large
e_VT,True,rtdetr-x,86.0,16,5,7,0.3544,0.6693,0.7569,0.6103,0.6758,408,163,66,DETR,large
e_VT,False,rtdetr-x,86.0,16,5,7,0.4945,0.8279,0.8154,0.7647,0.7892,408,66,127,DETR,large
e_IMU,True,rtdetr-l,45.0,16,5,7,0.4073,0.7459,0.743,0.7092,0.7257,808,157,450,DETR,small
e_IMU,False,rtdetr-l,45.0,16,5,7,0.4017,0.7653,0.8544,0.6391,0.7312,808,165,365,DETR,small
e_VT,True,rtdetr-l,45.0,16,5,7,0.4247,0.7741,0.8747,0.6201,0.7257,408,50,555,DETR,small
e_VT,False,rtdetr-l,45.0,16,5,7,0.5043,0.8491,0.8107,0.7558,0.7823,408,52,220,DETR,small
e_IMU,True,yolo12n,2.6,16,5,7,0.3506,0.6597,0.7453,0.5685,0.645,808,336,128,YOLOv12,small
e_IMU,False,yolo12n,2.6,16,5,7,0.3602,0.6867,0.8106,0.5359,0.6452,808,296,202,YOLOv12,small
e_VT,True,yolo12n,2.6,16,5,7,0.3362,0.6487,0.6643,0.6201,0.6414,408,167,87,YOLOv12,small
e_VT,False,yolo12n,2.6,16,5,7,0.4742,0.8205,0.8037,0.7279,0.7639,408,71,186,YOLOv12,small
e_IMU,True,yolo11n,2.6,16,5,7,0.3444,0.6522,0.7454,0.573,0.6479,808,366,101,YOLOv11,small
e_IMU,False,yolo11n,2.6,16,5,7,0.3839,0.724,0.7897,0.6213,0.6954,808,244,215,YOLOv11,small
e_VT,True,yolo11n,2.6,16,5,7,0.3832,0.7432,0.8394,0.625,0.7165,408,97,208,YOLOv11,small
e_VT,False,yolo11n,2.6,16,5,7,0.464,0.8012,0.7565,0.7385,0.7474,408,71,186,YOLOv11,small
e_IMU,True,rtdetr-x,86.0,16,5,8,0.3919,0.7409,0.7874,0.7059,0.7445,808,182,316,DETR,large
e_IMU,False,rtdetr-x,86.0,16,5,8,0.3856,0.764,0.7715,0.729,0.7496,808,166,311,DETR,large
e_VT,True,rtdetr-x,86.0,16,5,8,0.4197,0.7597,0.8498,0.6789,0.7548,408,86,229,DETR,large
e_VT,False,rtdetr-x,86.0,16,5,8,0.5049,0.8257,0.8522,0.7207,0.7809,408,85,98,DETR,large
e_IMU,True,rtdetr-l,45.0,16,5,8,0.4083,0.7448,0.7699,0.6876,0.7264,808,99,1806,DETR,small
e_IMU,False,rtdetr-l,45.0,16,5,8,0.3767,0.7324,0.7538,0.6683,0.7085,808,167,449,DETR,small
e_VT,True,rtdetr-l,45.0,16,5,8,0.4257,0.7306,0.8198,0.6716,0.7383,408,113,76,DETR,small
e_VT,False,rtdetr-l,45.0,16,5,8,0.4745,0.7901,0.7986,0.7451,0.7709,408,79,130,DETR,small
e_IMU,True,yolo12n,2.6,16,5,8,0.3279,0.6521,0.6448,0.5863,0.6141,808,315,237,YOLOv12,small
e_IMU,False,yolo12n,2.6,16,5,8,0.3775,0.7105,0.7551,0.6069,0.673,808,275,214,YOLOv12,small
e_VT,True,yolo12n,2.6,16,5,8,0.4074,0.7295,0.8077,0.6225,0.7032,408,147,75,YOLOv12,small
e_VT,False,yolo12n,2.6,16,5,8,0.5049,0.7976,0.8076,0.6887,0.7434,408,130,49,YOLOv12,small
e_IMU,True,yolo11n,2.6,16,5,8,0.3383,0.6934,0.8009,0.5974,0.6843,808,243,282,YOLOv11,small
e_IMU,False,yolo11n,2.6,16,5,8,0.3765,0.7276,0.799,0.625,0.7014,808,212,339,YOLOv11,small
e_VT,True,yolo11n,2.6,16,5,8,0.4246,0.7229,0.7475,0.6446,0.6923,408,142,75,YOLOv11,small
e_VT,False,yolo11n,2.6,16,5,8,0.4956,0.8324,0.8503,0.7255,0.7829,408,90,92,YOLOv11,small
e_IMU,True,rtdetr-x,86.0,16,5,9,0.3334,0.695,0.731,0.6485,0.6873,808,194,403,DETR,large
e_IMU,False,rtdetr-x,86.0,16,5,9,0.3378,0.7475,0.7573,0.7067,0.7311,808,179,336,DETR,large
e_VT,True,rtdetr-x,86.0,16,5,9,0.4356,0.7535,0.8046,0.6863,0.7407,408,92,212,DETR,large
e_VT,False,rtdetr-x,86.0,16,5,9,0.484,0.8264,0.7997,0.7574,0.7779,408,37,536,DETR,large
e_IMU,True,rtdetr-l,45.0,16,5,9,0.3481,0.7486,0.7508,0.6906,0.7194,808,144,489,DETR,small
e_IMU,False,rtdetr-l,45.0,16,5,9,0.3732,0.7534,0.756,0.7166,0.7358,808,170,323,DETR,small
e_VT,True,rtdetr-l,45.0,16,5,9,0.4237,0.7629,0.845,0.695,0.7627,408,86,196,DETR,small
e_VT,False,rtdetr-l,45.0,16,5,9,0.5164,0.8337,0.8302,0.7188,0.7705,408,51,316,DETR,small
e_IMU,True,yolo12n,2.6,16,5,9,0.28,0.6211,0.6556,0.6176,0.636,808,247,337,YOLOv12,small
e_IMU,False,yolo12n,2.6,16,5,9,0.3212,0.653,0.7123,0.5656,0.6305,808,295,191,YOLOv12,small
e_VT,True,yolo12n,2.6,16,5,9,0.3963,0.7226,0.7534,0.6593,0.7032,408,134,78,YOLOv12,small
e_VT,False,yolo12n,2.6,16,5,9,0.4846,0.8109,0.8047,0.7328,0.7671,408,107,73,YOLOv12,small
e_IMU,True,yolo11n,2.6,16,5,9,0.3004,0.6934,0.715,0.6238,0.6663,808,255,226,YOLOv11,small
e_IMU,False,yolo11n,2.6,16,5,9,0.3248,0.6766,0.7096,0.5897,0.6441,808,334,130,YOLOv11,small
e_VT,True,yolo11n,2.6,16,5,9,0.3757,0.7332,0.7797,0.6961,0.7355,408,75,391,YOLOv11,small
e_VT,False,yolo11n,2.6,16,5,9,0.4822,0.8175,0.8013,0.7377,0.7682,408,116,60,YOLOv11,small
e_IMU,True,rtdetr-x,86.0,16,5,10,0.419,0.7623,0.8253,0.7092,0.7628,808,97,1707,DETR,large
e_IMU,False,rtdetr-x,86.0,16,5,10,0.414,0.7825,0.8426,0.7054,0.7679,808,146,413,DETR,large
e_VT,True,rtdetr-x,86.0,16,5,10,0.4512,0.7601,0.8322,0.7174,0.7706,408,103,98,DETR,large
e_VT,False,rtdetr-x,86.0,16,5,10,0.4926,0.829,0.8319,0.7397,0.7831,408,57,230,DETR,large
e_IMU,True,rtdetr-l,45.0,16,5,10,0.3148,0.6102,0.7368,0.5421,0.6246,808,230,852,DETR,small
e_IMU,False,rtdetr-l,45.0,16,5,10,0.3942,0.7405,0.8021,0.6522,0.7194,808,160,459,DETR,small
e_VT,True,rtdetr-l,45.0,16,5,10,0.4091,0.7325,0.8119,0.6772,0.7385,408,131,51,DETR,small
e_VT,False,rtdetr-l,45.0,16,5,10,0.4695,0.8188,0.7659,0.7698,0.7678,408,34,671,DETR,small
e_IMU,True,yolo12n,2.6,16,5,10,0.3131,0.6421,0.7082,0.5668,0.6297,808,255,420,YOLOv12,small
e_IMU,False,yolo12n,2.6,16,5,10,0.3628,0.6971,0.7516,0.5965,0.6651,808,258,295,YOLOv12,small
e_VT,True,yolo12n,2.6,16,5,10,0.3942,0.7234,0.7861,0.625,0.6963,408,133,94,YOLOv12,small
e_VT,False,yolo12n,2.6,16,5,10,0.489,0.8306,0.8193,0.6888,0.7484,408,82,148,YOLOv12,small
e_IMU,True,yolo11n,2.6,16,5,10,0.3487,0.6608,0.6847,0.5879,0.6326,808,353,171,YOLOv11,small
e_IMU,False,yolo11n,2.6,16,5,10,0.3721,0.7169,0.816,0.5982,0.6903,808,220,362,YOLOv11,small
e_VT,True,yolo11n,2.6,16,5,10,0.4046,0.7288,0.8209,0.652,0.7267,408,125,75,YOLOv11,small
e_VT,False,yolo11n,2.6,16,5,10,0.4948,0.8363,0.7624,0.7941,0.7779,408,57,171,YOLOv11,small
e_IMU,True,rtdetr-x,86.0,16,5,11,0.3992,0.7442,0.7973,0.6621,0.7235,808,121,936,DETR,large
e_IMU,False,rtdetr-x,86.0,16,5,11,0.4082,0.7716,0.8152,0.7104,0.7592,808,139,563,DETR,large
e_IMU,True,yolo12x,59.1,16,3,1,0.2699,0.5242,0.6294,0.4245,0.507,808,579,63,YOLOv12,large
e_IMU,False,yolo12x,59.1,16,3,1,0.3332,0.6289,0.7061,0.5248,0.6021,808,416,106,YOLOv12,large
e_IMU,True,yolo12x,59.1,64,3,1,0.4823,0.7769,0.8056,0.6821,0.7388,808,244,121,YOLOv12,large
e_IMU,False,yolo12x,59.1,64,3,1,0.5024,0.797,0.8122,0.6918,0.7472,808,234,132,YOLOv12,large
e_IMU,True,yolo12x,59.1,200,3,1,0.5336,0.8547,0.8582,0.7748,0.8143,808,136,175,YOLOv12,large
e_IMU,False,yolo12x,59.1,200,3,1,0.5414,0.8499,0.8496,0.7622,0.8036,808,145,160,YOLOv12,large
e_VT,True,yolo12x,59.1,16,3,1,0.3932,0.6941,0.7674,0.6066,0.6776,408,165,61,YOLOv12,large
e_VT,False,yolo12x,59.1,16,3,1,0.4956,0.7992,0.7997,0.7083,0.7513,408,120,57,YOLOv12,large
e_VT,True,yolo12x,59.1,64,3,1,0.5222,0.8473,0.8336,0.777,0.8043,408,83,73,YOLOv12,large
e_VT,False,yolo12x,59.1,64,3,1,0.5417,0.8732,0.8641,0.7949,0.8281,408,54,102,YOLOv12,large
e_VT,True,yolo12x,59.1,200,3,1,0.622,0.8943,0.8992,0.8162,0.8557,408,70,44,YOLOv12,large
e_VT,False,yolo12x,59.1,200,3,1,0.6452,0.9141,0.8929,0.8784,0.8856,408,47,39,YOLOv12,large
e_IMU,True,yolo11x,56.9,16,3,1,0.2508,0.5151,0.5302,0.4777,0.5026,808,542,82,YOLOv11,large
e_IMU,False,yolo11x,56.9,16,3,1,0.3231,0.6088,0.688,0.5322,0.6001,808,503,71,YOLOv11,large
e_IMU,True,yolo11x,56.9,64,3,1,0.4959,0.7942,0.8194,0.6943,0.7517,808,267,87,YOLOv11,large
e_IMU,False,yolo11x,56.9,64,3,1,0.5031,0.8044,0.8062,0.7157,0.7583,808,221,129,YOLOv11,large
e_IMU,True,yolo11x,56.9,200,3,1,0.5499,0.8637,0.8292,0.7871,0.8076,808,147,126,YOLOv11,large
e_IMU,False,yolo11x,56.9,200,3,1,0.5491,0.8561,0.8211,0.7896,0.8051,808,138,153,YOLOv11,large
e_VT,True,yolo11x,56.9,16,3,1,0.4379,0.7401,0.7806,0.6365,0.7012,408,151,55,YOLOv11,large
e_VT,False,yolo11x,56.9,16,3,1,0.4984,0.8089,0.8676,0.7132,0.7829,408,128,36,YOLOv11,large
e_VT,True,yolo11x,56.9,64,3,1,0.4811,0.8329,0.8487,0.7549,0.799,408,68,126,YOLOv11,large
e_VT,False,yolo11x,56.9,64,3,1,0.5767,0.8946,0.8823,0.8267,0.8536,408,58,67,YOLOv11,large
e_VT,True,yolo11x,56.9,200,3,1,0.6119,0.902,0.9134,0.8526,0.8819,408,53,35,YOLOv11,large
e_VT,False,yolo11x,56.9,200,3,1,0.6331,0.906,0.8832,0.8505,0.8666,408,61,40,YOLOv11,large
e_IMU,True,rtdetr-x,86.0,16,3,1,0.3652,0.74,0.7921,0.6649,0.7229,808,187,342,DETR,large
e_IMU,False,rtdetr-x,86.0,16,3,1,0.3884,0.7592,0.7874,0.7104,0.7469,808,167,313,DETR,large
e_IMU,True,rtdetr-x,86.0,64,3,1,0.4656,0.8163,0.7988,0.7624,0.7801,808,109,543,DETR,large
e_IMU,False,rtdetr-x,86.0,64,3,1,0.4972,0.8463,0.8478,0.776,0.8103,808,91,467,DETR,large
e_IMU,True,rtdetr-x,86.0,200,3,1,0.5297,0.8644,0.8487,0.7773,0.8114,808,80,491,DETR,large
e_IMU,False,rtdetr-x,86.0,200,3,1,0.5083,0.8492,0.8982,0.7413,0.8123,808,89,688,DETR,large
e_VT,True,rtdetr-x,86.0,16,3,1,0.4183,0.7298,0.7645,0.6961,0.7287,408,107,99,DETR,large
e_VT,False,rtdetr-x,86.0,16,3,1,0.4896,0.8066,0.7945,0.777,0.7857,408,61,166,DETR,large
e_VT,True,rtdetr-x,86.0,64,3,1,0.4057,0.7269,0.8186,0.6422,0.7197,408,111,159,DETR,large
e_VT,False,rtdetr-x,86.0,64,3,1,0.5166,0.8431,0.8279,0.7696,0.7977,408,25,687,DETR,large
e_VT,True,rtdetr-x,86.0,200,3,1,0.5825,0.8998,0.8744,0.8775,0.8759,408,33,184,DETR,large
e_VT,False,rtdetr-x,86.0,200,3,1,0.61,0.9142,0.937,0.7917,0.8582,408,47,91,DETR,large
e_IMU,True,rtdetr-l,45.0,16,3,1,0.3874,0.6751,0.7243,0.6324,0.6753,808,171,1185,DETR,small
e_IMU,False,rtdetr-l,45.0,16,3,1,0.3492,0.6994,0.8087,0.6027,0.6907,808,284,164,DETR,small
e_IMU,True,rtdetr-l,45.0,64,3,1,0.4675,0.8368,0.8646,0.751,0.8038,808,129,292,DETR,small
e_IMU,False,rtdetr-l,45.0,64,3,1,0.4373,0.7759,0.8058,0.6968,0.7474,808,130,603,DETR,small
e_IMU,True,rtdetr-l,45.0,200,3,1,0.5141,0.8689,0.9025,0.7673,0.8294,808,98,347,DETR,small
e_IMU,False,rtdetr-l,45.0,200,3,1,0.5214,0.8573,0.8764,0.771,0.8204,808,85,531,DETR,small
e_VT,True,rtdetr-l,45.0,16,3,1,0.452,0.8043,0.8106,0.7132,0.7588,408,63,246,DETR,small
e_VT,False,rtdetr-l,45.0,16,3,1,0.5278,0.8399,0.8342,0.7353,0.7816,408,43,363,DETR,small
e_VT,True,rtdetr-l,45.0,64,3,1,0.5018,0.8124,0.8079,0.7917,0.7997,408,64,134,DETR,small
e_VT,False,rtdetr-l,45.0,64,3,1,0.558,0.8764,0.8345,0.7909,0.8121,408,38,204,DETR,small
e_VT,True,rtdetr-l,45.0,200,3,1,0.5867,0.8989,0.8949,0.8407,0.8669,408,45,95,DETR,small
e_VT,False,rtdetr-l,45.0,200,3,1,0.5894,0.9081,0.8628,0.8407,0.8516,408,35,166,DETR,small
e_IMU,True,yolo12n,2.6,16,3,1,0.3198,0.6442,0.6604,0.5755,0.615,808,340,171,YOLOv12,small
e_IMU,False,yolo12n,2.6,16,3,1,0.369,0.7234,0.7629,0.62,0.6841,808,236,225,YOLOv12,small
e_IMU,True,yolo12n,2.6,64,3,1,0.4418,0.7792,0.8101,0.6881,0.7441,808,223,161,YOLOv12,small
e_IMU,False,yolo12n,2.6,64,3,1,0.4305,0.795,0.8467,0.7104,0.7726,808,164,258,YOLOv12,small
e_IMU,True,yolo12n,2.6,200,3,1,0.4967,0.8657,0.8909,0.7681,0.8249,808,108,288,YOLOv12,small
e_IMU,False,yolo12n,2.6,200,3,1,0.5037,0.8604,0.8448,0.7677,0.8044,808,102,326,YOLOv12,small
e_VT,True,yolo12n,2.6,16,3,1,0.4129,0.7094,0.7252,0.6152,0.6657,408,147,86,YOLOv12,small
e_VT,False,yolo12n,2.6,16,3,1,0.4919,0.8394,0.8324,0.7868,0.8089,408,67,96,YOLOv12,small
e_VT,True,yolo12n,2.6,64,3,1,0.4794,0.8209,0.847,0.7328,0.7858,408,67,139,YOLOv12,small
e_VT,False,yolo12n,2.6,64,3,1,0.551,0.88,0.8735,0.8126,0.8419,408,60,80,YOLOv12,small
e_VT,True,yolo12n,2.6,200,3,1,0.5681,0.8878,0.8748,0.8049,0.8384,408,56,90,YOLOv12,small
e_VT,False,yolo12n,2.6,200,3,1,0.5998,0.9171,0.8666,0.8627,0.8647,408,38,89,YOLOv12,small
e_IMU,True,yolo11n,2.6,16,3,1,0.3441,0.6565,0.7128,0.556,0.6247,808,349,157,YOLOv11,small
e_IMU,False,yolo11n,2.6,16,3,1,0.3678,0.7183,0.7761,0.6092,0.6826,808,244,250,YOLOv11,small
e_IMU,True,yolo11n,2.6,64,3,1,0.4478,0.7838,0.8673,0.6473,0.7413,808,207,206,YOLOv11,small
e_IMU,False,yolo11n,2.6,64,3,1,0.4554,0.7904,0.8121,0.6819,0.7414,808,202,189,YOLOv11,small
e_IMU,True,yolo11n,2.6,200,3,1,0.4888,0.8395,0.8851,0.7339,0.8024,808,136,230,YOLOv11,small
e_IMU,False,yolo11n,2.6,200,3,1,0.5027,0.8568,0.8939,0.7512,0.8164,808,123,233,YOLOv11,small
e_VT,True,yolo11n,2.6,16,3,1,0.4414,0.7719,0.7931,0.6691,0.7259,408,130,65,YOLOv11,small
e_VT,False,yolo11n,2.6,16,3,1,0.505,0.8401,0.8243,0.7358,0.7776,408,71,146,YOLOv11,small
e_VT,True,yolo11n,2.6,64,3,1,0.5124,0.8528,0.832,0.7768,0.8035,408,61,134,YOLOv11,small
e_VT,False,yolo11n,2.6,64,3,1,0.5435,0.8709,0.8693,0.7827,0.8237,408,57,90,YOLOv11,small
e_VT,True,yolo11n,2.6,200,3,1,0.6139,0.9025,0.8855,0.8528,0.8688,408,53,47,YOLOv11,small
e_VT,False,yolo11n,2.6,200,3,1,0.615,0.9222,0.9053,0.8456,0.8744,408,51,61,YOLOv11,small
e_IMU,True,yolo12x,59.1,16,3,2,0.3416,0.6853,0.7281,0.6089,0.6632,808,297,177,YOLOv12,large
e_IMU,False,yolo12x,59.1,16,3,2,0.3794,0.6946,0.7336,0.599,0.6595,808,318,139,YOLOv12,large
e_IMU,True,yolo12x,59.1,64,3,2,0.4725,0.7994,0.7689,0.7104,0.7385,808,214,174,YOLOv12,large
e_IMU,False,yolo12x,59.1,64,3,2,0.4726,0.801,0.828,0.709,0.7639,808,174,212,YOLOv12,large
e_IMU,True,yolo12x,59.1,200,3,2,0.4958,0.8518,0.8938,0.75,0.8156,808,115,230,YOLOv12,large
e_IMU,False,yolo12x,59.1,200,3,2,0.5177,0.8745,0.8895,0.7769,0.8294,808,105,238,YOLOv12,large
e_VT,True,yolo12x,59.1,16,3,2,0.3674,0.6719,0.7704,0.5591,0.648,408,197,39,YOLOv12,large
e_VT,False,yolo12x,59.1,16,3,2,0.4982,0.8225,0.849,0.7574,0.8006,408,82,93,YOLOv12,large
e_VT,True,yolo12x,59.1,64,3,2,0.5227,0.827,0.883,0.7402,0.8053,408,86,73,YOLOv12,large
e_VT,False,yolo12x,59.1,64,3,2,0.5742,0.8751,0.8802,0.7923,0.834,408,94,35,YOLOv12,large
e_VT,True,yolo12x,59.1,200,3,2,0.6162,0.9031,0.854,0.8554,0.8547,408,53,56,YOLOv12,large
e_VT,False,yolo12x,59.1,200,3,2,0.6329,0.9121,0.8719,0.8676,0.8698,408,48,54,YOLOv12,large
e_IMU,True,yolo11x,56.9,16,3,2,0.3433,0.6638,0.6817,0.5752,0.624,808,374,137,YOLOv11,large
e_IMU,False,yolo11x,56.9,16,3,2,0.4034,0.7512,0.7772,0.625,0.6928,808,243,209,YOLOv11,large
e_IMU,True,yolo11x,56.9,64,3,2,0.4662,0.777,0.841,0.6285,0.7194,808,231,174,YOLOv11,large
e_IMU,False,yolo11x,56.9,64,3,2,0.4813,0.8031,0.8002,0.7141,0.7547,808,182,205,YOLOv11,large
e_IMU,True,yolo11x,56.9,200,3,2,0.5002,0.8561,0.8979,0.7618,0.8243,808,116,275,YOLOv11,large
e_IMU,False,yolo11x,56.9,200,3,2,0.505,0.8478,0.8704,0.7587,0.8107,808,135,211,YOLOv11,large
e_VT,True,yolo11x,56.9,16,3,2,0.4067,0.7009,0.804,0.5784,0.6728,408,166,62,YOLOv11,large
e_VT,False,yolo11x,56.9,16,3,2,0.5233,0.8268,0.822,0.7402,0.779,408,98,79,YOLOv11,large
e_VT,True,yolo11x,56.9,64,3,2,0.5334,0.8465,0.8415,0.7696,0.8039,408,90,64,YOLOv11,large
e_VT,False,yolo11x,56.9,64,3,2,0.563,0.8703,0.889,0.7654,0.8226,408,87,43,YOLOv11,large
e_VT,True,yolo11x,56.9,200,3,2,0.6327,0.9074,0.8893,0.8467,0.8675,408,55,56,YOLOv11,large
e_VT,False,yolo11x,56.9,200,3,2,0.6252,0.9072,0.8784,0.8501,0.864,408,55,50,YOLOv11,large
e_IMU,True,rtdetr-x,86.0,16,3,2,0.3882,0.7276,0.736,0.6819,0.7079,808,194,309,DETR,large
e_IMU,False,rtdetr-x,86.0,16,3,2,0.4056,0.79,0.7894,0.7166,0.7512,808,108,659,DETR,large
e_IMU,True,rtdetr-x,86.0,64,3,2,0.4569,0.7898,0.8498,0.6918,0.7627,808,151,311,DETR,large
e_IMU,False,rtdetr-x,86.0,64,3,2,0.4598,0.8018,0.846,0.7343,0.7862,808,145,367,DETR,large
e_IMU,True,rtdetr-x,86.0,200,3,2,0.5493,0.8724,0.9073,0.7753,0.8361,808,85,498,DETR,large
e_IMU,False,rtdetr-x,86.0,200,3,2,0.5344,0.8742,0.9037,0.7723,0.8328,808,71,439,DETR,large
e_VT,True,rtdetr-x,86.0,16,3,2,0.4391,0.7721,0.7938,0.7181,0.7541,408,75,283,DETR,large
e_VT,False,rtdetr-x,86.0,16,3,2,0.5181,0.8432,0.8462,0.7279,0.7826,408,41,309,DETR,large
e_VT,True,rtdetr-x,86.0,64,3,2,0.522,0.8295,0.8327,0.7684,0.7993,408,54,267,DETR,large
e_IMU,True,yolo12x,59.1,16,1,1,0.3658,0.6768,0.7347,0.5879,0.6531,808,352,110,YOLOv12,large
e_IMU,False,yolo12x,59.1,16,1,1,0.4092,0.7374,0.7451,0.6448,0.6913,808,288,153,YOLOv12,large
e_IMU,True,yolo12x,59.1,64,1,1,0.5005,0.8123,0.8005,0.7314,0.7644,808,225,107,YOLOv12,large
e_IMU,False,yolo12x,59.1,64,1,1,0.5138,0.8396,0.8118,0.7661,0.7883,808,158,161,YOLOv12,large
e_IMU,True,yolo12x,59.1,200,1,1,0.5074,0.8565,0.8799,0.7707,0.8217,808,112,301,YOLOv12,large
e_IMU,False,yolo12x,59.1,200,1,1,0.5049,0.8565,0.8937,0.7475,0.8141,808,99,272,YOLOv12,large
e_VT,True,yolo12x,59.1,16,1,1,0.3941,0.6761,0.7415,0.5343,0.6211,408,212,35,YOLOv12,large
e_VT,False,yolo12x,59.1,16,1,1,0.4795,0.8311,0.7968,0.7647,0.7804,408,65,172,YOLOv12,large
e_VT,True,yolo12x,59.1,64,1,1,0.5462,0.8412,0.8714,0.7304,0.7947,408,125,29,YOLOv12,large
e_VT,False,yolo12x,59.1,64,1,1,0.5563,0.8605,0.8802,0.7696,0.8212,408,89,58,YOLOv12,large
e_VT,True,yolo12x,59.1,200,1,1,0.6184,0.9017,0.8913,0.8444,0.8672,408,57,47,YOLOv12,large
e_VT,False,yolo12x,59.1,200,1,1,0.6186,0.9008,0.8693,0.8505,0.8598,408,51,51,YOLOv12,large
e_IMU,True,yolo11x,56.9,16,1,1,0.347,0.6444,0.7546,0.5213,0.6166,808,383,111,YOLOv11,large
e_IMU,False,yolo11x,56.9,16,1,1,0.3865,0.745,0.8049,0.6423,0.7145,808,170,414,YOLOv11,large
e_IMU,True,yolo11x,56.9,64,1,1,0.5064,0.816,0.8324,0.7054,0.7637,808,240,90,YOLOv11,large
e_IMU,False,yolo11x,56.9,64,1,1,0.5067,0.8388,0.8068,0.7809,0.7937,808,152,171,YOLOv11,large
e_IMU,True,yolo11x,56.9,200,1,1,0.5522,0.8564,0.8386,0.778,0.8072,808,144,152,YOLOv11,large
e_IMU,False,yolo11x,56.9,200,1,1,0.5022,0.8494,0.8768,0.7624,0.8156,808,127,255,YOLOv11,large
e_VT,True,yolo11x,56.9,16,1,1,0.3806,0.717,0.7272,0.6495,0.6862,408,140,83,YOLOv11,large
e_VT,False,yolo11x,56.9,16,1,1,0.5094,0.8291,0.8781,0.7065,0.783,408,96,77,YOLOv11,large
e_VT,True,yolo11x,56.9,64,1,1,0.5406,0.8523,0.8738,0.7803,0.8244,408,108,34,YOLOv11,large
e_VT,False,yolo11x,56.9,64,1,1,0.5488,0.8757,0.8517,0.8015,0.8258,408,43,158,YOLOv11,large
e_VT,True,yolo11x,56.9,200,1,1,0.6202,0.8999,0.8608,0.8488,0.8548,408,61,51,YOLOv11,large
e_VT,False,yolo11x,56.9,200,1,1,0.6086,0.9068,0.8887,0.8456,0.8666,408,49,59,YOLOv11,large
e_IMU,True,rtdetr-x,86.0,64,1,1,0.3981,0.7319,0.8005,0.6559,0.7211,808,172,496,DETR,large
e_IMU,False,rtdetr-x,86.0,64,1,1,0.4821,0.8342,0.8121,0.7916,0.8017,808,102,389,DETR,large
e_IMU,True,rtdetr-x,86.0,200,1,1,0.5156,0.8573,0.8488,0.8057,0.8267,808,91,313,DETR,large
e_IMU,False,rtdetr-x,86.0,200,1,1,0.5224,0.8647,0.8857,0.7768,0.8277,808,81,381,DETR,large
e_VT,True,rtdetr-x,86.0,64,1,1,0.5149,0.8323,0.8843,0.7328,0.8015,408,57,276,DETR,large
e_VT,False,rtdetr-x,86.0,64,1,1,0.5609,0.8719,0.8825,0.7696,0.8222,408,43,201,DETR,large
e_VT,True,rtdetr-x,86.0,200,1,1,0.555,0.8655,0.8351,0.8088,0.8218,408,48,166,DETR,large
e_VT,False,rtdetr-x,86.0,200,1,1,0.5915,0.8997,0.8091,0.8652,0.8362,408,20,359,DETR,large
e_IMU,True,rtdetr-l,45.0,64,1,1,0.4757,0.838,0.8175,0.802,0.8097,808,98,433,DETR,small
e_IMU,False,rtdetr-l,45.0,64,1,1,0.4764,0.8387,0.8139,0.7686,0.7906,808,84,620,DETR,small
e_IMU,True,rtdetr-l,45.0,200,1,1,0.533,0.8731,0.883,0.8032,0.8412,808,76,436,DETR,small
e_IMU,False,rtdetr-l,45.0,200,1,1,0.5258,0.8697,0.8804,0.7562,0.8136,808,78,380,DETR,small
e_VT,True,rtdetr-l,45.0,64,1,1,0.5192,0.8394,0.8411,0.7941,0.8169,408,64,88,DETR,small
e_VT,False,rtdetr-l,45.0,64,1,1,0.562,0.8923,0.8888,0.8064,0.8456,408,47,133,DETR,small
e_VT,True,rtdetr-l,45.0,200,1,1,0.5755,0.8734,0.8725,0.8051,0.8375,408,40,195,DETR,small
e_VT,False,rtdetr-l,45.0,200,1,1,0.5837,0.9005,0.8843,0.8211,0.8515,408,38,125,DETR,small
e_IMU,True,yolo12n,2.6,64,1,1,0.4302,0.776,0.8048,0.7203,0.7602,808,181,243,YOLOv12,small
e_IMU,False,yolo12n,2.6,64,1,1,0.4478,0.8266,0.8582,0.7265,0.7868,808,145,269,YOLOv12,small
e_IMU,True,yolo12n,2.6,200,1,1,0.4702,0.8283,0.8828,0.7413,0.8059,808,126,278,YOLOv12,small
e_IMU,False,yolo12n,2.6,200,1,1,0.478,0.846,0.8849,0.7116,0.7889,808,116,320,YOLOv12,small
e_VT,True,yolo12n,2.6,64,1,1,0.5144,0.822,0.8346,0.7353,0.7818,408,100,57,YOLOv12,small
e_VT,False,yolo12n,2.6,64,1,1,0.5555,0.8803,0.907,0.7721,0.8341,408,65,96,YOLOv12,small
e_VT,True,yolo12n,2.6,200,1,1,0.5682,0.875,0.885,0.7917,0.8358,408,65,72,YOLOv12,small
e_VT,False,yolo12n,2.6,200,1,1,0.6029,0.8876,0.8893,0.8272,0.8571,408,62,53,YOLOv12,small
e_IMU,True,yolo11n,2.6,64,1,1,0.4674,0.8012,0.8133,0.701,0.753,808,203,166,YOLOv11,small
e_IMU,False,yolo11n,2.6,64,1,1,0.4345,0.7918,0.8263,0.7007,0.7584,808,171,227,YOLOv11,small
e_IMU,True,yolo11n,2.6,200,1,1,0.4965,0.8308,0.8596,0.7201,0.7837,808,162,196,YOLOv11,small
e_IMU,False,yolo11n,2.6,200,1,1,0.5111,0.8531,0.8925,0.7396,0.8089,808,127,241,YOLOv11,small
e_VT,True,yolo11n,2.6,64,1,1,0.4878,0.8236,0.8564,0.7304,0.7884,408,99,67,YOLOv11,small
e_VT,False,yolo11n,2.6,64,1,1,0.5375,0.8779,0.8304,0.8158,0.823,408,54,140,YOLOv11,small
e_VT,True,yolo11n,2.6,200,1,1,0.5923,0.8956,0.9021,0.8132,0.8553,408,60,53,YOLOv11,small
e_VT,False,yolo11n,2.6,200,1,1,0.5946,0.9114,0.9035,0.8257,0.8628,408,55,55,YOLOv11,small
e_IMU,True,yolo12x,59.1,16,1,2,0.363,0.6203,0.6039,0.5681,0.5855,808,495,79,YOLOv12,large
e_IMU,False,yolo12x,59.1,16,1,2,0.4022,0.7214,0.7832,0.6439,0.7067,808,224,295,YOLOv12,large
e_IMU,True,yolo12x,59.1,64,1,2,0.4783,0.7788,0.7834,0.6894,0.7334,808,235,133,YOLOv12,large
e_IMU,False,yolo12x,59.1,64,1,2,0.487,0.8131,0.776,0.7504,0.763,808,188,155,YOLOv12,large
e_IMU,True,yolo12x,59.1,200,1,2,0.5152,0.8427,0.8678,0.7537,0.8067,808,158,171,YOLOv12,large
e_IMU,False,yolo12x,59.1,200,1,2,0.4898,0.8303,0.8684,0.7463,0.8027,808,145,221,YOLOv12,large
e_VT,True,yolo12x,59.1,16,1,2,0.3926,0.7073,0.7399,0.6348,0.6833,408,168,68,YOLOv12,large
e_VT,False,yolo12x,59.1,16,1,2,0.5175,0.8392,0.879,0.7426,0.8051,408,78,89,YOLOv12,large
e_VT,True,yolo12x,59.1,64,1,2,0.5523,0.845,0.8219,0.7802,0.8005,408,110,45,YOLOv12,large
e_VT,False,yolo12x,59.1,64,1,2,0.5936,0.8646,0.8583,0.7819,0.8183,408,98,47,YOLOv12,large
e_VT,True,yolo12x,59.1,200,1,2,0.6231,0.9041,0.8972,0.8358,0.8654,408,63,38,YOLOv12,large
e_VT,False,yolo12x,59.1,200,1,2,0.6262,0.906,0.9163,0.8321,0.8722,408,57,49,YOLOv12,large
e_IMU,True,yolo11x,56.9,16,1,2,0.3406,0.6303,0.6912,0.5446,0.6092,808,385,136,YOLOv11,large
e_IMU,False,yolo11x,56.9,16,1,2,0.3997,0.7068,0.7401,0.6126,0.6704,808,281,183,YOLOv11,large
e_IMU,True,yolo11x,56.9,64,1,2,0.4876,0.7992,0.7972,0.7166,0.7547,808,231,103,YOLOv11,large
e_IMU,False,yolo11x,56.9,64,1,2,0.5011,0.8005,0.8089,0.7054,0.7536,808,210,123,YOLOv11,large
e_IMU,True,yolo11x,56.9,200,1,2,0.539,0.8571,0.8431,0.7735,0.8068,808,162,132,YOLOv11,large
e_IMU,False,yolo11x,56.9,200,1,2,0.5362,0.8559,0.844,0.777,0.8091,808,149,142,YOLOv11,large
e_VT,True,yolo11x,56.9,16,1,2,0.3783,0.7028,0.6872,0.6765,0.6818,408,80,310,YOLOv11,large
e_VT,False,yolo11x,56.9,16,1,2,0.5207,0.8366,0.7952,0.7598,0.7771,408,101,69,YOLOv11,large
e_VT,True,yolo11x,56.9,64,1,2,0.5278,0.8379,0.8572,0.7647,0.8083,408,100,47,YOLOv11,large
e_VT,False,yolo11x,56.9,64,1,2,0.5688,0.8361,0.8762,0.7475,0.8068,408,102,42,YOLOv11,large
e_VT,True,yolo11x,56.9,200,1,2,0.628,0.9182,0.9077,0.8529,0.8795,408,56,37,YOLOv11,large
e_VT,False,yolo11x,56.9,200,1,2,0.6268,0.9189,0.9146,0.8505,0.8814,408,57,43,YOLOv11,large
e_IMU,True,rtdetr-x,86.0,16,1,2,0.3673,0.6884,0.8396,0.6091,0.706,808,233,294,DETR,large
e_IMU,False,rtdetr-x,86.0,16,1,2,0.4214,0.7547,0.839,0.6819,0.7524,808,160,409,DETR,large
e_IMU,True,rtdetr-x,86.0,64,1,2,0.4669,0.8127,0.8259,0.7456,0.7837,808,103,856,DETR,large
e_IMU,False,rtdetr-x,86.0,64,1,2,0.4809,0.8449,0.876,0.7432,0.8041,808,97,480,DETR,large
e_IMU,True,rtdetr-x,86.0,200,1,2,0.4984,0.8358,0.8517,0.7466,0.7957,808,119,334,DETR,large
e_IMU,False,rtdetr-x,86.0,200,1,2,0.5337,0.8778,0.8968,0.7852,0.8373,808,79,385,DETR,large
e_VT,True,rtdetr-x,86.0,16,1,2,0.3795,0.6897,0.7859,0.5937,0.6764,408,115,180,DETR,large
e_VT,False,rtdetr-x,86.0,16,1,2,0.4711,0.8076,0.8048,0.7476,0.7751,408,73,134,DETR,large
e_VT,True,rtdetr-x,86.0,64,1,2,0.4765,0.7804,0.828,0.652,0.7295,408,72,328,DETR,large
e_VT,False,rtdetr-x,86.0,64,1,2,0.5307,0.8553,0.884,0.7377,0.8043,408,57,165,DETR,large
e_VT,True,rtdetr-x,86.0,200,1,2,0.5847,0.8987,0.8823,0.8453,0.8634,408,39,119,DETR,large
e_VT,False,rtdetr-x,86.0,200,1,2,0.6057,0.9125,0.8758,0.8471,0.8612,408,32,166,DETR,large
e_IMU,True,rtdetr-l,45.0,16,1,2,0.4332,0.7604,0.8176,0.6877,0.747,808,148,613,DETR,small
e_IMU,False,rtdetr-l,45.0,16,1,2,0.4118,0.7513,0.7941,0.6832,0.7345,808,121,999,DETR,small
e_IMU,True,rtdetr-l,45.0,64,1,2,0.4964,0.8448,0.8729,0.7564,0.8105,808,119,291,DETR,small
e_IMU,False,rtdetr-l,45.0,64,1,2,0.4601,0.7983,0.857,0.7118,0.7777,808,129,477,DETR,small
e_IMU,True,rtdetr-l,45.0,200,1,2,0.5172,0.8574,0.857,0.7834,0.8186,808,89,408,DETR,small
e_IMU,False,rtdetr-l,45.0,200,1,2,0.5088,0.8573,0.8731,0.7587,0.8119,808,80,490,DETR,small
e_VT,True,rtdetr-l,45.0,16,1,2,0.4062,0.7495,0.8098,0.6471,0.7194,408,89,217,DETR,small
e_VT,False,rtdetr-l,45.0,16,1,2,0.4926,0.8264,0.8276,0.7255,0.7732,408,55,244,DETR,small
e_VT,True,rtdetr-l,45.0,64,1,2,0.5358,0.8567,0.8406,0.799,0.8193,408,57,174,DETR,small
e_VT,False,rtdetr-l,45.0,64,1,2,0.5382,0.854,0.8089,0.7677,0.7878,408,55,193,DETR,small
e_VT,True,rtdetr-l,45.0,200,1,2,0.6054,0.916,0.886,0.8382,0.8615,408,38,87,DETR,small
e_VT,False,rtdetr-l,45.0,200,1,2,0.6105,0.9285,0.9005,0.8653,0.8825,408,26,252,DETR,small
e_IMU,True,yolo12n,2.6,16,1,2,0.3347,0.6649,0.7318,0.5767,0.6451,808,294,243,YOLOv12,small
e_IMU,False,yolo12n,2.6,16,1,2,0.3682,0.7078,0.8039,0.5941,0.6832,808,224,327,YOLOv12,small
e_IMU,True,yolo12n,2.6,64,1,2,0.4034,0.7574,0.8106,0.6782,0.7385,808,186,274,YOLOv12,small
e_IMU,False,yolo12n,2.6,64,1,2,0.4525,0.823,0.8682,0.703,0.7769,808,150,273,YOLOv12,small
e_IMU,True,yolo12n,2.6,200,1,2,0.4881,0.8491,0.8702,0.7553,0.8087,808,104,317,YOLOv12,small
e_IMU,False,yolo12n,2.6,200,1,2,0.4902,0.8501,0.8618,0.741,0.7968,808,132,273,YOLOv12,small
e_VT,True,yolo12n,2.6,16,1,2,0.3894,0.6993,0.8031,0.5931,0.6823,408,158,65,YOLOv12,small
e_VT,False,yolo12n,2.6,16,1,2,0.4912,0.81,0.8499,0.7279,0.7842,408,82,122,YOLOv12,small
e_VT,True,yolo12n,2.6,64,1,2,0.5044,0.8354,0.8656,0.7574,0.8078,408,77,107,YOLOv12,small
e_VT,False,yolo12n,2.6,64,1,2,0.5617,0.8685,0.8371,0.8333,0.8352,408,69,64,YOLOv12,small
e_VT,True,yolo12n,2.6,200,1,2,0.5747,0.9098,0.8888,0.848,0.8679,408,42,90,YOLOv12,small
e_VT,False,yolo12n,2.6,200,1,2,0.6066,0.9129,0.8991,0.8382,0.8676,408,51,65,YOLOv12,small
e_IMU,True,yolo11n,2.6,16,1,2,0.3718,0.6963,0.7507,0.5928,0.6625,808,303,168,YOLOv11,small
e_IMU,False,yolo11n,2.6,16,1,2,0.3847,0.7058,0.8161,0.5941,0.6876,808,248,302,YOLOv11,small
e_IMU,True,yolo12x,59.1,16,6,1,0.3186,0.6229,0.7362,0.525,0.613,808,252,611,YOLOv12,large
e_IMU,False,yolo12x,59.1,16,6,1,0.3528,0.6665,0.6788,0.5879,0.6301,808,328,177,YOLOv12,large
e_IMU,True,yolo12x,59.1,64,6,1,0.4723,0.7674,0.77,0.6836,0.7242,808,276,122,YOLOv12,large
e_IMU,False,yolo12x,59.1,64,6,1,0.4507,0.8096,0.8357,0.7364,0.7829,808,132,320,YOLOv12,large
e_IMU,True,yolo12x,59.1,200,6,1,0.5162,0.8391,0.8513,0.7463,0.7953,808,153,166,YOLOv12,large
e_IMU,False,yolo12x,59.1,200,6,1,0.5133,0.8619,0.8762,0.7636,0.816,808,116,246,YOLOv12,large
e_VT,True,yolo12x,59.1,16,6,1,0.3528,0.7175,0.7382,0.6912,0.7139,408,83,256,YOLOv12,large
e_VT,False,yolo12x,59.1,16,6,1,0.4614,0.7614,0.8369,0.5931,0.6942,408,189,27,YOLOv12,large
e_VT,True,yolo12x,59.1,64,6,1,0.5465,0.8277,0.8668,0.7175,0.7851,408,122,35,YOLOv12,large
e_VT,False,yolo12x,59.1,64,6,1,0.5758,0.8784,0.9054,0.7507,0.8208,408,79,58,YOLOv12,large
e_VT,True,yolo12x,59.1,200,6,1,0.6178,0.908,0.8975,0.8372,0.8663,408,57,56,YOLOv12,large
e_VT,False,yolo12x,59.1,200,6,1,0.6413,0.9122,0.8768,0.8652,0.8709,408,50,43,YOLOv12,large
e_IMU,True,yolo11x,56.9,16,6,1,0.2919,0.5874,0.6541,0.5136,0.5754,808,303,372,YOLOv11,large
e_IMU,False,yolo11x,56.9,16,6,1,0.3866,0.7165,0.777,0.6188,0.6889,808,234,301,YOLOv11,large
e_IMU,True,yolo11x,56.9,64,6,1,0.4794,0.8019,0.8059,0.7079,0.7537,808,224,128,YOLOv11,large
e_IMU,False,yolo11x,56.9,64,6,1,0.4882,0.8125,0.8169,0.7288,0.7703,808,174,187,YOLOv11,large
e_IMU,True,yolo11x,56.9,200,6,1,0.5532,0.8557,0.8754,0.7477,0.8065,808,155,130,YOLOv11,large
e_IMU,False,yolo11x,56.9,200,6,1,0.5431,0.8486,0.8235,0.7723,0.7971,808,153,163,YOLOv11,large
e_VT,True,yolo11x,56.9,16,6,1,0.3552,0.6191,0.7367,0.4608,0.567,408,245,36,YOLOv11,large
e_VT,False,yolo11x,56.9,16,6,1,0.518,0.8434,0.8627,0.7181,0.7838,408,82,98,YOLOv11,large
e_VT,True,yolo11x,56.9,64,6,1,0.5417,0.8409,0.856,0.7579,0.804,408,113,39,YOLOv11,large
e_VT,False,yolo11x,56.9,64,6,1,0.5551,0.8575,0.8447,0.7867,0.8147,408,92,54,YOLOv11,large
e_VT,True,yolo11x,56.9,200,6,1,0.6145,0.8959,0.8915,0.8256,0.8573,408,63,38,YOLOv11,large
e_VT,False,yolo11x,56.9,200,6,1,0.6223,0.9016,0.8478,0.848,0.8479,408,60,57,YOLOv11,large
e_IMU,True,rtdetr-x,86.0,64,6,1,0.4528,0.808,0.8368,0.7422,0.7867,808,131,398,DETR,large
e_IMU,False,rtdetr-x,86.0,64,6,1,0.4776,0.8192,0.8528,0.7277,0.7853,808,129,362,DETR,large
e_IMU,True,rtdetr-x,86.0,200,6,1,0.5263,0.8515,0.8718,0.7493,0.8059,808,97,347,DETR,large
e_IMU,False,rtdetr-x,86.0,200,6,1,0.5104,0.8445,0.8666,0.7723,0.8167,808,86,618,DETR,large
e_VT,True,rtdetr-x,86.0,64,6,1,0.5151,0.8037,0.9004,0.7093,0.7935,408,101,59,DETR,large
e_VT,False,rtdetr-x,86.0,64,6,1,0.5423,0.8676,0.8672,0.7623,0.8113,408,31,410,DETR,large
e_VT,True,rtdetr-x,86.0,200,6,1,0.5484,0.8694,0.858,0.7849,0.8199,408,42,171,DETR,large
e_VT,False,rtdetr-x,86.0,200,6,1,0.6036,0.9161,0.8968,0.8305,0.8624,408,27,172,DETR,large
e_IMU,True,rtdetr-l,45.0,64,6,1,0.465,0.8202,0.8537,0.7438,0.795,808,99,861,DETR,small
e_IMU,False,rtdetr-l,45.0,64,6,1,0.4577,0.7999,0.8165,0.7212,0.7659,808,92,1078,DETR,small
e_IMU,True,rtdetr-l,45.0,200,6,1,0.5424,0.8753,0.8822,0.8007,0.8395,808,70,430,DETR,small
e_IMU,False,rtdetr-l,45.0,200,6,1,0.5299,0.869,0.8575,0.7995,0.8275,808,71,401,DETR,small
e_VT,True,rtdetr-l,45.0,64,6,1,0.5121,0.8306,0.8544,0.7647,0.8071,408,67,142,DETR,small
e_VT,False,rtdetr-l,45.0,64,6,1,0.5521,0.8862,0.8663,0.8113,0.8379,408,28,348,DETR,small
e_VT,True,rtdetr-l,45.0,200,6,1,0.5807,0.8906,0.8848,0.8279,0.8554,408,48,103,DETR,small
e_VT,False,rtdetr-l,45.0,200,6,1,0.5907,0.912,0.894,0.8211,0.856,408,32,209,DETR,small
e_IMU,True,yolo12n,2.6,64,6,1,0.4184,0.7718,0.7925,0.7116,0.7499,808,177,290,YOLOv12,small
e_IMU,False,yolo12n,2.6,64,6,1,0.4342,0.7803,0.8233,0.6881,0.7496,808,182,250,YOLOv12,small
e_IMU,True,yolo12n,2.6,200,6,1,0.4956,0.8298,0.8689,0.7379,0.7981,808,155,184,YOLOv12,small
e_IMU,False,yolo12n,2.6,200,6,1,0.4932,0.8508,0.8639,0.7543,0.8054,808,120,278,YOLOv12,small
e_VT,True,yolo12n,2.6,64,6,1,0.5028,0.8348,0.8702,0.772,0.8181,408,88,50,YOLOv12,small
e_VT,False,yolo12n,2.6,64,6,1,0.5271,0.865,0.8291,0.7846,0.8062,408,52,181,YOLOv12,small
e_VT,True,yolo12n,2.6,200,6,1,0.6061,0.8793,0.8832,0.8155,0.848,408,70,49,YOLOv12,small
e_VT,False,yolo12n,2.6,200,6,1,0.5872,0.8802,0.8676,0.8309,0.8489,408,61,58,YOLOv12,small
e_IMU,True,yolo11n,2.6,64,6,1,0.4446,0.7897,0.8658,0.6436,0.7383,808,201,189,YOLOv11,small
e_IMU,False,yolo11n,2.6,64,6,1,0.4261,0.8052,0.8371,0.7067,0.7664,808,144,393,YOLOv11,small
e_IMU,True,yolo11n,2.6,200,6,1,0.4925,0.843,0.8694,0.7426,0.801,808,154,201,YOLOv11,small
e_IMU,False,yolo11n,2.6,200,6,1,0.4953,0.8605,0.8887,0.7636,0.8214,808,122,272,YOLOv11,small
e_VT,True,yolo11n,2.6,64,6,1,0.5393,0.839,0.8371,0.75,0.7912,408,103,51,YOLOv11,small
e_VT,False,yolo11n,2.6,64,6,1,0.5592,0.8873,0.8787,0.817,0.8468,408,65,64,YOLOv11,small
e_VT,True,yolo11n,2.6,200,6,1,0.6096,0.8939,0.8948,0.8358,0.8643,408,60,45,YOLOv11,small
e_VT,False,yolo11n,2.6,200,6,1,0.6033,0.9173,0.9077,0.8309,0.8676,408,44,75,YOLOv11,small
e_IMU,True,yolo12x,59.1,16,6,2,0.3384,0.6374,0.7126,0.5272,0.606,808,408,102,YOLOv12,large
e_IMU,False,yolo12x,59.1,16,6,2,0.4275,0.7609,0.7703,0.698,0.7324,808,253,126,YOLOv12,large
e_IMU,True,yolo12x,59.1,64,6,2,0.457,0.7961,0.7812,0.7071,0.7423,808,248,130,YOLOv12,large
e_IMU,False,yolo12x,59.1,64,6,2,0.4799,0.7928,0.8247,0.6918,0.7524,808,233,111,YOLOv12,large
e_IMU,True,yolo12x,59.1,200,6,2,0.5079,0.8454,0.8482,0.7673,0.8058,808,140,182,YOLOv12,large
e_IMU,False,yolo12x,59.1,200,6,2,0.5138,0.8569,0.9032,0.7508,0.82,808,127,210,YOLOv12,large
e_VT,True,yolo12x,59.1,16,6,2,0.3615,0.6778,0.7835,0.5735,0.6623,408,114,217,YOLOv12,large
e_VT,False,yolo12x,59.1,16,6,2,0.4901,0.7899,0.8267,0.6936,0.7544,408,103,112,YOLOv12,large
e_VT,True,yolo12x,59.1,64,6,2,0.5372,0.8378,0.8608,0.773,0.8146,408,92,44,YOLOv12,large
e_VT,False,yolo12x,59.1,64,6,2,0.5808,0.8805,0.8746,0.8039,0.8378,408,71,58,YOLOv12,large
e_VT,True,yolo12x,59.1,200,6,2,0.61,0.8963,0.8871,0.8086,0.846,408,68,50,YOLOv12,large
e_VT,False,yolo12x,59.1,200,6,2,0.6194,0.9148,0.8848,0.8603,0.8724,408,44,59,YOLOv12,large
e_IMU,True,yolo11x,56.9,16,6,2,0.3632,0.6984,0.7328,0.6179,0.6705,808,313,130,YOLOv11,large
e_IMU,False,yolo11x,56.9,16,6,2,0.4008,0.752,0.7645,0.672,0.7153,808,208,260,YOLOv11,large
e_IMU,True,yolo11x,56.9,64,6,2,0.4679,0.787,0.8058,0.6832,0.7395,808,282,82,YOLOv11,large
e_IMU,False,yolo11x,56.9,64,6,2,0.4972,0.8324,0.7986,0.7686,0.7833,808,168,172,YOLOv11,large
e_IMU,True,yolo11x,56.9,200,6,2,0.5318,0.8377,0.8064,0.7698,0.7877,808,169,128,YOLOv11,large
e_IMU,False,yolo11x,56.9,200,6,2,0.5395,0.856,0.858,0.7479,0.7992,808,154,150,YOLOv11,large
e_VT,True,yolo11x,56.9,16,6,2,0.3523,0.6644,0.7014,0.6054,0.6499,408,83,668,YOLOv11,large
e_VT,False,yolo11x,56.9,16,6,2,0.5057,0.8252,0.8691,0.7162,0.7853,408,99,71,YOLOv11,large
e_VT,True,yolo11x,56.9,64,6,2,0.529,0.8418,0.8541,0.7603,0.8044,408,84,79,YOLOv11,large
e_VT,False,yolo11x,56.9,64,6,2,0.5695,0.8965,0.8655,0.8554,0.8604,408,46,94,YOLOv11,large
e_VT,True,yolo11x,56.9,200,6,2,0.6295,0.9104,0.8832,0.8578,0.8704,408,57,45,YOLOv11,large
e_VT,False,yolo11x,56.9,200,6,2,0.6148,0.9144,0.8897,0.8505,0.8697,408,51,54,YOLOv11,large
e_IMU,True,rtdetr-x,86.0,64,6,2,0.4296,0.7833,0.8377,0.7005,0.763,808,126,698,DETR,large
e_IMU,False,rtdetr-x,86.0,64,6,2,0.4677,0.8382,0.8581,0.7782,0.8162,808,88,503,DETR,large
e_IMU,True,rtdetr-x,86.0,200,6,2,0.5177,0.8521,0.9033,0.7364,0.8114,808,92,486,DETR,large
e_IMU,False,rtdetr-x,86.0,200,6,2,0.5009,0.8464,0.8679,0.755,0.8075,808,77,827,DETR,large
e_VT,True,rtdetr-x,86.0,64,6,2,0.4216,0.7411,0.8102,0.6382,0.714,408,121,106,DETR,large
e_VT,False,rtdetr-x,86.0,64,6,2,0.5599,0.8926,0.8575,0.8137,0.835,408,32,232,DETR,large
e_VT,True,rtdetr-x,86.0,200,6,2,0.5427,0.8737,0.8618,0.7794,0.8185,408,31,395,DETR,large
e_VT,False,rtdetr-x,86.0,200,6,2,0.5963,0.9083,0.8755,0.8271,0.8506,408,33,206,DETR,large
e_IMU,True,rtdetr-l,45.0,64,6,2,0.4349,0.7853,0.8212,0.7332,0.7747,808,138,370,DETR,small
e_IMU,False,rtdetr-l,45.0,64,6,2,0.4818,0.8421,0.8349,0.7697,0.8009,808,98,365,DETR,small
e_IMU,True,rtdetr-l,45.0,200,6,2,0.524,0.8788,0.8853,0.7927,0.8364,808,72,457,DETR,small
e_IMU,False,rtdetr-l,45.0,200,6,2,0.5326,0.8937,0.8826,0.8156,0.8478,808,62,455,DETR,small
e_VT,True,rtdetr-l,45.0,64,6,2,0.5269,0.8571,0.8222,0.8159,0.819,408,42,392,DETR,small
e_VT,False,rtdetr-l,45.0,64,6,2,0.5478,0.8871,0.8646,0.8294,0.8466,408,41,157,DETR,small
e_VT,True,rtdetr-l,45.0,200,6,2,0.5631,0.8793,0.8499,0.8235,0.8365,408,52,92,DETR,small
e_VT,False,rtdetr-l,45.0,200,6,2,0.5964,0.905,0.8643,0.8271,0.8453,408,33,163,DETR,small
e_IMU,True,yolo12n,2.6,64,6,2,0.4217,0.7569,0.8118,0.63,0.7094,808,236,179,YOLOv12,small
e_IMU,False,yolo12n,2.6,64,6,2,0.433,0.7753,0.8181,0.6696,0.7364,808,212,178,YOLOv12,small
e_IMU,True,yolo12n,2.6,200,6,2,0.4485,0.829,0.8671,0.743,0.8002,808,129,299,YOLOv12,small
e_IMU,False,yolo12n,2.6,200,6,2,0.4868,0.8457,0.8936,0.7215,0.7984,808,106,360,YOLOv12,small
e_VT,True,yolo12n,2.6,64,6,2,0.519,0.8345,0.8395,0.7721,0.8044,408,85,57,YOLOv12,small
e_VT,False,yolo12n,2.6,64,6,2,0.5478,0.8658,0.9096,0.7475,0.8206,408,71,83,YOLOv12,small
e_VT,True,yolo12n,2.6,200,6,2,0.5858,0.8928,0.882,0.8284,0.8544,408,63,49,YOLOv12,small
e_VT,False,yolo12n,2.6,200,6,2,0.5882,0.8937,0.828,0.8614,0.8444,408,56,65,YOLOv12,small
e_IMU,True,yolo11n,2.6,64,6,2,0.4251,0.7842,0.7873,0.6873,0.7339,808,209,179,YOLOv11,small
e_IMU,False,yolo11n,2.6,64,6,2,0.433,0.7847,0.824,0.6856,0.7485,808,214,160,YOLOv11,small
e_IMU,True,yolo11n,2.6,200,6,2,0.4995,0.8373,0.8579,0.7463,0.7982,808,148,198,YOLOv11,small
e_IMU,False,yolo11n,2.6,200,6,2,0.5,0.8541,0.8683,0.7636,0.8126,808,121,231,YOLOv11,small
e_VT,True,yolo11n,2.6,64,6,2,0.5488,0.8518,0.891,0.7451,0.8116,408,101,39,YOLOv11,small
e_VT,False,yolo11n,2.6,64,6,2,0.5775,0.8949,0.882,0.7876,0.8321,408,64,80,YOLOv11,small
e_VT,True,yolo11n,2.6,200,6,2,0.6067,0.893,0.8735,0.8554,0.8644,408,56,63,YOLOv11,small
e_VT,False,yolo11n,2.6,200,6,2,0.611,0.9083,0.8826,0.8659,0.8742,408,44,57,YOLOv11,small
e_IMU,True,yolo12x,59.1,16,6,3,0.2837,0.6268,0.6941,0.5617,0.6209,808,237,546,YOLOv12,large
e_IMU,False,yolo12x,59.1,16,6,3,0.3955,0.7126,0.7268,0.6399,0.6806,808,265,201,YOLOv12,large
e_IMU,True,yolo12x,59.1,64,6,3,0.4539,0.7773,0.7931,0.6807,0.7326,808,212,196,YOLOv12,large
e_IMU,False,yolo12x,59.1,64,6,3,0.4832,0.8023,0.7898,0.729,0.7582,808,195,156,YOLOv12,large
e_IMU,True,yolo12x,59.1,200,6,3,0.5317,0.8463,0.8597,0.7562,0.8046,808,153,134,YOLOv12,large
e_IMU,False,yolo12x,59.1,200,6,3,0.5044,0.8424,0.8691,0.7649,0.8137,808,121,328,YOLOv12,large
e_VT,True,yolo12x,59.1,16,6,3,0.3399,0.6914,0.702,0.6299,0.664,408,107,239,YOLOv12,large
e_VT,False,yolo12x,59.1,16,6,3,0.4488,0.7647,0.7916,0.661,0.7205,408,160,48,YOLOv12,large
e_VT,True,yolo12x,59.1,64,6,3,0.5554,0.8453,0.8683,0.7592,0.8101,408,96,49,YOLOv12,large
e_VT,False,yolo12x,59.1,64,6,3,0.5839,0.8707,0.8668,0.7892,0.8262,408,64,99,YOLOv12,large
e_VT,True,yolo12x,59.1,200,6,3,0.6219,0.8938,0.8495,0.8442,0.8469,408,63,55,YOLOv12,large
e_IMU,True,rtdetr-x,86.0,16,6,1,0.3804,0.7237,0.722,0.677,0.6988,808,162,619,DETR,large
e_IMU,False,rtdetr-x,86.0,16,6,1,0.3979,0.7486,0.7972,0.6757,0.7315,808,149,447,DETR,large
e_VT,True,rtdetr-x,86.0,16,6,1,0.4029,0.7276,0.8268,0.6593,0.7336,408,105,139,DETR,large
e_VT,False,rtdetr-x,86.0,16,6,1,0.5088,0.8365,0.8261,0.7571,0.7901,408,43,540,DETR,large
e_IMU,True,rtdetr-l,45.0,16,6,1,0.3688,0.7241,0.8,0.6584,0.7223,808,176,484,DETR,small
e_IMU,False,rtdetr-l,45.0,16,6,1,0.4188,0.7646,0.8251,0.6772,0.7439,808,170,398,DETR,small
e_VT,True,rtdetr-l,45.0,16,6,1,0.4265,0.7679,0.8218,0.6716,0.7391,408,84,171,DETR,small
e_VT,False,rtdetr-l,45.0,16,6,1,0.5166,0.8403,0.83,0.7426,0.7839,408,38,394,DETR,small
e_IMU,True,yolo12n,2.6,16,6,1,0.2949,0.5881,0.6239,0.5285,0.5722,808,365,238,YOLOv12,small
e_IMU,False,yolo12n,2.6,16,6,1,0.3479,0.6992,0.7679,0.6059,0.6773,808,216,407,YOLOv12,small
e_VT,True,yolo12n,2.6,16,6,1,0.3815,0.6916,0.7724,0.5906,0.6694,408,179,40,YOLOv12,small
e_VT,False,yolo12n,2.6,16,6,1,0.4665,0.8276,0.8187,0.7306,0.7721,408,81,135,YOLOv12,small
e_IMU,True,yolo11n,2.6,16,6,1,0.3127,0.638,0.6752,0.5569,0.6104,808,332,213,YOLOv11,small
e_IMU,False,yolo11n,2.6,16,6,1,0.3461,0.6889,0.6483,0.6324,0.6403,808,248,306,YOLOv11,small
e_VT,True,yolo11n,2.6,16,6,1,0.3907,0.7261,0.7379,0.6348,0.6824,408,157,67,YOLOv11,small
e_VT,False,yolo11n,2.6,16,6,1,0.4766,0.8238,0.7969,0.7404,0.7676,408,101,84,YOLOv11,small
e_IMU,True,rtdetr-x,86.0,16,6,2,0.3378,0.6648,0.7047,0.6176,0.6583,808,132,1553,DETR,large
e_IMU,False,rtdetr-x,86.0,16,6,2,0.437,0.8042,0.8502,0.7304,0.7858,808,146,323,DETR,large
e_VT,True,rtdetr-x,86.0,16,6,2,0.3662,0.67,0.6916,0.5809,0.6314,408,82,683,DETR,large
e_VT,False,rtdetr-x,86.0,16,6,2,0.4848,0.8165,0.8174,0.723,0.7673,408,56,410,DETR,large
e_IMU,True,rtdetr-l,45.0,16,6,2,0.4295,0.7874,0.8412,0.6884,0.7571,808,147,284,DETR,small
e_IMU,False,rtdetr-l,45.0,16,6,2,0.415,0.7771,0.8116,0.677,0.7382,808,151,402,DETR,small
e_VT,True,rtdetr-l,45.0,16,6,2,0.3942,0.711,0.7036,0.6748,0.6889,408,26,3144,DETR,small
e_VT,False,rtdetr-l,45.0,16,6,2,0.5046,0.8263,0.8211,0.6977,0.7544,408,64,246,DETR,small
e_IMU,True,yolo12n,2.6,16,6,2,0.3132,0.628,0.7043,0.5602,0.6241,808,336,163,YOLOv12,small
e_IMU,False,yolo12n,2.6,16,6,2,0.3737,0.7175,0.7641,0.6671,0.7123,808,199,301,YOLOv12,small
e_VT,True,yolo12n,2.6,16,6,2,0.3729,0.6737,0.7508,0.6055,0.6704,408,137,142,YOLOv12,small
e_VT,False,yolo12n,2.6,16,6,2,0.4633,0.7998,0.7565,0.7157,0.7355,408,90,180,YOLOv12,small
e_IMU,True,yolo11n,2.6,16,6,2,0.315,0.6515,0.7349,0.5829,0.6501,808,294,170,YOLOv11,small
e_IMU,False,yolo11n,2.6,16,6,2,0.378,0.726,0.791,0.6399,0.7074,808,258,143,YOLOv11,small
e_VT,True,yolo11n,2.6,16,6,2,0.4096,0.7373,0.8473,0.6152,0.7128,408,124,86,YOLOv11,small
e_VT,False,yolo11n,2.6,16,6,2,0.5105,0.8078,0.8114,0.6959,0.7492,408,132,50,YOLOv11,small
e_IMU,True,rtdetr-x,86.0,16,6,3,0.3774,0.7091,0.7686,0.651,0.7049,808,192,535,DETR,large
e_IMU,False,rtdetr-x,86.0,16,6,3,0.4193,0.7508,0.8322,0.6813,0.7492,808,195,293,DETR,large
e_VT,True,rtdetr-x,86.0,16,6,3,0.3851,0.713,0.7685,0.6428,0.7001,408,69,530,DETR,large
e_VT,False,rtdetr-x,86.0,16,6,3,0.4658,0.7984,0.8355,0.7097,0.7675,408,81,163,DETR,large
e_IMU,True,rtdetr-l,45.0,16,6,3,0.4017,0.7263,0.8126,0.6387,0.7152,808,183,394,DETR,small
e_IMU,False,rtdetr-l,45.0,16,6,3,0.4139,0.7618,0.808,0.6869,0.7425,808,139,506,DETR,small
e_VT,True,rtdetr-l,45.0,16,6,3,0.4293,0.7746,0.8462,0.6765,0.7519,408,71,242,DETR,small
e_VT,False,rtdetr-l,45.0,16,6,3,0.4654,0.7945,0.7812,0.7598,0.7704,408,60,208,DETR,small
e_IMU,True,yolo12n,2.6,16,6,3,0.3069,0.6533,0.7526,0.5723,0.6502,808,263,360,YOLOv12,small
e_IMU,False,yolo12n,2.6,16,6,3,0.3515,0.7258,0.7687,0.6376,0.697,808,162,531,YOLOv12,small
e_VT,True,yolo12n,2.6,16,6,3,0.3313,0.6705,0.7312,0.6299,0.6768,408,134,102,YOLOv12,small
e_VT,False,yolo12n,2.6,16,6,3,0.4407,0.7726,0.8482,0.6642,0.745,408,114,85,YOLOv12,small
e_IMU,True,yolo11n,2.6,16,6,3,0.3257,0.6738,0.766,0.5656,0.6507,808,280,264,YOLOv11,small
e_IMU,False,yolo11n,2.6,16,6,3,0.3697,0.7263,0.8245,0.6106,0.7016,808,220,327,YOLOv11,small
e_VT,True,yolo11n,2.6,16,6,3,0.3784,0.7005,0.7527,0.6054,0.671,408,198,43,YOLOv11,small
e_VT,False,yolo11n,2.6,16,6,3,0.4847,0.8242,0.7837,0.7371,0.7597,408,83,151,YOLOv11,small
e_IMU,True,rtdetr-x,86.0,16,6,4,0.3619,0.693,0.7488,0.6236,0.6805,808,213,364,DETR,large
e_IMU,False,rtdetr-x,86.0,16,6,4,0.4363,0.7924,0.8447,0.7269,0.7814,808,162,331,DETR,large
e_VT,True,rtdetr-x,86.0,16,6,4,0.4684,0.7709,0.8549,0.723,0.7835,408,68,349,DETR,large
e_VT,False,rtdetr-x,86.0,16,6,4,0.5122,0.8306,0.8073,0.7495,0.7773,408,45,491,DETR,large
e_IMU,True,rtdetr-l,45.0,16,6,4,0.3726,0.6956,0.7139,0.677,0.695,808,167,583,DETR,small
e_IMU,False,rtdetr-l,45.0,16,6,4,0.404,0.7472,0.8045,0.6823,0.7384,808,202,220,DETR,small
e_VT,True,rtdetr-l,45.0,16,6,4,0.4344,0.7938,0.76,0.7372,0.7484,408,44,666,DETR,small
e_VT,False,rtdetr-l,45.0,16,6,4,0.4971,0.8117,0.8392,0.6863,0.7551,408,40,736,DETR,small
e_IMU,True,yolo12n,2.6,16,6,4,0.3341,0.641,0.7361,0.5371,0.6211,808,378,117,YOLOv12,small
e_IMU,False,yolo12n,2.6,16,6,4,0.3695,0.6875,0.7472,0.5953,0.6627,808,343,119,YOLOv12,small
e_VT,True,yolo12n,2.6,16,6,4,0.3812,0.7135,0.7711,0.6593,0.7108,408,124,94,YOLOv12,small
e_VT,False,yolo12n,2.6,16,6,4,0.4968,0.8397,0.8227,0.7849,0.8034,408,74,101,YOLOv12,small
e_IMU,True,yolo11n,2.6,16,6,4,0.3511,0.6536,0.6943,0.5446,0.6104,808,391,111,YOLOv11,small
e_IMU,False,yolo11n,2.6,16,6,4,0.3687,0.6987,0.8071,0.5804,0.6753,808,202,531,YOLOv11,small
e_VT,True,yolo11n,2.6,16,6,4,0.4293,0.758,0.8387,0.6627,0.7404,408,117,76,YOLOv11,small
e_VT,False,yolo11n,2.6,16,6,4,0.5186,0.8568,0.8077,0.7721,0.7895,408,67,139,YOLOv11,small
e_IMU,True,rtdetr-x,86.0,16,6,5,0.3969,0.7498,0.8078,0.6696,0.7322,808,176,352,DETR,large
e_IMU,False,rtdetr-x,86.0,16,6,5,0.4211,0.7619,0.8247,0.6639,0.7356,808,169,371,DETR,large
e_VT,True,rtdetr-x,86.0,16,6,5,0.403,0.7232,0.8041,0.6299,0.7064,408,78,427,DETR,large
e_VT,False,rtdetr-x,86.0,16,6,5,0.4731,0.8083,0.8451,0.6951,0.7628,408,48,558,DETR,large
e_IMU,True,rtdetr-l,45.0,16,6,5,0.4244,0.7733,0.7966,0.7129,0.7524,808,169,303,DETR,small
e_IMU,False,rtdetr-l,45.0,16,6,5,0.4338,0.7809,0.8472,0.703,0.7684,808,156,327,DETR,small
e_VT,True,rtdetr-l,45.0,16,6,5,0.4286,0.7642,0.8143,0.6569,0.7271,408,65,366,DETR,small
e_VT,False,rtdetr-l,45.0,16,6,5,0.5158,0.8376,0.8933,0.6936,0.7809,408,58,251,DETR,small
e_IMU,True,yolo12n,2.6,16,6,5,0.2899,0.6488,0.6455,0.6399,0.6427,808,197,543,YOLOv12,small
e_IMU,False,yolo12n,2.6,16,6,5,0.3487,0.7012,0.7342,0.6154,0.6696,808,259,219,YOLOv12,small
e_VT,True,yolo12n,2.6,16,6,5,0.3906,0.6665,0.803,0.5123,0.6255,408,226,27,YOLOv12,small
e_VT,False,yolo12n,2.6,16,6,5,0.4787,0.7697,0.8097,0.6361,0.7124,408,166,32,YOLOv12,small
e_IMU,True,yolo11n,2.6,16,6,5,0.3566,0.6894,0.7499,0.5902,0.6605,808,311,172,YOLOv11,small
e_IMU,False,yolo11n,2.6,16,6,5,0.3742,0.745,0.8051,0.6411,0.7138,808,203,416,YOLOv11,small
e_VT,True,yolo11n,2.6,16,6,5,0.4321,0.7044,0.628,0.6495,0.6386,408,234,16,YOLOv11,small
e_VT,False,yolo11n,2.6,16,6,5,0.4907,0.8041,0.8193,0.7002,0.7551,408,147,34,YOLOv11,small
e_IMU,True,rtdetr-x,86.0,16,6,6,0.3507,0.6969,0.7215,0.6125,0.6625,808,132,1263,DETR,large
e_IMU,False,rtdetr-x,86.0,16,6,6,0.416,0.7736,0.8139,0.6943,0.7494,808,127,451,DETR,large
e_VT,True,rtdetr-x,86.0,16,6,6,0.3641,0.6493,0.7707,0.5882,0.6672,408,137,174,DETR,large
e_VT,False,rtdetr-x,86.0,16,6,6,0.4858,0.8013,0.809,0.6887,0.744,408,80,188,DETR,large
e_IMU,True,rtdetr-l,45.0,16,6,6,0.3472,0.6984,0.7622,0.6337,0.692,808,224,392,DETR,small
e_IMU,False,rtdetr-l,45.0,16,6,6,0.3957,0.7446,0.7788,0.7058,0.7405,808,188,245,DETR,small
e_VT,True,rtdetr-l,45.0,16,6,6,0.4142,0.6746,0.8878,0.5622,0.6884,408,167,46,DETR,small
e_VT,False,rtdetr-l,45.0,16,6,6,0.475,0.8044,0.8627,0.6667,0.7521,408,49,540,DETR,small
e_IMU,True,yolo12n,2.6,16,6,6,0.3377,0.6844,0.7052,0.5953,0.6456,808,277,233,YOLOv12,small
e_IMU,False,yolo12n,2.6,16,6,6,0.3757,0.7051,0.7064,0.6403,0.6717,808,288,175,YOLOv12,small
e_VT,True,yolo12n,2.6,16,6,6,0.4211,0.6815,0.8452,0.5588,0.6728,408,177,36,YOLOv12,small
e_VT,False,yolo12n,2.6,16,6,6,0.4722,0.8207,0.793,0.7041,0.7459,408,82,138,YOLOv12,small
e_IMU,True,yolo11n,2.6,16,6,6,0.344,0.6777,0.714,0.5804,0.6403,808,290,273,YOLOv11,small
e_IMU,False,yolo11n,2.6,16,6,6,0.3684,0.7207,0.7692,0.6147,0.6834,808,263,213,YOLOv11,small
e_VT,True,yolo11n,2.6,16,6,6,0.4287,0.6936,0.8354,0.5472,0.6612,408,193,31,YOLOv11,small
e_VT,False,yolo11n,2.6,16,6,6,0.4848,0.7776,0.79,0.6887,0.7359,408,138,53,YOLOv11,small
e_IMU,True,rtdetr-x,86.0,16,6,7,0.3731,0.7187,0.7622,0.6467,0.6997,808,181,531,DETR,large
e_IMU,False,rtdetr-x,86.0,16,6,7,0.2917,0.6325,0.664,0.6077,0.6346,808,206,610,DETR,large
e_VT,True,rtdetr-x,86.0,16,6,7,0.3939,0.7079,0.7957,0.6015,0.6851,408,87,395,DETR,large
e_VT,False,rtdetr-x,86.0,16,6,7,0.5038,0.8103,0.7859,0.7279,0.7558,408,44,393,DETR,large
e_IMU,True,rtdetr-l,45.0,16,6,7,0.3746,0.7271,0.7926,0.6572,0.7186,808,180,377,DETR,small
e_IMU,False,rtdetr-l,45.0,16,6,7,0.4134,0.7422,0.7929,0.6584,0.7194,808,137,729,DETR,small
e_VT,True,rtdetr-l,45.0,16,6,7,0.4337,0.7571,0.7731,0.6789,0.723,408,95,171,DETR,small
e_VT,False,rtdetr-l,45.0,16,6,7,0.5058,0.8207,0.783,0.7181,0.7492,408,57,238,DETR,small
e_IMU,True,yolo12n,2.6,16,6,7,0.3338,0.6393,0.6941,0.5619,0.621,808,294,254,YOLOv12,small
e_IMU,False,yolo12n,2.6,16,6,7,0.3627,0.7225,0.8087,0.6349,0.7114,808,200,413,YOLOv12,small
e_VT,True,yolo12n,2.6,16,6,7,0.3704,0.6887,0.7758,0.6021,0.678,408,127,167,YOLOv12,small
e_VT,False,yolo12n,2.6,16,6,7,0.5054,0.8398,0.847,0.7601,0.8012,408,60,175,YOLOv12,small
e_IMU,True,yolo11n,2.6,16,6,7,0.3465,0.6896,0.7598,0.6312,0.6896,808,246,296,YOLOv11,small
e_IMU,False,yolo11n,2.6,16,6,7,0.3543,0.7118,0.7873,0.6176,0.6922,808,195,547,YOLOv11,small
e_VT,True,yolo11n,2.6,16,6,7,0.4164,0.7322,0.7378,0.6569,0.695,408,162,52,YOLOv11,small
e_VT,False,yolo11n,2.6,16,6,7,0.4853,0.7835,0.709,0.7059,0.7075,408,88,176,YOLOv11,small
e_IMU,True,rtdetr-x,86.0,16,6,8,0.4069,0.7441,0.8158,0.647,0.7217,808,188,334,DETR,large
e_IMU,False,rtdetr-x,86.0,16,6,8,0.4085,0.7434,0.8188,0.6768,0.741,808,201,268,DETR,large
e_VT,True,rtdetr-x,86.0,16,6,8,0.3482,0.6941,0.7829,0.6373,0.7026,408,138,79,DETR,large
e_VT,False,rtdetr-x,86.0,16,6,8,0.4721,0.809,0.8001,0.7279,0.7623,408,58,288,DETR,large
e_IMU,True,rtdetr-l,45.0,16,6,8,0.3915,0.7682,0.8176,0.7005,0.7545,808,174,309,DETR,small
e_IMU,False,rtdetr-l,45.0,16,6,8,0.3971,0.7425,0.7792,0.7092,0.7425,808,186,283,DETR,small
e_VT,True,rtdetr-l,45.0,16,6,8,0.3886,0.714,0.8198,0.6127,0.7013,408,113,207,DETR,small
e_VT,False,rtdetr-l,45.0,16,6,8,0.4922,0.8305,0.7828,0.7773,0.78,408,51,280,DETR,small
e_IMU,True,yolo12n,2.6,16,6,8,0.332,0.6417,0.7255,0.5606,0.6325,808,309,221,YOLOv12,small
e_IMU,False,yolo12n,2.6,16,6,8,0.3991,0.7562,0.8076,0.6535,0.7224,808,191,261,YOLOv12,small
e_VT,True,yolo12n,2.6,16,6,8,0.3465,0.6567,0.7225,0.5744,0.64,408,182,64,YOLOv12,small
e_VT,False,yolo12n,2.6,16,6,8,0.4411,0.7849,0.7698,0.7181,0.7431,408,83,199,YOLOv12,small
e_IMU,True,yolo11n,2.6,16,6,8,0.3761,0.7025,0.7964,0.5681,0.6631,808,316,164,YOLOv11,small
e_IMU,False,yolo11n,2.6,16,6,8,0.4024,0.7549,0.8293,0.651,0.7294,808,214,244,YOLOv11,small
e_VT,True,yolo11n,2.6,16,6,8,0.3416,0.6981,0.7609,0.6007,0.6714,408,112,261,YOLOv11,small
e_VT,False,yolo11n,2.6,16,6,8,0.4804,0.8348,0.8252,0.7353,0.7777,408,63,258,YOLOv11,small
e_IMU,True,rtdetr-x,86.0,16,6,9,0.3793,0.7019,0.7927,0.653,0.7161,808,226,252,DETR,large
e_IMU,False,rtdetr-x,86.0,16,6,9,0.3972,0.7381,0.8262,0.6589,0.7332,808,186,328,DETR,large
e_VT,True,rtdetr-x,86.0,16,6,9,0.3551,0.6947,0.7784,0.6027,0.6794,408,108,274,DETR,large
e_VT,False,rtdetr-x,86.0,16,6,9,0.4818,0.8135,0.8675,0.6902,0.7688,408,67,179,DETR,large
e_IMU,True,rtdetr-l,45.0,16,6,9,0.4006,0.7211,0.7476,0.6572,0.6995,808,189,396,DETR,small
e_IMU,False,rtdetr-l,45.0,16,6,9,0.3867,0.6964,0.7785,0.63,0.6964,808,248,227,DETR,small
e_VT,True,rtdetr-l,45.0,16,6,9,0.428,0.7338,0.8236,0.6593,0.7324,408,126,77,DETR,small
e_VT,False,rtdetr-l,45.0,16,6,9,0.5061,0.845,0.8415,0.7546,0.7957,408,51,221,DETR,small
e_IMU,True,yolo12n,2.6,16,6,9,0.3363,0.6445,0.7272,0.5458,0.6236,808,334,182,YOLOv12,small
e_IMU,False,yolo12n,2.6,16,6,9,0.3896,0.6871,0.7605,0.5767,0.656,808,331,123,YOLOv12,small
e_VT,True,yolo12n,2.6,16,6,9,0.3796,0.7035,0.7342,0.6716,0.7015,408,138,72,YOLOv12,small
e_VT,False,yolo12n,2.6,16,6,9,0.4722,0.7935,0.8044,0.7181,0.7588,408,103,84,YOLOv12,small
e_IMU,True,yolo11n,2.6,16,6,9,0.3552,0.6534,0.6882,0.5326,0.6005,808,399,121,YOLOv11,small
e_IMU,False,yolo11n,2.6,16,6,9,0.3981,0.7026,0.7386,0.5965,0.66,808,323,134,YOLOv11,small
e_VT,True,yolo11n,2.6,16,6,9,0.4038,0.731,0.8036,0.6103,0.6937,408,179,27,YOLOv11,small
e_VT,False,yolo11n,2.6,16,6,9,0.483,0.7987,0.8129,0.6936,0.7486,408,126,56,YOLOv11,small
e_IMU,True,rtdetr-x,86.0,16,6,10,0.4142,0.7352,0.8085,0.6646,0.7295,808,155,735,DETR,large
e_IMU,False,rtdetr-x,86.0,16,6,10,0.4391,0.7829,0.8464,0.6906,0.7606,808,139,458,DETR,large
e_VT,True,rtdetr-x,86.0,16,6,10,0.4117,0.722,0.7525,0.6814,0.7152,408,136,76,DETR,large
e_VT,False,rtdetr-x,86.0,16,6,10,0.4953,0.8268,0.8323,0.7279,0.7767,408,48,341,DETR,large
e_IMU,True,rtdetr-l,45.0,16,6,10,0.3378,0.6717,0.6956,0.625,0.6584,808,119,2393,DETR,small
e_IMU,False,rtdetr-l,45.0,16,6,10,0.4145,0.742,0.8274,0.6597,0.7341,808,189,361,DETR,small
e_VT,True,rtdetr-l,45.0,16,6,10,0.4613,0.7781,0.7777,0.7328,0.7546,408,67,312,DETR,small
e_VT,False,rtdetr-l,45.0,16,6,10,0.4722,0.8184,0.7609,0.7966,0.7783,408,66,173,DETR,small
e_IMU,True,yolo12n,2.6,16,6,10,0.3741,0.6946,0.7721,0.62,0.6878,808,215,433,YOLOv12,small
e_IMU,False,yolo12n,2.6,16,6,10,0.3632,0.7247,0.8145,0.6386,0.7159,808,174,573,YOLOv12,small
e_VT,True,yolo12n,2.6,16,6,10,0.3709,0.7244,0.7196,0.7108,0.7152,408,85,249,YOLOv12,small
e_VT,False,yolo12n,2.6,16,6,10,0.4888,0.8444,0.8265,0.759,0.7914,408,73,147,YOLOv12,small
e_IMU,True,yolo11n,2.6,16,6,10,0.3508,0.6857,0.7995,0.5775,0.6706,808,239,331,YOLOv11,small
e_IMU,False,yolo11n,2.6,16,6,10,0.3808,0.71,0.7825,0.6144,0.6884,808,224,348,YOLOv11,small
e_VT,True,yolo11n,2.6,16,6,10,0.4521,0.7578,0.781,0.6544,0.7121,408,152,47,YOLOv11,small
e_VT,False,yolo11n,2.6,16,6,10,0.4954,0.8443,0.8316,0.7475,0.7873,408,101,56,YOLOv11,small
e_IMU,True,rtdetr-x,86.0,16,6,11,0.3839,0.7116,0.7934,0.6414,0.7094,808,179,696,DETR,large
e_IMU,False,rtdetr-x,86.0,16,6,11,0.3997,0.7489,0.8578,0.6658,0.7497,808,179,283,DETR,large
e_IMU,True,yolo12x,59.1,16,9,1,0.3172,0.6326,0.6903,0.5656,0.6217,808,314,234,YOLOv12,large
e_IMU,False,yolo12x,59.1,16,9,1,0.3771,0.7044,0.752,0.6262,0.6834,808,223,394,YOLOv12,large
e_IMU,True,yolo12x,59.1,64,9,1,0.4693,0.7931,0.8025,0.7042,0.7501,808,212,167,YOLOv12,large
e_IMU,False,yolo12x,59.1,64,9,1,0.5026,0.8087,0.7996,0.726,0.761,808,188,165,YOLOv12,large
e_IMU,True,yolo12x,59.1,200,9,1,0.5301,0.8394,0.8583,0.7426,0.7963,808,146,190,YOLOv12,large
e_IMU,False,yolo12x,59.1,200,9,1,0.4934,0.8512,0.8557,0.7574,0.8036,808,115,318,YOLOv12,large
e_VT,True,yolo12x,59.1,16,9,1,0.363,0.6588,0.8117,0.4975,0.6169,408,230,19,YOLOv12,large
e_VT,False,yolo12x,59.1,16,9,1,0.4863,0.8207,0.8672,0.7108,0.7813,408,102,66,YOLOv12,large
e_VT,True,yolo12x,59.1,64,9,1,0.5553,0.8443,0.8798,0.7535,0.8117,408,102,41,YOLOv12,large
e_VT,False,yolo12x,59.1,64,9,1,0.5772,0.8816,0.8595,0.8095,0.8337,408,80,51,YOLOv12,large
e_VT,True,yolo12x,59.1,200,9,1,0.5928,0.8854,0.8629,0.8284,0.8453,408,58,60,YOLOv12,large
e_VT,False,yolo12x,59.1,200,9,1,0.6226,0.9018,0.8955,0.8211,0.8567,408,59,49,YOLOv12,large
e_IMU,True,yolo11x,56.9,16,9,1,0.329,0.6425,0.6789,0.5767,0.6237,808,308,247,YOLOv11,large
e_IMU,False,yolo11x,56.9,16,9,1,0.4223,0.761,0.7693,0.6906,0.7278,808,195,260,YOLOv11,large
e_IMU,True,yolo11x,56.9,64,9,1,0.4863,0.8155,0.7668,0.761,0.7639,808,210,140,YOLOv11,large
e_IMU,False,yolo11x,56.9,64,9,1,0.4881,0.8025,0.7745,0.7339,0.7537,808,207,153,YOLOv11,large
e_IMU,True,yolo11x,56.9,200,9,1,0.5455,0.8477,0.8377,0.7537,0.7935,808,160,152,YOLOv11,large
e_IMU,False,yolo11x,56.9,200,9,1,0.5184,0.8531,0.8665,0.7649,0.8125,808,128,220,YOLOv11,large
e_VT,True,yolo11x,56.9,16,9,1,0.3851,0.6638,0.6657,0.576,0.6176,408,241,22,YOLOv11,large
e_VT,False,yolo11x,56.9,16,9,1,0.4593,0.7823,0.7848,0.6961,0.7378,408,136,56,YOLOv11,large
e_VT,True,yolo11x,56.9,64,9,1,0.5688,0.8541,0.9109,0.7353,0.8137,408,119,18,YOLOv11,large
e_VT,False,yolo11x,56.9,64,9,1,0.5823,0.9001,0.8879,0.8235,0.8545,408,62,64,YOLOv11,large
e_VT,True,yolo11x,56.9,200,9,1,0.6118,0.9016,0.864,0.8407,0.8522,408,64,55,YOLOv11,large
e_VT,False,yolo11x,56.9,200,9,1,0.6071,0.9277,0.8819,0.8529,0.8672,408,40,75,YOLOv11,large
e_IMU,True,rtdetr-x,86.0,64,9,1,0.4818,0.8193,0.812,0.7649,0.7877,808,128,275,DETR,large
e_IMU,False,rtdetr-x,86.0,64,9,1,0.4819,0.8234,0.7882,0.7876,0.7879,808,114,412,DETR,large
e_IMU,True,rtdetr-x,86.0,200,9,1,0.4942,0.838,0.8299,0.771,0.7994,808,80,777,DETR,large
e_IMU,False,rtdetr-x,86.0,200,9,1,0.5103,0.8681,0.8755,0.7933,0.8324,808,85,386,DETR,large
e_VT,True,rtdetr-x,86.0,64,9,1,0.5345,0.855,0.8373,0.7947,0.8155,408,58,131,DETR,large
e_VT,False,rtdetr-x,86.0,64,9,1,0.5637,0.8807,0.8584,0.8319,0.8449,408,46,194,DETR,large
e_VT,True,rtdetr-x,86.0,200,9,1,0.5665,0.8774,0.8475,0.8173,0.8321,408,61,62,DETR,large
e_VT,False,rtdetr-x,86.0,200,9,1,0.5803,0.8952,0.8698,0.8113,0.8395,408,33,254,DETR,large
e_IMU,True,rtdetr-l,45.0,64,9,1,0.4683,0.8204,0.8615,0.7512,0.8026,808,123,381,DETR,small
e_IMU,False,rtdetr-l,45.0,64,9,1,0.4763,0.8186,0.829,0.7673,0.797,808,113,444,DETR,small
e_IMU,True,rtdetr-l,45.0,200,9,1,0.5259,0.8676,0.8979,0.7946,0.8431,808,92,419,DETR,small
e_IMU,False,rtdetr-l,45.0,200,9,1,0.5119,0.8595,0.8673,0.7686,0.8149,808,74,608,DETR,small
e_VT,True,rtdetr-l,45.0,64,9,1,0.5352,0.847,0.8564,0.8015,0.828,408,67,86,DETR,small
e_VT,False,rtdetr-l,45.0,64,9,1,0.537,0.8647,0.8888,0.7833,0.8327,408,57,149,DETR,small
e_VT,True,rtdetr-l,45.0,200,9,1,0.5728,0.8722,0.8687,0.8284,0.8481,408,49,93,DETR,small
e_VT,False,rtdetr-l,45.0,200,9,1,0.5893,0.9042,0.9148,0.8235,0.8668,408,55,74,DETR,small
e_IMU,True,yolo12n,2.6,64,9,1,0.4557,0.7846,0.8107,0.6931,0.7473,808,213,187,YOLOv12,small
e_IMU,False,yolo12n,2.6,64,9,1,0.4575,0.7906,0.8405,0.6757,0.7492,808,182,224,YOLOv12,small
e_IMU,True,yolo12n,2.6,200,9,1,0.4888,0.8216,0.8704,0.7313,0.7948,808,159,209,YOLOv12,small
e_IMU,False,yolo12n,2.6,200,9,1,0.4983,0.8456,0.8838,0.7532,0.8133,808,128,306,YOLOv12,small
e_VT,True,yolo12n,2.6,64,9,1,0.5328,0.8335,0.8505,0.75,0.7971,408,98,46,YOLOv12,small
e_VT,False,yolo12n,2.6,64,9,1,0.5543,0.8649,0.8607,0.8015,0.83,408,65,63,YOLOv12,small
e_VT,True,yolo12n,2.6,200,9,1,0.563,0.9024,0.869,0.8284,0.8482,408,37,106,YOLOv12,small
e_VT,False,yolo12n,2.6,200,9,1,0.5842,0.903,0.8974,0.8358,0.8655,408,42,94,YOLOv12,small
e_IMU,True,yolo11n,2.6,64,9,1,0.4561,0.7992,0.8392,0.703,0.7651,808,174,211,YOLOv11,small
e_IMU,False,yolo11n,2.6,64,9,1,0.4473,0.7979,0.8496,0.6924,0.763,808,142,417,YOLOv11,small
e_IMU,True,yolo11n,2.6,200,9,1,0.4985,0.832,0.8524,0.7525,0.7993,808,156,218,YOLOv11,small
e_IMU,False,yolo11n,2.6,200,9,1,0.5033,0.8605,0.8599,0.7723,0.8137,808,124,213,YOLOv11,small
e_VT,True,yolo11n,2.6,64,9,1,0.5078,0.826,0.889,0.7456,0.811,408,79,59,YOLOv11,small
e_VT,False,yolo11n,2.6,64,9,1,0.5804,0.8899,0.8715,0.8148,0.8422,408,78,42,YOLOv11,small
e_VT,True,yolo11n,2.6,200,9,1,0.5959,0.8863,0.8651,0.8407,0.8527,408,59,51,YOLOv11,small
e_VT,False,yolo11n,2.6,200,9,1,0.611,0.9193,0.8859,0.8627,0.8742,408,55,45,YOLOv11,small
e_IMU,True,yolo12x,59.1,16,9,2,0.3339,0.6751,0.712,0.5875,0.6438,808,349,140,YOLOv12,large
e_IMU,False,yolo12x,59.1,16,9,2,0.3744,0.7124,0.7633,0.6139,0.6805,808,257,197,YOLOv12,large
e_IMU,True,yolo12x,59.1,64,9,2,0.4715,0.7852,0.8141,0.6943,0.7494,808,222,122,YOLOv12,large
e_IMU,False,yolo12x,59.1,64,9,2,0.4587,0.8167,0.8636,0.6894,0.7667,808,127,306,YOLOv12,large
e_IMU,True,yolo12x,59.1,200,9,2,0.5296,0.8522,0.8521,0.7699,0.8089,808,142,168,YOLOv12,large
e_IMU,False,yolo12x,59.1,200,9,2,0.5173,0.856,0.9081,0.745,0.8185,808,107,285,YOLOv12,large
e_VT,True,yolo12x,59.1,16,9,2,0.3387,0.6198,0.7463,0.4681,0.5754,408,259,11,YOLOv12,large
e_VT,False,yolo12x,59.1,16,9,2,0.4884,0.7897,0.8304,0.7082,0.7644,408,126,36,YOLOv12,large
e_VT,True,yolo12x,59.1,64,9,2,0.5241,0.847,0.8843,0.7525,0.813,408,79,73,YOLOv12,large
e_VT,False,yolo12x,59.1,64,9,2,0.5553,0.8639,0.8535,0.8039,0.828,408,82,42,YOLOv12,large
e_VT,True,yolo12x,59.1,200,9,2,0.6273,0.9059,0.8838,0.848,0.8656,408,60,44,YOLOv12,large
e_VT,False,yolo12x,59.1,200,9,2,0.6407,0.9133,0.908,0.8466,0.8762,408,55,45,YOLOv12,large
e_IMU,True,yolo11x,56.9,16,9,2,0.3507,0.7142,0.7945,0.6077,0.6887,808,190,387,YOLOv11,large
e_IMU,False,yolo11x,56.9,16,9,2,0.38,0.7342,0.7646,0.6213,0.6855,808,283,161,YOLOv11,large
e_IMU,True,yolo11x,56.9,64,9,2,0.467,0.7847,0.846,0.672,0.749,808,226,139,YOLOv11,large
e_IMU,False,yolo11x,56.9,64,9,2,0.4873,0.807,0.8458,0.6894,0.7596,808,187,166,YOLOv11,large
e_IMU,True,yolo11x,56.9,200,9,2,0.5528,0.8588,0.851,0.7748,0.8111,808,152,152,YOLOv11,large
e_IMU,False,yolo11x,56.9,200,9,2,0.5483,0.8565,0.8516,0.7488,0.7969,808,151,158,YOLOv11,large
e_VT,True,yolo11x,56.9,16,9,2,0.3611,0.6703,0.743,0.5597,0.6384,408,201,32,YOLOv11,large
e_VT,False,yolo11x,56.9,16,9,2,0.4568,0.7763,0.8197,0.6691,0.7368,408,152,30,YOLOv11,large
e_VT,True,yolo11x,56.9,64,9,2,0.5479,0.8454,0.8682,0.7598,0.8104,408,110,33,YOLOv11,large
e_VT,False,yolo11x,56.9,64,9,2,0.5803,0.8713,0.8826,0.7922,0.835,408,81,46,YOLOv11,large
e_VT,True,yolo11x,56.9,200,9,2,0.6269,0.906,0.9016,0.8532,0.8767,408,56,43,YOLOv11,large
e_VT,False,yolo11x,56.9,200,9,2,0.6327,0.908,0.8938,0.846,0.8692,408,60,46,YOLOv11,large
e_IMU,True,rtdetr-x,86.0,64,9,2,0.4301,0.7849,0.8594,0.6894,0.765,808,141,622,DETR,large
e_IMU,False,rtdetr-x,86.0,64,9,2,0.4722,0.8161,0.8038,0.7512,0.7766,808,101,589,DETR,large
e_IMU,True,rtdetr-x,86.0,200,9,2,0.5257,0.8542,0.8927,0.7723,0.8281,808,101,436,DETR,large
e_IMU,False,rtdetr-x,86.0,200,9,2,0.5236,0.86,0.8796,0.7686,0.8203,808,96,315,DETR,large
e_VT,True,rtdetr-x,86.0,64,9,2,0.446,0.7981,0.8811,0.6936,0.7762,408,65,371,DETR,large
e_VT,False,rtdetr-x,86.0,64,9,2,0.5376,0.8692,0.8618,0.7794,0.8185,408,50,248,DETR,large
e_VT,True,rtdetr-x,86.0,200,9,2,0.5517,0.8614,0.8213,0.777,0.7985,408,34,581,DETR,large
e_VT,False,rtdetr-x,86.0,200,9,2,0.5666,0.8845,0.8601,0.7941,0.8258,408,37,179,DETR,large
e_IMU,True,rtdetr-l,45.0,64,9,2,0.4766,0.8387,0.8474,0.7698,0.8068,808,108,343,DETR,small
e_IMU,False,rtdetr-l,45.0,64,9,2,0.4655,0.8141,0.8392,0.7265,0.7788,808,118,501,DETR,small
e_IMU,True,rtdetr-l,45.0,200,9,2,0.4938,0.852,0.9019,0.7513,0.8197,808,103,365,DETR,small
e_IMU,False,rtdetr-l,45.0,200,9,2,0.4823,0.8289,0.8472,0.745,0.7928,808,106,547,DETR,small
e_VT,True,rtdetr-l,45.0,64,9,2,0.5121,0.8465,0.809,0.7992,0.8041,408,34,334,DETR,small
e_VT,False,rtdetr-l,45.0,64,9,2,0.5695,0.8923,0.8513,0.8138,0.8321,408,40,158,DETR,small
e_VT,True,rtdetr-l,45.0,200,9,2,0.5867,0.8905,0.8853,0.848,0.8663,408,47,98,DETR,small
e_VT,False,rtdetr-l,45.0,200,9,2,0.5829,0.9139,0.9131,0.7843,0.8438,408,23,269,DETR,small
e_IMU,True,yolo12n,2.6,64,9,2,0.4382,0.7663,0.7761,0.6819,0.7259,808,236,170,YOLOv12,small
e_IMU,False,yolo12n,2.6,64,9,2,0.4256,0.8025,0.8125,0.7141,0.7601,808,131,390,YOLOv12,small
e_IMU,True,yolo12n,2.6,200,9,2,0.4992,0.8405,0.8633,0.7661,0.8118,808,141,202,YOLOv12,small
e_IMU,False,yolo12n,2.6,200,9,2,0.4912,0.8502,0.8594,0.7772,0.8163,808,113,294,YOLOv12,small
e_VT,True,yolo12n,2.6,64,9,2,0.5263,0.8344,0.8702,0.75,0.8056,408,95,50,YOLOv12,small
e_VT,False,yolo12n,2.6,64,9,2,0.5625,0.8715,0.8634,0.8088,0.8352,408,82,47,YOLOv12,small
e_VT,True,yolo12n,2.6,200,9,2,0.5775,0.89,0.8934,0.8064,0.8477,408,56,73,YOLOv12,small
e_VT,False,yolo12n,2.6,200,9,2,0.6188,0.9079,0.8864,0.8358,0.8603,408,53,60,YOLOv12,small
e_IMU,True,yolo11n,2.6,64,9,2,0.4247,0.7576,0.84,0.6399,0.7264,808,250,160,YOLOv11,small
e_IMU,False,yolo11n,2.6,64,9,2,0.4308,0.7977,0.8421,0.6943,0.7611,808,142,369,YOLOv11,small
e_IMU,True,yolo11n,2.6,200,9,2,0.5042,0.8509,0.8943,0.7436,0.812,808,146,175,YOLOv11,small
e_IMU,False,yolo11n,2.6,200,9,2,0.4924,0.8402,0.8862,0.7419,0.8076,808,157,177,YOLOv11,small
e_VT,True,yolo11n,2.6,64,9,2,0.5207,0.8426,0.8578,0.7691,0.811,408,79,72,YOLOv11,small
e_VT,False,yolo11n,2.6,64,9,2,0.5518,0.8705,0.8598,0.7843,0.8203,408,69,74,YOLOv11,small
e_VT,True,yolo11n,2.6,200,9,2,0.607,0.9065,0.8815,0.8456,0.8632,408,54,57,YOLOv11,small
e_VT,False,yolo11n,2.6,200,9,2,0.6211,0.906,0.9232,0.8245,0.8711,408,60,42,YOLOv11,small
e_IMU,True,yolo12x,59.1,16,9,3,0.3589,0.6318,0.7184,0.5209,0.6039,808,406,105,YOLOv12,large
e_IMU,False,yolo12x,59.1,16,9,3,0.3966,0.6877,0.7333,0.5792,0.6472,808,361,113,YOLOv12,large
e_IMU,True,yolo12x,59.1,64,9,3,0.4581,0.7961,0.864,0.6869,0.7653,808,187,199,YOLOv12,large
e_IMU,False,yolo12x,59.1,64,9,3,0.4808,0.7934,0.8079,0.698,0.749,808,219,150,YOLOv12,large
e_IMU,True,yolo12x,59.1,200,9,3,0.5318,0.8565,0.8375,0.7896,0.8128,808,155,156,YOLOv12,large
e_IMU,False,yolo12x,59.1,200,9,3,0.5129,0.8561,0.868,0.7731,0.8178,808,102,324,YOLOv12,large
e_IMU,True,rtdetr-x,86.0,16,9,1,0.3925,0.7327,0.8112,0.6349,0.7123,808,166,545,DETR,large
e_IMU,False,rtdetr-x,86.0,16,9,1,0.4224,0.77,0.7948,0.6955,0.7419,808,153,385,DETR,large
e_VT,True,rtdetr-x,86.0,16,9,1,0.4411,0.7659,0.8094,0.7083,0.7555,408,96,100,DETR,large
e_VT,False,rtdetr-x,86.0,16,9,1,0.5225,0.8528,0.845,0.7484,0.7938,408,60,188,DETR,large
e_IMU,True,rtdetr-l,45.0,16,9,1,0.4157,0.7582,0.811,0.6744,0.7364,808,150,541,DETR,small
e_IMU,False,rtdetr-l,45.0,16,9,1,0.3941,0.7204,0.8307,0.6262,0.7141,808,184,444,DETR,small
e_VT,True,rtdetr-l,45.0,16,9,1,0.414,0.7598,0.8049,0.6887,0.7423,408,87,160,DETR,small
e_VT,False,rtdetr-l,45.0,16,9,1,0.5013,0.834,0.8114,0.7699,0.7901,408,40,508,DETR,small
e_IMU,True,yolo12n,2.6,16,9,1,0.3414,0.6832,0.7556,0.5855,0.6598,808,228,426,YOLOv12,small
e_IMU,False,yolo12n,2.6,16,9,1,0.3544,0.7125,0.7838,0.6547,0.7135,808,181,483,YOLOv12,small
e_VT,True,yolo12n,2.6,16,9,1,0.388,0.7209,0.8025,0.6074,0.6914,408,186,30,YOLOv12,small
e_VT,False,yolo12n,2.6,16,9,1,0.4611,0.8061,0.8411,0.674,0.7483,408,73,160,YOLOv12,small
e_IMU,True,yolo11n,2.6,16,9,1,0.3545,0.7157,0.7565,0.646,0.6969,808,203,386,YOLOv11,small
e_IMU,False,yolo11n,2.6,16,9,1,0.3931,0.7451,0.7438,0.6646,0.702,808,231,237,YOLOv11,small
e_VT,True,yolo11n,2.6,16,9,1,0.4231,0.7501,0.8064,0.5923,0.683,408,185,24,YOLOv11,small
e_VT,False,yolo11n,2.6,16,9,1,0.4842,0.8163,0.8107,0.7108,0.7574,408,113,62,YOLOv11,small
e_IMU,True,rtdetr-x,86.0,16,9,2,0.3664,0.7516,0.8301,0.6658,0.739,808,167,491,DETR,large
e_IMU,False,rtdetr-x,86.0,16,9,2,0.3869,0.7435,0.7868,0.6634,0.7198,808,151,541,DETR,large
e_VT,True,rtdetr-x,86.0,16,9,2,0.2984,0.6204,0.6827,0.5931,0.6348,408,98,453,DETR,large
e_VT,False,rtdetr-x,86.0,16,9,2,0.5052,0.8307,0.8123,0.7402,0.7746,408,60,252,DETR,large
e_IMU,True,rtdetr-l,45.0,16,9,2,0.3698,0.7389,0.8107,0.6891,0.745,808,175,322,DETR,small
e_IMU,False,rtdetr-l,45.0,16,9,2,0.414,0.7943,0.8225,0.7153,0.7652,808,124,517,DETR,small
e_VT,True,rtdetr-l,45.0,16,9,2,0.4332,0.7629,0.8018,0.7238,0.7608,408,85,156,DETR,small
e_VT,False,rtdetr-l,45.0,16,9,2,0.4753,0.801,0.7889,0.7603,0.7744,408,84,103,DETR,small
e_IMU,True,yolo12n,2.6,16,9,2,0.3198,0.6849,0.7532,0.6158,0.6776,808,215,406,YOLOv12,small
e_IMU,False,yolo12n,2.6,16,9,2,0.3371,0.6986,0.7468,0.6022,0.6668,808,284,176,YOLOv12,small
e_VT,True,yolo12n,2.6,16,9,2,0.3688,0.7177,0.8245,0.6299,0.7142,408,131,104,YOLOv12,small
e_VT,False,yolo12n,2.6,16,9,2,0.4595,0.81,0.8131,0.7142,0.7605,408,65,223,YOLOv12,small
e_IMU,True,yolo11n,2.6,16,9,2,0.3191,0.7012,0.6908,0.6553,0.6726,808,192,443,YOLOv11,small
e_IMU,False,yolo11n,2.6,16,9,2,0.3432,0.7056,0.7859,0.6151,0.6901,808,189,549,YOLOv11,small
e_VT,True,yolo11n,2.6,16,9,2,0.3795,0.6927,0.7823,0.6254,0.6951,408,146,73,YOLOv11,small
e_VT,False,yolo11n,2.6,16,9,2,0.4799,0.8241,0.7584,0.75,0.7542,408,65,208,YOLOv11,small
e_IMU,True,rtdetr-x,86.0,16,9,3,0.4036,0.746,0.8015,0.6931,0.7434,808,163,367,DETR,large
e_IMU,False,rtdetr-x,86.0,16,9,3,0.4079,0.7701,0.8022,0.6918,0.7429,808,126,592,DETR,large
e_VT,True,rtdetr-x,86.0,16,9,3,0.4161,0.7419,0.7906,0.6756,0.7286,408,104,149,DETR,large
e_VT,False,rtdetr-x,86.0,16,9,3,0.5202,0.8385,0.8109,0.777,0.7935,408,45,342,DETR,large
e_IMU,True,rtdetr-l,45.0,16,9,3,0.403,0.7326,0.8011,0.6631,0.7256,808,190,335,DETR,small
e_IMU,False,rtdetr-l,45.0,16,9,3,0.376,0.7094,0.7707,0.6572,0.7094,808,244,190,DETR,small
e_VT,True,rtdetr-l,45.0,16,9,3,0.4503,0.7916,0.7687,0.7251,0.7463,408,74,172,DETR,small
e_VT,False,rtdetr-l,45.0,16,9,3,0.5033,0.8253,0.8074,0.7108,0.756,408,42,469,DETR,small
e_IMU,True,yolo12n,2.6,16,9,3,0.3445,0.6461,0.6224,0.5896,0.6055,808,341,182,YOLOv12,small
e_IMU,False,yolo12n,2.6,16,9,3,0.3668,0.6941,0.7535,0.5976,0.6665,808,269,219,YOLOv12,small
e_VT,True,yolo12n,2.6,16,9,3,0.3919,0.7324,0.7604,0.6765,0.716,408,96,187,YOLOv12,small
e_VT,False,yolo12n,2.6,16,9,3,0.4822,0.8287,0.8372,0.7451,0.7885,408,62,196,YOLOv12,small
e_IMU,True,yolo11n,2.6,16,9,3,0.3438,0.7126,0.8023,0.625,0.7026,808,222,308,YOLOv11,small
e_IMU,False,yolo11n,2.6,16,9,3,0.371,0.7011,0.7447,0.5916,0.6594,808,316,162,YOLOv11,small
e_VT,True,yolo11n,2.6,16,9,3,0.4007,0.7526,0.792,0.6593,0.7196,408,143,60,YOLOv11,small
e_VT,False,yolo11n,2.6,16,9,3,0.4805,0.8138,0.782,0.7296,0.7549,408,72,218,YOLOv11,small
e_IMU,True,rtdetr-x,86.0,16,9,4,0.3658,0.7028,0.7651,0.6423,0.6983,808,240,238,DETR,large
e_IMU,False,rtdetr-x,86.0,16,9,4,0.4131,0.759,0.8205,0.6733,0.7396,808,173,330,DETR,large
e_VT,True,rtdetr-x,86.0,16,9,4,0.3996,0.7294,0.7724,0.6544,0.7085,408,114,117,DETR,large
e_VT,False,rtdetr-x,86.0,16,9,4,0.4905,0.8118,0.7755,0.7452,0.7601,408,60,276,DETR,large
e_IMU,True,rtdetr-l,45.0,16,9,4,0.3862,0.7381,0.8057,0.6745,0.7343,808,222,174,DETR,small
e_IMU,False,rtdetr-l,45.0,16,9,4,0.3932,0.764,0.8386,0.6869,0.7552,808,182,280,DETR,small
e_VT,True,rtdetr-l,45.0,16,9,4,0.4328,0.7663,0.819,0.6618,0.732,408,77,248,DETR,small
e_VT,False,rtdetr-l,45.0,16,9,4,0.4682,0.793,0.773,0.7092,0.7397,408,48,695,DETR,small
e_IMU,True,yolo12n,2.6,16,9,4,0.3462,0.6675,0.7309,0.5546,0.6307,808,319,204,YOLOv12,small
e_IMU,False,yolo12n,2.6,16,9,4,0.3616,0.6905,0.7136,0.6002,0.652,808,301,188,YOLOv12,small
e_VT,True,yolo12n,2.6,16,9,4,0.415,0.708,0.8178,0.5612,0.6657,408,202,25,YOLOv12,small
e_VT,False,yolo12n,2.6,16,9,4,0.4433,0.781,0.7915,0.6791,0.731,408,99,133,YOLOv12,small
e_IMU,True,yolo11n,2.6,16,9,4,0.3333,0.6418,0.6302,0.5842,0.6063,808,364,191,YOLOv11,small
e_IMU,False,yolo11n,2.6,16,9,4,0.3792,0.7087,0.7845,0.5792,0.6664,808,287,206,YOLOv11,small
e_VT,True,yolo11n,2.6,16,9,4,0.4115,0.734,0.8566,0.6176,0.7178,408,140,68,YOLOv11,small
e_VT,False,yolo11n,2.6,16,9,4,0.4227,0.7677,0.7563,0.6838,0.7182,408,95,197,YOLOv11,small
e_IMU,True,rtdetr-x,86.0,16,9,5,0.4177,0.7713,0.8031,0.7271,0.7632,808,177,277,DETR,large
e_IMU,False,rtdetr-x,86.0,16,9,5,0.4327,0.7779,0.7899,0.7351,0.7615,808,157,328,DETR,large
e_VT,True,rtdetr-x,86.0,16,9,5,0.3872,0.6622,0.8249,0.5931,0.6901,408,179,34,DETR,large
e_VT,False,rtdetr-x,86.0,16,9,5,0.4848,0.8058,0.8367,0.6887,0.7556,408,57,345,DETR,large
e_IMU,True,rtdetr-l,45.0,16,9,5,0.4244,0.7735,0.8323,0.7063,0.7641,808,164,348,DETR,small
e_IMU,False,rtdetr-l,45.0,16,9,5,0.406,0.7719,0.8064,0.7203,0.7609,808,131,665,DETR,small
e_VT,True,rtdetr-l,45.0,16,9,5,0.4285,0.7812,0.8726,0.6789,0.7637,408,95,89,DETR,small
e_VT,False,rtdetr-l,45.0,16,9,5,0.4459,0.7644,0.7968,0.6887,0.7388,408,122,72,DETR,small
e_IMU,True,yolo12n,2.6,16,9,5,0.3279,0.7099,0.773,0.6405,0.7005,808,205,313,YOLOv12,small
e_IMU,False,yolo12n,2.6,16,9,5,0.3825,0.7516,0.7758,0.6894,0.7301,808,208,206,YOLOv12,small
e_VT,True,yolo12n,2.6,16,9,5,0.3637,0.6956,0.7874,0.5882,0.6734,408,185,37,YOLOv12,small
e_VT,False,yolo12n,2.6,16,9,5,0.4645,0.7926,0.8258,0.6985,0.7569,408,113,68,YOLOv12,small
e_IMU,True,yolo11n,2.6,16,9,5,0.3531,0.7224,0.7758,0.6324,0.6968,808,187,475,YOLOv11,small
e_IMU,False,yolo11n,2.6,16,9,5,0.3883,0.7649,0.815,0.6704,0.7357,808,209,221,YOLOv11,small
e_VT,True,yolo11n,2.6,16,9,5,0.3918,0.7175,0.7618,0.6508,0.7019,408,140,82,YOLOv11,small
e_VT,False,yolo11n,2.6,16,9,5,0.4841,0.8413,0.8704,0.7328,0.7957,408,76,106,YOLOv11,small
e_IMU,True,rtdetr-x,86.0,16,9,6,0.3468,0.6834,0.7529,0.6176,0.6786,808,252,275,DETR,large
e_IMU,False,rtdetr-x,86.0,16,9,6,0.3976,0.7815,0.8245,0.7017,0.7582,808,119,561,DETR,large
e_VT,True,rtdetr-x,86.0,16,9,6,0.4484,0.7615,0.8346,0.6887,0.7547,408,96,159,DETR,large
e_VT,False,rtdetr-x,86.0,16,9,6,0.5049,0.8237,0.8204,0.7279,0.7714,408,43,364,DETR,large
e_IMU,True,rtdetr-l,45.0,16,9,6,0.3749,0.7167,0.7978,0.6395,0.7099,808,181,535,DETR,small
e_IMU,False,rtdetr-l,45.0,16,9,6,0.3638,0.6864,0.8117,0.6126,0.6983,808,273,187,DETR,small
e_VT,True,rtdetr-l,45.0,16,9,6,0.4247,0.7631,0.7531,0.7029,0.7271,408,85,163,DETR,small
e_VT,False,rtdetr-l,45.0,16,9,6,0.4625,0.792,0.7983,0.7279,0.7615,408,92,131,DETR,small
e_IMU,True,yolo12n,2.6,16,9,6,0.3393,0.6793,0.7633,0.5953,0.6689,808,252,309,YOLOv12,small
e_IMU,False,yolo12n,2.6,16,9,6,0.3688,0.7248,0.8121,0.6225,0.7048,808,222,299,YOLOv12,small
e_VT,True,yolo12n,2.6,16,9,6,0.3869,0.7334,0.7322,0.6834,0.707,408,121,98,YOLOv12,small
e_VT,False,yolo12n,2.6,16,9,6,0.4602,0.7863,0.7534,0.7255,0.7392,408,130,63,YOLOv12,small
e_IMU,True,yolo11n,2.6,16,9,6,0.3344,0.6806,0.7862,0.5743,0.6637,808,257,397,YOLOv11,small
e_IMU,False,yolo11n,2.6,16,9,6,0.353,0.6885,0.7555,0.5928,0.6643,808,283,217,YOLOv11,small
e_VT,True,yolo11n,2.6,16,9,6,0.3846,0.7339,0.7554,0.6667,0.7083,408,139,70,YOLOv11,small
e_VT,False,yolo11n,2.6,16,9,6,0.4863,0.8288,0.8332,0.6912,0.7556,408,85,163,YOLOv11,small
e_IMU,True,rtdetr-x,86.0,16,9,7,0.4297,0.7808,0.7754,0.7215,0.7475,808,143,479,DETR,large
e_IMU,False,rtdetr-x,86.0,16,9,7,0.4328,0.7919,0.8348,0.7252,0.7762,808,137,387,DETR,large
e_VT,True,rtdetr-x,86.0,16,9,7,0.438,0.7491,0.858,0.681,0.7593,408,86,204,DETR,large
e_VT,False,rtdetr-x,86.0,16,9,7,0.4808,0.8169,0.8183,0.7176,0.7647,408,67,198,DETR,large
e_IMU,True,rtdetr-l,45.0,16,9,7,0.3896,0.7569,0.8097,0.6635,0.7293,808,181,339,DETR,small
e_IMU,False,rtdetr-l,45.0,16,9,7,0.4093,0.7905,0.8548,0.692,0.7648,808,134,421,DETR,small
e_VT,True,rtdetr-l,45.0,16,9,7,0.4628,0.7789,0.7795,0.7402,0.7594,408,75,207,DETR,small
e_VT,False,rtdetr-l,45.0,16,9,7,0.4836,0.8171,0.8349,0.6814,0.7504,408,54,318,DETR,small
e_IMU,True,yolo12n,2.6,16,9,7,0.3231,0.6521,0.7085,0.5569,0.6237,808,306,252,YOLOv12,small
e_IMU,False,yolo12n,2.6,16,9,7,0.3982,0.7577,0.8295,0.6384,0.7215,808,221,236,YOLOv12,small
e_VT,True,yolo12n,2.6,16,9,7,0.3523,0.707,0.7336,0.6569,0.6931,408,100,183,YOLOv12,small
e_VT,False,yolo12n,2.6,16,9,7,0.4703,0.8236,0.8266,0.7477,0.7851,408,75,137,YOLOv12,small
e_IMU,True,yolo11n,2.6,16,9,7,0.3656,0.7518,0.7603,0.6572,0.705,808,209,269,YOLOv11,small
e_IMU,False,yolo11n,2.6,16,9,7,0.3957,0.7361,0.788,0.6303,0.7004,808,256,179,YOLOv11,small
e_VT,True,yolo11n,2.6,16,9,7,0.357,0.7403,0.8044,0.6324,0.7081,408,123,133,YOLOv11,small
e_VT,False,yolo11n,2.6,16,9,7,0.46,0.8258,0.7908,0.7426,0.766,408,57,201,YOLOv11,small
e_IMU,True,rtdetr-x,86.0,16,9,8,0.206,0.4662,0.705,0.4229,0.5287,808,373,469,DETR,large
e_IMU,False,rtdetr-x,86.0,16,9,8,0.3702,0.7167,0.7524,0.63,0.6857,808,170,652,DETR,large
e_VT,True,rtdetr-x,86.0,16,9,8,0.4505,0.784,0.8427,0.6698,0.7463,408,47,633,DETR,large
e_VT,False,rtdetr-x,86.0,16,9,8,0.4205,0.7477,0.7571,0.68,0.7165,408,65,440,DETR,large
e_IMU,True,rtdetr-l,45.0,16,9,8,0.2768,0.6028,0.7801,0.526,0.6283,808,319,275,DETR,small
e_IMU,False,rtdetr-l,45.0,16,9,8,0.3693,0.7063,0.7812,0.6411,0.7043,808,171,631,DETR,small
e_VT,True,rtdetr-l,45.0,16,9,8,0.4209,0.7507,0.7569,0.674,0.7131,408,40,970,DETR,small
e_VT,False,rtdetr-l,45.0,16,9,8,0.4955,0.7907,0.8393,0.6716,0.7461,408,56,583,DETR,small
e_IMU,True,yolo12n,2.6,16,9,8,0.2613,0.5164,0.5376,0.4245,0.4744,808,558,42,YOLOv12,small
e_IMU,False,yolo12n,2.6,16,9,8,0.3186,0.6381,0.7239,0.5334,0.6142,808,358,137,YOLOv12,small
e_VT,True,yolo12n,2.6,16,9,8,0.4021,0.7274,0.7192,0.6814,0.6998,408,127,100,YOLOv12,small
e_VT,False,yolo12n,2.6,16,9,8,0.4734,0.8209,0.7676,0.7377,0.7524,408,60,196,YOLOv12,small
e_IMU,True,yolo11n,2.6,16,9,8,0.2835,0.5677,0.5704,0.4765,0.5192,808,543,42,YOLOv11,small
e_IMU,False,yolo11n,2.6,16,9,8,0.3112,0.6444,0.7296,0.5545,0.6301,808,323,171,YOLOv11,small
e_VT,True,yolo11n,2.6,16,9,8,0.415,0.7674,0.7975,0.7157,0.7544,408,93,173,YOLOv11,small
e_VT,False,yolo11n,2.6,16,9,8,0.4956,0.8197,0.7766,0.7402,0.7579,408,101,78,YOLOv11,small
e_IMU,True,rtdetr-x,86.0,16,9,9,0.4222,0.7957,0.8296,0.7191,0.7704,808,137,484,DETR,large
e_IMU,False,rtdetr-x,86.0,16,9,9,0.4118,0.7626,0.795,0.7203,0.7558,808,158,359,DETR,large
e_VT,True,rtdetr-x,86.0,16,9,9,0.4008,0.7049,0.84,0.6048,0.7033,408,134,92,DETR,large
e_VT,False,rtdetr-x,86.0,16,9,9,0.4721,0.7864,0.8191,0.6993,0.7545,408,83,103,DETR,large
e_IMU,True,rtdetr-l,45.0,16,9,9,0.3996,0.7535,0.81,0.6856,0.7427,808,199,204,DETR,small
e_IMU,False,rtdetr-l,45.0,16,9,9,0.4067,0.7734,0.8168,0.7191,0.7648,808,173,278,DETR,small
e_VT,True,rtdetr-l,45.0,16,9,9,0.4094,0.7037,0.7652,0.6691,0.7139,408,148,65,DETR,small
e_VT,False,rtdetr-l,45.0,16,9,9,0.4438,0.7959,0.8178,0.7591,0.7874,408,70,149,DETR,small
e_IMU,True,yolo12n,2.6,16,9,9,0.3448,0.6819,0.816,0.5755,0.675,808,229,370,YOLOv12,small
e_IMU,False,yolo12n,2.6,16,9,9,0.3595,0.7007,0.8456,0.5606,0.6742,808,265,245,YOLOv12,small
e_VT,True,yolo12n,2.6,16,9,9,0.3517,0.6349,0.7226,0.5784,0.6425,408,175,72,YOLOv12,small
e_VT,False,yolo12n,2.6,16,9,9,0.4504,0.8019,0.7768,0.7451,0.7606,408,68,189,YOLOv12,small
e_IMU,True,yolo11n,2.6,16,9,9,0.3613,0.7119,0.757,0.62,0.6817,808,276,164,YOLOv11,small
e_IMU,False,yolo11n,2.6,16,9,9,0.4052,0.7476,0.7608,0.6498,0.7009,808,241,193,YOLOv11,small
e_VT,True,yolo11n,2.6,16,9,9,0.4252,0.7066,0.7901,0.5515,0.6496,408,208,25,YOLOv11,small
e_VT,False,yolo11n,2.6,16,9,9,0.4708,0.8123,0.8607,0.6816,0.7608,408,99,90,YOLOv11,small
e_IMU,True,rtdetr-x,86.0,16,9,10,0.3757,0.7217,0.7595,0.6535,0.7025,808,170,626,DETR,large
e_IMU,False,rtdetr-x,86.0,16,9,10,0.4169,0.7735,0.8157,0.6943,0.7501,808,125,656,DETR,large
e_VT,True,rtdetr-x,86.0,16,9,10,0.4297,0.747,0.7871,0.6887,0.7346,408,78,290,DETR,large
e_VT,False,rtdetr-x,86.0,16,9,10,0.495,0.8084,0.7592,0.7649,0.762,408,42,520,DETR,large
e_IMU,True,rtdetr-l,45.0,16,9,10,0.4075,0.7481,0.8201,0.6489,0.7245,808,142,737,DETR,small
e_IMU,False,rtdetr-l,45.0,16,9,10,0.4371,0.7996,0.8108,0.716,0.7605,808,90,1201,DETR,small
e_VT,True,rtdetr-l,45.0,16,9,10,0.4457,0.7562,0.8133,0.6912,0.7473,408,64,735,DETR,small
e_VT,False,rtdetr-l,45.0,16,9,10,0.4811,0.7776,0.7984,0.6887,0.7395,408,46,863,DETR,small
e_IMU,True,yolo12n,2.6,16,9,10,0.3527,0.6921,0.8047,0.5659,0.6645,808,315,155,YOLOv12,small
e_IMU,False,yolo12n,2.6,16,9,10,0.3806,0.7141,0.7999,0.5837,0.6749,808,287,168,YOLOv12,small
e_VT,True,yolo12n,2.6,16,9,10,0.3995,0.6896,0.7914,0.6127,0.6907,408,139,95,YOLOv12,small
e_VT,False,yolo12n,2.6,16,9,10,0.4944,0.8061,0.8217,0.7132,0.7636,408,75,182,YOLOv12,small
e_IMU,True,yolo12x,59.1,16,0,1,0.3268,0.628,0.696,0.544,0.6107,808,313,268,YOLOv12,large
e_IMU,False,yolo12x,59.1,16,0,1,0.3806,0.7122,0.7266,0.6114,0.664,808,241,275,YOLOv12,large
e_IMU,True,yolo12x,59.1,64,0,1,0.4566,0.7617,0.8129,0.6572,0.7268,808,244,141,YOLOv12,large
e_IMU,False,yolo12x,59.1,64,0,1,0.4893,0.8059,0.7939,0.7228,0.7567,808,199,133,YOLOv12,large
e_IMU,True,yolo12x,59.1,200,0,1,0.5187,0.8577,0.8914,0.7475,0.8132,808,107,307,YOLOv12,large
e_IMU,False,yolo12x,59.1,200,0,1,0.5381,0.8451,0.8426,0.7618,0.8002,808,148,159,YOLOv12,large
e_VT,True,yolo12x,59.1,16,0,1,0.2758,0.5976,0.5939,0.6238,0.6085,408,72,784,YOLOv12,large
e_VT,False,yolo12x,59.1,16,0,1,0.5109,0.8377,0.8456,0.7381,0.7882,408,86,81,YOLOv12,large
e_VT,True,yolo12x,59.1,64,0,1,0.5005,0.8354,0.8202,0.7941,0.807,408,76,84,YOLOv12,large
e_VT,False,yolo12x,59.1,64,0,1,0.5615,0.8836,0.8716,0.7986,0.8335,408,69,66,YOLOv12,large
e_VT,True,yolo12x,59.1,200,0,1,0.6284,0.9112,0.9102,0.8309,0.8687,408,56,50,YOLOv12,large
e_VT,False,yolo12x,59.1,200,0,1,0.6268,0.9038,0.8767,0.8554,0.8659,408,54,59,YOLOv12,large
e_IMU,True,yolo11x,56.9,16,0,1,0.3248,0.6106,0.6384,0.5149,0.57,808,421,135,YOLOv11,large
e_IMU,False,yolo11x,56.9,16,0,1,0.3481,0.7151,0.754,0.6638,0.706,808,166,544,YOLOv11,large
e_IMU,True,yolo11x,56.9,64,0,1,0.4789,0.7963,0.7943,0.698,0.7431,808,205,173,YOLOv11,large
e_IMU,False,yolo11x,56.9,64,0,1,0.4736,0.7911,0.8201,0.6883,0.7484,808,215,156,YOLOv11,large
e_IMU,True,yolo11x,56.9,200,0,1,0.5471,0.8519,0.8287,0.7946,0.8113,808,153,122,YOLOv11,large
e_IMU,False,yolo11x,56.9,200,0,1,0.5398,0.8517,0.8161,0.7896,0.8026,808,149,159,YOLOv11,large
e_VT,True,yolo11x,56.9,16,0,1,0.403,0.7177,0.769,0.6121,0.6817,408,167,59,YOLOv11,large
e_VT,False,yolo11x,56.9,16,0,1,0.5328,0.8504,0.9046,0.7353,0.8112,408,95,53,YOLOv11,large
e_VT,True,yolo11x,56.9,64,0,1,0.5399,0.8457,0.824,0.7868,0.805,408,89,46,YOLOv11,large
e_VT,False,yolo11x,56.9,64,0,1,0.5773,0.8756,0.8863,0.7837,0.8319,408,85,36,YOLOv11,large
e_VT,True,yolo11x,56.9,200,0,1,0.6272,0.887,0.8843,0.8186,0.8502,408,75,37,YOLOv11,large
e_VT,False,yolo11x,56.9,200,0,1,0.6283,0.9106,0.8746,0.8543,0.8643,408,56,51,YOLOv11,large
e_IMU,True,rtdetr-x,86.0,64,0,1,0.4626,0.8292,0.837,0.7389,0.7849,808,121,420,DETR,large
e_IMU,False,rtdetr-x,86.0,64,0,1,0.4755,0.8277,0.8442,0.7389,0.788,808,127,306,DETR,large
e_IMU,True,rtdetr-x,86.0,200,0,1,0.5216,0.8537,0.8776,0.7624,0.8159,808,99,342,DETR,large
e_IMU,False,rtdetr-x,86.0,200,0,1,0.5265,0.8656,0.8646,0.79,0.8256,808,91,323,DETR,large
e_VT,True,rtdetr-x,86.0,64,0,1,0.5211,0.8358,0.8854,0.7377,0.8048,408,61,205,DETR,large
e_VT,False,rtdetr-x,86.0,64,0,1,0.5558,0.8727,0.8641,0.7792,0.8195,408,51,150,DETR,large
e_VT,True,rtdetr-x,86.0,200,0,1,0.5395,0.8724,0.8424,0.8088,0.8253,408,31,443,DETR,large
e_VT,False,rtdetr-x,86.0,200,0,1,0.571,0.8836,0.8939,0.7574,0.82,408,30,269,DETR,large
e_IMU,True,rtdetr-l,45.0,64,0,1,0.4759,0.8194,0.8329,0.7648,0.7974,808,125,307,DETR,small
e_IMU,False,rtdetr-l,45.0,64,0,1,0.4411,0.7973,0.8201,0.7327,0.7739,808,138,437,DETR,small
e_IMU,True,rtdetr-l,45.0,200,0,1,0.5226,0.8644,0.8688,0.7867,0.8257,808,103,242,DETR,small
e_IMU,False,rtdetr-l,45.0,200,0,1,0.5246,0.8626,0.8913,0.7562,0.8182,808,95,378,DETR,small
e_VT,True,rtdetr-l,45.0,64,0,1,0.5436,0.8704,0.8599,0.7976,0.8276,408,43,195,DETR,small
e_VT,False,rtdetr-l,45.0,64,0,1,0.536,0.8612,0.8409,0.8033,0.8217,408,63,67,DETR,small
e_VT,True,rtdetr-l,45.0,200,0,1,0.575,0.892,0.8416,0.8336,0.8376,408,48,133,DETR,small
e_VT,False,rtdetr-l,45.0,200,0,1,0.5893,0.9022,0.8715,0.8315,0.851,408,46,124,DETR,small
e_IMU,True,yolo12n,2.6,64,0,1,0.4308,0.7447,0.8166,0.6312,0.712,808,243,163,YOLOv12,small
e_IMU,False,yolo12n,2.6,64,0,1,0.4145,0.7863,0.8168,0.7203,0.7655,808,155,304,YOLOv12,small
e_IMU,True,yolo12n,2.6,200,0,1,0.498,0.8285,0.8948,0.737,0.8083,808,158,164,YOLOv12,small
e_IMU,False,yolo12n,2.6,200,0,1,0.4904,0.8419,0.8732,0.7339,0.7975,808,137,207,YOLOv12,small
e_VT,True,yolo12n,2.6,64,0,1,0.5275,0.8358,0.8193,0.7669,0.7922,408,93,63,YOLOv12,small
e_VT,False,yolo12n,2.6,64,0,1,0.5606,0.8941,0.833,0.8407,0.8368,408,57,74,YOLOv12,small
e_VT,True,yolo12n,2.6,200,0,1,0.5883,0.8706,0.9007,0.799,0.8468,408,67,54,YOLOv12,small
e_VT,False,yolo12n,2.6,200,0,1,0.6114,0.8974,0.914,0.8235,0.8664,408,61,57,YOLOv12,small
e_IMU,True,yolo11n,2.6,64,0,1,0.4528,0.7861,0.8627,0.6621,0.7492,808,210,171,YOLOv11,small
e_IMU,False,yolo11n,2.6,64,0,1,0.4243,0.782,0.8409,0.6621,0.7409,808,197,268,YOLOv11,small
e_IMU,True,yolo11n,2.6,200,0,1,0.4877,0.8398,0.8737,0.755,0.81,808,145,188,YOLOv11,small
e_IMU,False,yolo11n,2.6,200,0,1,0.4909,0.8434,0.8541,0.7636,0.8063,808,138,209,YOLOv11,small
e_VT,True,yolo11n,2.6,64,0,1,0.4985,0.8268,0.8395,0.7525,0.7936,408,92,68,YOLOv11,small
e_VT,False,yolo11n,2.6,64,0,1,0.5703,0.8855,0.9057,0.7819,0.8392,408,77,58,YOLOv11,small
e_VT,True,yolo11n,2.6,200,0,1,0.5986,0.8953,0.8766,0.8186,0.8466,408,70,48,YOLOv11,small
e_VT,False,yolo11n,2.6,200,0,1,0.6018,0.9028,0.9122,0.826,0.867,408,54,72,YOLOv11,small
e_IMU,True,yolo12x,59.1,16,0,2,0.2807,0.6369,0.7352,0.5582,0.6346,808,200,922,YOLOv12,large
e_IMU,False,yolo12x,59.1,16,0,2,0.3486,0.6781,0.7432,0.6126,0.6716,808,191,516,YOLOv12,large
e_IMU,True,yolo12x,59.1,64,0,2,0.4356,0.7768,0.8007,0.6819,0.7366,808,196,232,YOLOv12,large
e_IMU,False,yolo12x,59.1,64,0,2,0.4763,0.7921,0.831,0.6621,0.737,808,240,141,YOLOv12,large
e_IMU,True,yolo12x,59.1,200,0,2,0.5082,0.8648,0.8986,0.7735,0.8314,808,134,198,YOLOv12,large
e_IMU,False,yolo12x,59.1,200,0,2,0.5168,0.8627,0.8689,0.7748,0.8191,808,113,247,YOLOv12,large
e_VT,True,yolo12x,59.1,16,0,2,0.3775,0.6341,0.7138,0.4828,0.576,408,268,17,YOLOv12,large
e_VT,False,yolo12x,59.1,16,0,2,0.4598,0.788,0.7325,0.7377,0.7351,408,87,125,YOLOv12,large
e_VT,True,yolo12x,59.1,64,0,2,0.5231,0.8324,0.8551,0.7475,0.7977,408,100,57,YOLOv12,large
e_VT,False,yolo12x,59.1,64,0,2,0.5727,0.8685,0.8224,0.8283,0.8253,408,75,68,YOLOv12,large
e_VT,True,yolo12x,59.1,200,0,2,0.6015,0.8932,0.8829,0.8314,0.8563,408,60,50,YOLOv12,large
e_VT,False,yolo12x,59.1,200,0,2,0.6412,0.9104,0.8994,0.848,0.873,408,56,39,YOLOv12,large
e_IMU,True,yolo11x,56.9,16,0,2,0.2838,0.5432,0.5743,0.5309,0.5518,808,541,91,YOLOv11,large
e_IMU,False,yolo11x,56.9,16,0,2,0.3699,0.6984,0.7238,0.63,0.6736,808,277,164,YOLOv11,large
e_IMU,True,yolo11x,56.9,64,0,2,0.4845,0.7869,0.7654,0.7026,0.7327,808,239,142,YOLOv11,large
e_IMU,False,yolo11x,56.9,64,0,2,0.4867,0.8094,0.8065,0.7118,0.7562,808,206,144,YOLOv11,large
e_IMU,True,yolo11x,56.9,200,0,2,0.5428,0.8604,0.8322,0.792,0.8116,808,142,139,YOLOv11,large
e_IMU,False,yolo11x,56.9,200,0,2,0.5328,0.8453,0.8306,0.7649,0.7964,808,157,156,YOLOv11,large
e_VT,True,yolo11x,56.9,16,0,2,0.3734,0.6205,0.6888,0.4828,0.5677,408,270,10,YOLOv11,large
e_VT,False,yolo11x,56.9,16,0,2,0.4698,0.7723,0.8378,0.6204,0.7129,408,175,27,YOLOv11,large
e_VT,True,yolo11x,56.9,64,0,2,0.5223,0.8603,0.8424,0.786,0.8132,408,88,57,YOLOv11,large
e_VT,False,yolo11x,56.9,64,0,2,0.5709,0.8745,0.8885,0.7814,0.8315,408,68,75,YOLOv11,large
e_VT,True,yolo11x,56.9,200,0,2,0.6148,0.8968,0.8801,0.8627,0.8713,408,56,47,YOLOv11,large
e_VT,False,yolo11x,56.9,200,0,2,0.6394,0.9175,0.888,0.8741,0.881,408,50,44,YOLOv11,large
e_IMU,True,rtdetr-x,86.0,64,0,2,0.466,0.8174,0.8394,0.7505,0.7925,808,137,322,DETR,large
e_IMU,False,rtdetr-x,86.0,64,0,2,0.4704,0.8286,0.8846,0.7303,0.8001,808,116,416,DETR,large
e_IMU,True,rtdetr-x,86.0,200,0,2,0.5159,0.8639,0.8203,0.8136,0.817,808,90,359,DETR,large
e_IMU,False,rtdetr-x,86.0,200,0,2,0.5231,0.8545,0.8609,0.776,0.8162,808,69,1036,DETR,large
e_VT,True,rtdetr-x,86.0,64,0,2,0.4724,0.8005,0.8649,0.7058,0.7773,408,68,269,DETR,large
e_VT,False,rtdetr-x,86.0,64,0,2,0.537,0.8708,0.8074,0.8119,0.8096,408,27,351,DETR,large
e_VT,True,rtdetr-x,86.0,200,0,2,0.5916,0.8976,0.8745,0.8028,0.8371,408,30,303,DETR,large
e_VT,False,rtdetr-x,86.0,200,0,2,0.608,0.922,0.8542,0.8472,0.8507,408,22,222,DETR,large
e_IMU,True,rtdetr-l,45.0,16,0,2,0.3457,0.6908,0.7235,0.6399,0.6791,808,156,932,DETR,small
e_IMU,False,rtdetr-l,45.0,16,0,2,0.4194,0.7834,0.8101,0.7092,0.7563,808,131,406,DETR,small
e_IMU,True,rtdetr-l,45.0,64,0,2,0.4646,0.8046,0.859,0.7165,0.7813,808,129,583,DETR,small
e_IMU,False,rtdetr-l,45.0,64,0,2,0.4533,0.809,0.8182,0.7562,0.786,808,141,259,DETR,small
e_IMU,True,rtdetr-l,45.0,200,0,2,0.5344,0.8681,0.8649,0.792,0.8268,808,90,458,DETR,small
e_IMU,False,rtdetr-l,45.0,200,0,2,0.4414,0.7761,0.7754,0.729,0.7515,808,131,558,DETR,small
e_VT,True,rtdetr-l,45.0,16,0,2,0.3963,0.733,0.7513,0.6789,0.7133,408,79,381,DETR,small
e_VT,False,rtdetr-l,45.0,16,0,2,0.486,0.8357,0.8165,0.7696,0.7923,408,55,186,DETR,small
e_VT,True,rtdetr-l,45.0,64,0,2,0.5127,0.8518,0.8232,0.8104,0.8168,408,65,83,DETR,small
e_VT,False,rtdetr-l,45.0,64,0,2,0.5404,0.8597,0.8311,0.7672,0.7979,408,22,598,DETR,small
e_VT,True,rtdetr-l,45.0,200,0,2,0.592,0.9031,0.8983,0.8445,0.8706,408,42,91,DETR,small
e_VT,False,rtdetr-l,45.0,200,0,2,0.5862,0.9058,0.8574,0.8848,0.8709,408,39,100,DETR,small
e_IMU,True,yolo12n,2.6,16,0,2,0.2822,0.5784,0.6796,0.495,0.5728,808,325,314,YOLOv12,small
e_IMU,False,yolo12n,2.6,16,0,2,0.3324,0.6783,0.7724,0.5817,0.6636,808,224,379,YOLOv12,small
e_IMU,True,yolo12n,2.6,64,0,2,0.4316,0.7724,0.8335,0.6621,0.738,808,207,236,YOLOv12,small
e_IMU,False,yolo12n,2.6,64,0,2,0.4159,0.7779,0.8038,0.6745,0.7335,808,169,335,YOLOv12,small
e_IMU,True,yolo12n,2.6,200,0,2,0.4882,0.8648,0.9001,0.7692,0.8295,808,118,224,YOLOv12,small
e_IMU,False,yolo12n,2.6,200,0,2,0.501,0.8507,0.8659,0.743,0.7998,808,128,250,YOLOv12,small
e_VT,True,yolo12n,2.6,16,0,2,0.3261,0.6855,0.7433,0.5784,0.6506,408,131,182,YOLOv12,small
e_VT,False,yolo12n,2.6,16,0,2,0.4507,0.763,0.7524,0.6814,0.7151,408,141,54,YOLOv12,small
e_VT,True,yolo12n,2.6,64,0,2,0.5144,0.8432,0.858,0.7451,0.7976,408,83,90,YOLOv12,small
e_VT,False,yolo12n,2.6,64,0,2,0.557,0.8668,0.8114,0.8309,0.821,408,74,57,YOLOv12,small
e_VT,True,yolo12n,2.6,200,0,2,0.5958,0.8858,0.897,0.8324,0.8635,408,63,54,YOLOv12,small
e_VT,False,yolo12n,2.6,200,0,2,0.5805,0.9058,0.876,0.7961,0.8341,408,46,115,YOLOv12,small
e_IMU,True,yolo11n,2.6,16,0,2,0.3074,0.6514,0.7086,0.5507,0.6198,808,261,340,YOLOv11,small
e_IMU,False,yolo11n,2.6,16,0,2,0.3503,0.7047,0.7773,0.6134,0.6857,808,210,423,YOLOv11,small
e_IMU,True,yolo11n,2.6,64,0,2,0.4385,0.788,0.8644,0.651,0.7427,808,194,208,YOLOv11,small
e_IMU,False,yolo11n,2.6,64,0,2,0.432,0.7953,0.8577,0.6861,0.7623,808,171,266,YOLOv11,small
e_IMU,True,yolo11n,2.6,200,0,2,0.4843,0.8505,0.9044,0.7262,0.8056,808,127,283,YOLOv11,small
e_IMU,False,yolo11n,2.6,200,0,2,0.4939,0.8575,0.8855,0.7654,0.821,808,126,246,YOLOv11,small
e_VT,True,yolo11n,2.6,16,0,2,0.342,0.7066,0.7582,0.6275,0.6867,408,120,161,YOLOv11,small
e_VT,False,yolo11n,2.6,16,0,2,0.4647,0.7964,0.8029,0.7034,0.7499,408,103,94,YOLOv11,small
e_VT,True,yolo11n,2.6,64,0,2,0.535,0.8515,0.8808,0.7647,0.8186,408,78,70,YOLOv11,small
e_VT,False,yolo11n,2.6,64,0,2,0.5696,0.8782,0.8471,0.8285,0.8377,408,63,55,YOLOv11,small
e_VT,True,yolo11n,2.6,200,0,2,0.5993,0.8996,0.9336,0.7932,0.8577,408,59,87,YOLOv11,small
e_VT,False,yolo11n,2.6,200,0,2,0.6031,0.9005,0.9106,0.8235,0.8649,408,58,54,YOLOv11,small
e_IMU,True,yolo12x,59.1,16,2,1,0.2598,0.556,0.6266,0.459,0.5299,808,390,243,YOLOv12,large
e_IMU,False,yolo12x,59.1,16,2,1,0.3652,0.6981,0.6878,0.6547,0.6708,808,250,224,YOLOv12,large
e_IMU,True,yolo12x,59.1,64,2,1,0.454,0.7794,0.8191,0.672,0.7383,808,216,160,YOLOv12,large
e_IMU,False,yolo12x,59.1,64,2,1,0.4801,0.8053,0.8231,0.7054,0.7597,808,215,127,YOLOv12,large
e_IMU,True,yolo12x,59.1,200,2,1,0.5269,0.8431,0.8359,0.7757,0.8047,808,141,155,YOLOv12,large
e_IMU,False,yolo12x,59.1,200,2,1,0.5178,0.8659,0.8798,0.7859,0.8302,808,103,266,YOLOv12,large
e_VT,True,yolo12x,59.1,16,2,1,0.425,0.6625,0.719,0.5392,0.6162,408,260,14,YOLOv12,large
e_VT,False,yolo12x,59.1,16,2,1,0.4921,0.8132,0.7836,0.7542,0.7686,408,77,148,YOLOv12,large
e_VT,True,yolo12x,59.1,64,2,1,0.5541,0.8535,0.8818,0.7549,0.8135,408,93,58,YOLOv12,large
e_VT,False,yolo12x,59.1,64,2,1,0.5601,0.8815,0.8505,0.8365,0.8435,408,55,76,YOLOv12,large
e_VT,True,yolo12x,59.1,200,2,1,0.6154,0.9044,0.8959,0.8225,0.8576,408,61,57,YOLOv12,large
e_VT,False,yolo12x,59.1,200,2,1,0.6257,0.9133,0.8985,0.8458,0.8714,408,50,59,YOLOv12,large
e_IMU,True,yolo11x,56.9,16,2,1,0.2984,0.5747,0.6139,0.5136,0.5593,808,538,57,YOLOv11,large
e_IMU,False,yolo11x,56.9,16,2,1,0.3775,0.7066,0.7831,0.5943,0.6758,808,311,135,YOLOv11,large
e_IMU,True,yolo11x,56.9,64,2,1,0.4935,0.8131,0.8092,0.7242,0.7643,808,200,137,YOLOv11,large
e_IMU,False,yolo11x,56.9,64,2,1,0.4838,0.8046,0.825,0.6993,0.7569,808,222,132,YOLOv11,large
e_IMU,True,yolo11x,56.9,200,2,1,0.5442,0.8564,0.8516,0.7673,0.8072,808,145,142,YOLOv11,large
e_IMU,False,yolo11x,56.9,200,2,1,0.5333,0.8454,0.8631,0.7611,0.8089,808,145,165,YOLOv11,large
e_VT,True,yolo11x,56.9,16,2,1,0.4202,0.6687,0.6825,0.5637,0.6174,408,253,13,YOLOv11,large
e_VT,False,yolo11x,56.9,16,2,1,0.5278,0.8367,0.8277,0.7549,0.7896,408,111,43,YOLOv11,large
e_VT,True,yolo11x,56.9,64,2,1,0.539,0.8455,0.881,0.7443,0.8069,408,109,31,YOLOv11,large
e_VT,False,yolo11x,56.9,64,2,1,0.5694,0.8581,0.857,0.7934,0.824,408,83,44,YOLOv11,large
e_VT,True,yolo11x,56.9,200,2,1,0.6102,0.9002,0.8971,0.8333,0.864,408,56,46,YOLOv11,large
e_VT,False,yolo11x,56.9,200,2,1,0.633,0.9109,0.9008,0.8458,0.8724,408,52,44,YOLOv11,large
e_IMU,True,rtdetr-x,86.0,64,2,1,0.4497,0.8089,0.8194,0.7599,0.7885,808,132,398,DETR,large
e_IMU,False,rtdetr-x,86.0,64,2,1,0.4795,0.8232,0.8802,0.7178,0.7907,808,107,456,DETR,large
e_IMU,True,rtdetr-x,86.0,200,2,1,0.5498,0.885,0.8551,0.828,0.8413,808,79,328,DETR,large
e_IMU,False,rtdetr-x,86.0,200,2,1,0.5247,0.8631,0.8771,0.7686,0.8192,808,85,535,DETR,large
e_VT,True,rtdetr-x,86.0,64,2,1,0.5139,0.8225,0.8434,0.7549,0.7967,408,74,112,DETR,large
e_VT,False,rtdetr-x,86.0,64,2,1,0.5447,0.8689,0.8385,0.8269,0.8326,408,37,283,DETR,large
e_VT,True,rtdetr-x,86.0,200,2,1,0.5804,0.893,0.8918,0.8281,0.8588,408,50,140,DETR,large
e_VT,False,rtdetr-x,86.0,200,2,1,0.5829,0.8954,0.8514,0.8285,0.8398,408,35,210,DETR,large
e_IMU,True,rtdetr-l,45.0,64,2,1,0.4386,0.7946,0.8408,0.7166,0.7737,808,117,415,DETR,small
e_IMU,False,rtdetr-l,45.0,64,2,1,0.4884,0.829,0.8426,0.7686,0.8039,808,101,497,DETR,small
e_IMU,True,rtdetr-l,45.0,200,2,1,0.5098,0.8648,0.8716,0.7871,0.8272,808,86,507,DETR,small
e_IMU,False,rtdetr-l,45.0,200,2,1,0.5285,0.8676,0.8827,0.773,0.8242,808,66,589,DETR,small
e_VT,True,rtdetr-l,45.0,64,2,1,0.5247,0.8315,0.8497,0.748,0.7956,408,67,157,DETR,small
e_VT,False,rtdetr-l,45.0,64,2,1,0.5544,0.8836,0.8305,0.7941,0.8119,408,38,209,DETR,small
e_VT,True,rtdetr-l,45.0,200,2,1,0.5776,0.8726,0.8764,0.8164,0.8453,408,53,68,DETR,small
e_VT,False,rtdetr-l,45.0,200,2,1,0.5956,0.9219,0.9015,0.8407,0.87,408,36,103,DETR,small
e_IMU,True,yolo12n,2.6,64,2,1,0.4306,0.766,0.7611,0.6795,0.718,808,220,175,YOLOv12,small
e_IMU,False,yolo12n,2.6,64,2,1,0.4394,0.7981,0.87,0.6819,0.7646,808,148,343,YOLOv12,small
e_IMU,True,yolo12n,2.6,200,2,1,0.4628,0.832,0.887,0.7389,0.8062,808,138,271,YOLOv12,small
e_IMU,False,yolo12n,2.6,200,2,1,0.4876,0.8418,0.8547,0.755,0.8017,808,118,339,YOLOv12,small
e_VT,True,yolo12n,2.6,64,2,1,0.5406,0.8185,0.8339,0.723,0.7745,408,125,46,YOLOv12,small
e_VT,False,yolo12n,2.6,64,2,1,0.5578,0.8502,0.8715,0.7623,0.8132,408,95,38,YOLOv12,small
e_VT,True,yolo12n,2.6,200,2,1,0.5872,0.8877,0.8787,0.8382,0.858,408,62,61,YOLOv12,small
e_VT,False,yolo12n,2.6,200,2,1,0.6133,0.9199,0.8768,0.8627,0.8697,408,45,60,YOLOv12,small
e_IMU,True,yolo11n,2.6,64,2,1,0.4523,0.7881,0.7529,0.7164,0.7342,808,197,214,YOLOv11,small
e_IMU,False,yolo11n,2.6,64,2,1,0.4492,0.7831,0.8227,0.677,0.7428,808,219,170,YOLOv11,small
e_IMU,True,yolo11n,2.6,200,2,1,0.5056,0.8429,0.8879,0.745,0.8102,808,146,175,YOLOv11,small
e_IMU,False,yolo11n,2.6,200,2,1,0.4923,0.8439,0.8752,0.7389,0.8013,808,137,228,YOLOv11,small
e_VT,True,yolo11n,2.6,64,2,1,0.5324,0.8444,0.8612,0.7299,0.7901,408,92,59,YOLOv11,small
e_VT,False,yolo11n,2.6,64,2,1,0.5725,0.8604,0.8704,0.7903,0.8285,408,80,48,YOLOv11,small
e_VT,True,yolo11n,2.6,200,2,1,0.614,0.9017,0.9154,0.826,0.8684,408,54,61,YOLOv11,small
e_VT,False,yolo11n,2.6,200,2,1,0.6171,0.9134,0.9054,0.8358,0.8692,408,54,54,YOLOv11,small
e_IMU,True,yolo12x,59.1,16,2,2,0.3249,0.6189,0.6905,0.5099,0.5866,808,436,92,YOLOv12,large
e_IMU,False,yolo12x,59.1,16,2,2,0.3929,0.7363,0.7975,0.6435,0.7123,808,228,240,YOLOv12,large
e_IMU,True,yolo12x,59.1,64,2,2,0.488,0.8139,0.8302,0.7116,0.7664,808,190,145,YOLOv12,large
e_IMU,False,yolo12x,59.1,64,2,2,0.4773,0.8387,0.8751,0.7141,0.7864,808,135,259,YOLOv12,large
e_IMU,True,yolo12x,59.1,200,2,2,0.5196,0.8323,0.8542,0.7525,0.8001,808,157,168,YOLOv12,large
e_IMU,False,yolo12x,59.1,200,2,2,0.5285,0.8427,0.867,0.75,0.8043,808,145,170,YOLOv12,large
e_VT,True,yolo12x,59.1,16,2,2,0.3584,0.6243,0.672,0.5123,0.5814,408,271,19,YOLOv12,large
e_VT,False,yolo12x,59.1,16,2,2,0.4681,0.8119,0.8605,0.7103,0.7782,408,104,75,YOLOv12,large
e_VT,True,yolo12x,59.1,64,2,2,0.5355,0.8651,0.854,0.7744,0.8123,408,91,47,YOLOv12,large
e_VT,False,yolo12x,59.1,64,2,2,0.5883,0.8825,0.9081,0.7819,0.8403,408,87,32,YOLOv12,large
e_VT,True,yolo12x,59.1,200,2,2,0.5597,0.88,0.8727,0.7899,0.8292,408,47,150,YOLOv12,large
e_VT,False,yolo12x,59.1,200,2,2,0.6264,0.9057,0.8846,0.8554,0.8698,408,55,47,YOLOv12,large
e_IMU,True,yolo11x,56.9,16,2,2,0.3369,0.6673,0.7316,0.5767,0.645,808,332,155,YOLOv11,large
e_IMU,False,yolo11x,56.9,16,2,2,0.4118,0.7281,0.7653,0.6257,0.6885,808,269,207,YOLOv11,large
e_IMU,True,yolo11x,56.9,64,2,2,0.4568,0.7903,0.8394,0.6906,0.7578,808,192,153,YOLOv11,large
e_IMU,False,yolo11x,56.9,64,2,2,0.4733,0.8089,0.8039,0.7302,0.7653,808,190,164,YOLOv11,large
e_IMU,True,yolo11x,56.9,200,2,2,0.5394,0.8522,0.8067,0.7871,0.7968,808,159,139,YOLOv11,large
e_IMU,False,yolo11x,56.9,200,2,2,0.5363,0.8419,0.8496,0.7548,0.7994,808,156,158,YOLOv11,large
e_VT,True,yolo11x,56.9,16,2,2,0.3661,0.6583,0.8068,0.522,0.6339,408,213,28,YOLOv11,large
e_VT,False,yolo11x,56.9,16,2,2,0.4819,0.8134,0.8218,0.7402,0.7788,408,117,54,YOLOv11,large
e_VT,True,yolo11x,56.9,64,2,2,0.5593,0.8475,0.872,0.7678,0.8166,408,97,32,YOLOv11,large
e_VT,False,yolo11x,56.9,64,2,2,0.5765,0.8934,0.8945,0.7917,0.8399,408,71,57,YOLOv11,large
e_VT,True,yolo11x,56.9,200,2,2,0.6193,0.8985,0.8364,0.8522,0.8442,408,64,62,YOLOv11,large
e_VT,False,yolo11x,56.9,200,2,2,0.6372,0.9199,0.9079,0.8554,0.8809,408,55,39,YOLOv11,large
e_IMU,True,rtdetr-x,86.0,16,2,2,0.3434,0.6747,0.7631,0.6151,0.6812,808,220,488,DETR,large
e_IMU,False,rtdetr-x,86.0,16,2,2,0.3994,0.748,0.7776,0.6757,0.7231,808,160,479,DETR,large
e_IMU,True,rtdetr-x,86.0,64,2,2,0.4583,0.8078,0.885,0.6918,0.7766,808,128,467,DETR,large
e_IMU,False,rtdetr-x,86.0,64,2,2,0.4945,0.8422,0.8519,0.7661,0.8067,808,102,472,DETR,large
e_IMU,True,rtdetr-x,86.0,200,2,2,0.5081,0.8495,0.8872,0.7537,0.815,808,99,539,DETR,large
e_IMU,False,rtdetr-x,86.0,200,2,2,0.5246,0.8695,0.8607,0.7995,0.829,808,85,361,DETR,large
e_VT,True,rtdetr-x,86.0,16,2,2,0.3729,0.6904,0.7743,0.6223,0.69,408,148,70,DETR,large
e_VT,False,rtdetr-x,86.0,16,2,2,0.4857,0.8409,0.8905,0.7475,0.8128,408,61,187,DETR,large
e_VT,True,rtdetr-x,86.0,64,2,2,0.4843,0.8075,0.8534,0.6961,0.7668,408,61,314,DETR,large
e_VT,False,rtdetr-x,86.0,64,2,2,0.5495,0.8638,0.8349,0.7966,0.8153,408,51,161,DETR,large
e_VT,True,rtdetr-x,86.0,200,2,2,0.5931,0.888,0.8757,0.848,0.8616,408,47,81,DETR,large
e_VT,False,rtdetr-x,86.0,200,2,2,0.584,0.8916,0.91,0.7696,0.8339,408,26,448,DETR,large
e_IMU,True,rtdetr-l,45.0,16,2,2,0.4175,0.7735,0.8209,0.6968,0.7538,808,191,219,DETR,small
e_IMU,False,rtdetr-l,45.0,16,2,2,0.4288,0.7824,0.8384,0.7042,0.7655,808,152,348,DETR,small
e_IMU,True,rtdetr-l,45.0,64,2,2,0.4673,0.8012,0.8293,0.7334,0.7784,808,105,514,DETR,small
e_IMU,False,rtdetr-l,45.0,64,2,2,0.4881,0.8359,0.8777,0.7548,0.8116,808,99,420,DETR,small
e_IMU,True,rtdetr-l,45.0,200,2,2,0.5198,0.8692,0.8496,0.7834,0.8152,808,75,476,DETR,small
e_IMU,False,rtdetr-l,45.0,200,2,2,0.5033,0.8429,0.8314,0.7574,0.7927,808,99,649,DETR,small
e_VT,True,rtdetr-l,45.0,16,2,2,0.4078,0.7519,0.7522,0.7066,0.7287,408,70,296,DETR,small
e_VT,False,rtdetr-l,45.0,16,2,2,0.4379,0.7514,0.813,0.6838,0.7428,408,136,38,DETR,small
e_VT,True,rtdetr-l,45.0,64,2,2,0.5145,0.8554,0.8188,0.7863,0.8022,408,21,595,DETR,small
e_VT,False,rtdetr-l,45.0,64,2,2,0.5478,0.8821,0.8795,0.7692,0.8207,408,30,471,DETR,small
e_VT,True,rtdetr-l,45.0,200,2,2,0.5865,0.8951,0.8753,0.8456,0.8602,408,42,107,DETR,small
e_VT,False,rtdetr-l,45.0,200,2,2,0.5963,0.9132,0.915,0.8358,0.8736,408,32,157,DETR,small
e_IMU,True,yolo12n,2.6,16,2,2,0.3613,0.6971,0.7493,0.592,0.6614,808,264,268,YOLOv12,small
e_IMU,False,yolo12n,2.6,16,2,2,0.3823,0.7551,0.8243,0.6619,0.7342,808,176,335,YOLOv12,small
e_IMU,True,yolo12n,2.6,64,2,2,0.4188,0.7841,0.82,0.7191,0.7662,808,175,238,YOLOv12,small
e_IMU,False,yolo12n,2.6,64,2,2,0.4359,0.7994,0.8518,0.6615,0.7447,808,141,365,YOLOv12,small
e_IMU,True,yolo12n,2.6,200,2,2,0.475,0.8244,0.8594,0.7314,0.7903,808,131,302,YOLOv12,small
e_IMU,False,yolo12n,2.6,200,2,2,0.4932,0.8472,0.878,0.7479,0.8078,808,122,246,YOLOv12,small
e_VT,True,yolo12n,2.6,16,2,2,0.3543,0.6933,0.7111,0.652,0.6802,408,155,76,YOLOv12,small
e_IMU,True,yolo12x,59.1,16,4,1,0.3036,0.6185,0.6736,0.5582,0.6105,808,298,264,YOLOv12,large
e_IMU,False,yolo12x,59.1,16,4,1,0.3759,0.6954,0.7225,0.6122,0.6628,808,341,114,YOLOv12,large
e_IMU,True,yolo12x,59.1,64,4,1,0.46,0.7799,0.7933,0.7031,0.7455,808,205,182,YOLOv12,large
e_IMU,False,yolo12x,59.1,64,4,1,0.4949,0.7951,0.8408,0.677,0.75,808,195,190,YOLOv12,large
e_IMU,True,yolo12x,59.1,200,4,1,0.5304,0.8475,0.8351,0.7748,0.8038,808,147,158,YOLOv12,large
e_IMU,False,yolo12x,59.1,200,4,1,0.5145,0.8631,0.8816,0.7772,0.8261,808,112,219,YOLOv12,large
e_VT,True,yolo12x,59.1,16,4,1,0.3418,0.6915,0.7473,0.6161,0.6754,408,135,123,YOLOv12,large
e_VT,False,yolo12x,59.1,16,4,1,0.5024,0.8416,0.8238,0.7647,0.7932,408,78,85,YOLOv12,large
e_VT,True,yolo12x,59.1,64,4,1,0.4765,0.8289,0.7913,0.7917,0.7915,408,60,170,YOLOv12,large
e_VT,False,yolo12x,59.1,64,4,1,0.5781,0.8802,0.8553,0.8407,0.8479,408,59,66,YOLOv12,large
e_VT,True,yolo12x,59.1,200,4,1,0.6157,0.9019,0.8971,0.8431,0.8693,408,61,48,YOLOv12,large
e_VT,False,yolo12x,59.1,200,4,1,0.633,0.911,0.9051,0.8652,0.8847,408,51,40,YOLOv12,large
e_IMU,True,yolo11x,56.9,16,4,1,0.3308,0.6481,0.7379,0.5421,0.625,808,391,78,YOLOv11,large
e_IMU,False,yolo11x,56.9,16,4,1,0.374,0.686,0.7615,0.5691,0.6514,808,370,90,YOLOv11,large
e_IMU,True,yolo11x,56.9,64,4,1,0.4834,0.7892,0.8108,0.6894,0.7452,808,210,180,YOLOv11,large
e_IMU,False,yolo11x,56.9,64,4,1,0.4763,0.8044,0.8399,0.7077,0.7682,808,181,207,YOLOv11,large
e_IMU,True,yolo11x,56.9,200,4,1,0.5495,0.859,0.8349,0.7896,0.8116,808,143,138,YOLOv11,large
e_IMU,False,yolo11x,56.9,200,4,1,0.5355,0.8487,0.8212,0.7844,0.8024,808,151,149,YOLOv11,large
e_VT,True,yolo11x,56.9,16,4,1,0.3758,0.6629,0.8614,0.594,0.7032,408,170,37,YOLOv11,large
e_VT,False,yolo11x,56.9,16,4,1,0.5338,0.8468,0.8773,0.75,0.8087,408,79,68,YOLOv11,large
e_VT,True,yolo11x,56.9,64,4,1,0.5525,0.8414,0.8826,0.7557,0.8142,408,83,57,YOLOv11,large
e_VT,False,yolo11x,56.9,64,4,1,0.5743,0.8774,0.8774,0.8015,0.8377,408,66,68,YOLOv11,large
e_VT,True,yolo11x,56.9,200,4,1,0.6191,0.898,0.8727,0.8529,0.8627,408,60,44,YOLOv11,large
e_VT,False,yolo11x,56.9,200,4,1,0.6401,0.9074,0.9087,0.8292,0.8671,408,60,50,YOLOv11,large
e_IMU,True,rtdetr-x,86.0,16,4,1,0.3602,0.7074,0.7918,0.6212,0.6962,808,196,431,DETR,large
e_IMU,False,rtdetr-x,86.0,16,4,1,0.409,0.7814,0.822,0.703,0.7579,808,167,336,DETR,large
e_IMU,True,rtdetr-x,86.0,64,4,1,0.4519,0.7994,0.8373,0.72,0.7742,808,115,635,DETR,large
e_IMU,False,rtdetr-x,86.0,64,4,1,0.4778,0.8331,0.8542,0.7613,0.805,808,115,370,DETR,large
e_IMU,True,rtdetr-x,86.0,200,4,1,0.5348,0.8672,0.8527,0.7952,0.8229,808,67,554,DETR,large
e_IMU,False,rtdetr-x,86.0,200,4,1,0.5097,0.858,0.8836,0.7735,0.8249,808,75,693,DETR,large
e_VT,True,rtdetr-x,86.0,16,4,1,0.4217,0.7346,0.8049,0.6765,0.7351,408,102,242,DETR,large
e_VT,False,rtdetr-x,86.0,16,4,1,0.5177,0.8428,0.8118,0.7931,0.8023,408,40,544,DETR,large
e_VT,True,rtdetr-x,86.0,64,4,1,0.5082,0.8143,0.8766,0.7304,0.7969,408,79,140,DETR,large
e_VT,False,rtdetr-x,86.0,64,4,1,0.4984,0.8063,0.8043,0.7304,0.7656,408,78,181,DETR,large
e_VT,True,rtdetr-x,86.0,200,4,1,0.565,0.8658,0.8548,0.7819,0.8167,408,48,176,DETR,large
e_VT,False,rtdetr-x,86.0,200,4,1,0.5825,0.9019,0.8813,0.8009,0.8392,408,30,259,DETR,large
e_IMU,True,rtdetr-l,45.0,16,4,1,0.3862,0.7558,0.8062,0.6795,0.7374,808,178,307,DETR,small
e_IMU,False,rtdetr-l,45.0,16,4,1,0.3791,0.7501,0.8363,0.6638,0.7401,808,205,228,DETR,small
e_IMU,True,rtdetr-l,45.0,64,4,1,0.4674,0.8123,0.843,0.729,0.7819,808,129,348,DETR,small
e_IMU,False,rtdetr-l,45.0,64,4,1,0.4634,0.8231,0.8805,0.7384,0.8032,808,108,611,DETR,small
e_IMU,True,rtdetr-l,45.0,200,4,1,0.5152,0.8617,0.9133,0.7512,0.8244,808,104,356,DETR,small
e_IMU,False,rtdetr-l,45.0,200,4,1,0.5331,0.8766,0.8928,0.7628,0.8227,808,74,483,DETR,small
e_VT,True,rtdetr-l,45.0,16,4,1,0.3996,0.7234,0.8586,0.6551,0.7432,408,117,127,DETR,small
e_VT,False,rtdetr-l,45.0,16,4,1,0.5106,0.843,0.8357,0.7855,0.8098,408,60,155,DETR,small
e_VT,True,rtdetr-l,45.0,64,4,1,0.5176,0.8273,0.8634,0.7438,0.7991,408,79,120,DETR,small
e_VT,False,rtdetr-l,45.0,64,4,1,0.528,0.879,0.885,0.7672,0.8219,408,41,225,DETR,small
e_VT,True,rtdetr-l,45.0,200,4,1,0.5894,0.889,0.9078,0.826,0.865,408,54,90,DETR,small
e_VT,False,rtdetr-l,45.0,200,4,1,0.5935,0.9012,0.8868,0.826,0.8553,408,41,121,DETR,small
e_IMU,True,yolo12n,2.6,16,4,1,0.3019,0.6607,0.7505,0.5965,0.6647,808,256,323,YOLOv12,small
e_IMU,False,yolo12n,2.6,16,4,1,0.3545,0.7034,0.7966,0.5903,0.6781,808,254,233,YOLOv12,small
e_IMU,True,yolo12n,2.6,64,4,1,0.4437,0.7745,0.8345,0.6819,0.7506,808,206,221,YOLOv12,small
e_IMU,False,yolo12n,2.6,64,4,1,0.4566,0.8102,0.8375,0.6968,0.7607,808,162,243,YOLOv12,small
e_IMU,True,yolo12n,2.6,200,4,1,0.492,0.8503,0.8366,0.7574,0.795,808,110,372,YOLOv12,small
e_IMU,False,yolo12n,2.6,200,4,1,0.496,0.8456,0.8807,0.7307,0.7987,808,138,230,YOLOv12,small
e_VT,True,yolo12n,2.6,16,4,1,0.3894,0.7508,0.8391,0.6373,0.7244,408,106,129,YOLOv12,small
e_VT,False,yolo12n,2.6,16,4,1,0.4616,0.786,0.799,0.7403,0.7685,408,113,61,YOLOv12,small
e_VT,True,yolo12n,2.6,64,4,1,0.5286,0.8411,0.8489,0.7571,0.8003,408,89,57,YOLOv12,small
e_VT,False,yolo12n,2.6,64,4,1,0.557,0.8756,0.8247,0.8137,0.8192,408,72,70,YOLOv12,small
e_VT,True,yolo12n,2.6,200,4,1,0.5906,0.885,0.881,0.826,0.8526,408,54,75,YOLOv12,small
e_VT,False,yolo12n,2.6,200,4,1,0.599,0.9008,0.8882,0.8309,0.8586,408,48,79,YOLOv12,small
e_IMU,True,yolo11n,2.6,16,4,1,0.2961,0.6422,0.724,0.5705,0.6382,808,254,424,YOLOv11,small
e_IMU,False,yolo11n,2.6,16,4,1,0.3506,0.7062,0.7493,0.6399,0.6903,808,224,278,YOLOv11,small
e_IMU,True,yolo11n,2.6,64,4,1,0.4496,0.7915,0.8296,0.693,0.7552,808,202,195,YOLOv11,small
e_IMU,False,yolo11n,2.6,64,4,1,0.4445,0.8009,0.867,0.7228,0.7884,808,175,265,YOLOv11,small
e_IMU,True,yolo11n,2.6,200,4,1,0.4848,0.8456,0.8518,0.754,0.7999,808,107,319,YOLOv11,small
e_IMU,False,yolo11n,2.6,200,4,1,0.4899,0.8466,0.8837,0.7488,0.8107,808,117,335,YOLOv11,small
e_VT,True,yolo11n,2.6,16,4,1,0.3848,0.6868,0.7391,0.6373,0.6844,408,93,377,YOLOv11,small
e_VT,False,yolo11n,2.6,16,4,1,0.4773,0.8238,0.8314,0.7131,0.7677,408,86,106,YOLOv11,small
e_VT,True,yolo11n,2.6,64,4,1,0.5606,0.8583,0.8678,0.7745,0.8185,408,84,52,YOLOv11,small
e_VT,False,yolo11n,2.6,64,4,1,0.5805,0.8701,0.861,0.7893,0.8236,408,81,46,YOLOv11,small
e_VT,True,yolo11n,2.6,200,4,1,0.5986,0.8953,0.885,0.8358,0.8597,408,54,59,YOLOv11,small
e_VT,False,yolo11n,2.6,200,4,1,0.6107,0.9196,0.8893,0.8578,0.8733,408,50,54,YOLOv11,small
e_IMU,True,yolo12x,59.1,16,4,2,0.3421,0.6791,0.7543,0.6194,0.6802,808,211,620,YOLOv12,large
e_IMU,False,yolo12x,59.1,16,4,2,0.3807,0.6908,0.7544,0.6015,0.6693,808,303,144,YOLOv12,large
e_IMU,True,yolo12x,59.1,64,4,2,0.478,0.7942,0.764,0.7228,0.7428,808,215,158,YOLOv12,large
e_IMU,False,yolo12x,59.1,64,4,2,0.4881,0.806,0.8338,0.7015,0.7619,808,188,164,YOLOv12,large
e_IMU,True,yolo12x,59.1,200,4,2,0.5311,0.8433,0.817,0.7933,0.805,808,150,147,YOLOv12,large
e_IMU,False,yolo12x,59.1,200,4,2,0.5183,0.8622,0.8357,0.7958,0.8152,808,113,261,YOLOv12,large
e_VT,True,yolo12x,59.1,16,4,2,0.3279,0.6693,0.7906,0.5417,0.6429,408,187,41,YOLOv12,large
e_VT,False,yolo12x,59.1,16,4,2,0.4753,0.8142,0.768,0.771,0.7695,408,92,93,YOLOv12,large
e_VT,True,yolo12x,59.1,64,4,2,0.483,0.8028,0.8307,0.7402,0.7828,408,103,57,YOLOv12,large
e_VT,False,yolo12x,59.1,64,4,2,0.5626,0.8857,0.8464,0.8113,0.8285,408,86,43,YOLOv12,large
e_VT,True,yolo12x,59.1,200,4,2,0.5624,0.8925,0.847,0.8578,0.8524,408,45,98,YOLOv12,large
e_VT,False,yolo12x,59.1,200,4,2,0.6196,0.9132,0.8543,0.8764,0.8652,408,43,63,YOLOv12,large
e_IMU,True,yolo11x,56.9,16,4,2,0.3451,0.6256,0.6031,0.5718,0.587,808,473,80,YOLOv11,large
e_IMU,False,yolo11x,56.9,16,4,2,0.3937,0.7013,0.7483,0.6002,0.6661,808,366,103,YOLOv11,large
e_IMU,True,yolo11x,56.9,64,4,2,0.4958,0.7941,0.826,0.672,0.7411,808,255,114,YOLOv11,large
e_IMU,False,yolo11x,56.9,64,4,2,0.4948,0.8191,0.835,0.7076,0.766,808,186,170,YOLOv11,large
e_IMU,True,yolo11x,56.9,200,4,2,0.5397,0.8557,0.8419,0.7822,0.8109,808,148,145,YOLOv11,large
e_IMU,False,yolo11x,56.9,200,4,2,0.5398,0.8557,0.8006,0.8001,0.8004,808,147,155,YOLOv11,large
e_VT,True,yolo11x,56.9,16,4,2,0.3658,0.6697,0.7864,0.5637,0.6567,408,197,47,YOLOv11,large
e_VT,False,yolo11x,56.9,16,4,2,0.4946,0.8356,0.8307,0.7819,0.8055,408,93,54,YOLOv11,large
e_VT,True,yolo11x,56.9,64,4,2,0.5286,0.8396,0.8853,0.7376,0.8047,408,91,53,YOLOv11,large
e_VT,False,yolo11x,56.9,64,4,2,0.5658,0.8702,0.8868,0.7683,0.8233,408,94,36,YOLOv11,large
e_VT,True,yolo11x,56.9,200,4,2,0.6197,0.9043,0.8979,0.8284,0.8618,408,57,55,YOLOv11,large
e_VT,False,yolo11x,56.9,200,4,2,0.6294,0.9092,0.8807,0.8554,0.8678,408,53,49,YOLOv11,large
e_IMU,True,rtdetr-x,86.0,16,4,2,0.4098,0.7668,0.7853,0.6927,0.7361,808,182,326,DETR,large
e_IMU,False,rtdetr-x,86.0,16,4,2,0.4381,0.8034,0.8134,0.7215,0.7647,808,126,437,DETR,large
e_IMU,True,rtdetr-x,86.0,64,4,2,0.4502,0.8029,0.8223,0.7443,0.7814,808,112,698,DETR,large
e_IMU,False,rtdetr-x,86.0,64,4,2,0.4656,0.821,0.8379,0.7314,0.7811,808,99,599,DETR,large
e_IMU,True,rtdetr-x,86.0,200,4,2,0.4824,0.8118,0.8008,0.755,0.7772,808,128,369,DETR,large
e_IMU,False,rtdetr-x,86.0,200,4,2,0.4655,0.8398,0.8513,0.7488,0.7967,808,78,911,DETR,large
e_VT,True,rtdetr-x,86.0,16,4,2,0.3933,0.6924,0.7847,0.6201,0.6928,408,127,138,DETR,large
e_VT,False,rtdetr-x,86.0,16,4,2,0.5107,0.8366,0.8283,0.7377,0.7804,408,57,275,DETR,large
e_VT,True,rtdetr-x,86.0,64,4,2,0.4995,0.8299,0.8507,0.7262,0.7836,408,61,301,DETR,large
e_VT,False,rtdetr-x,86.0,64,4,2,0.5106,0.8384,0.7977,0.7672,0.7821,408,38,373,DETR,large
e_VT,True,rtdetr-x,86.0,200,4,2,0.4718,0.7953,0.828,0.6814,0.7476,408,43,523,DETR,large
e_VT,False,rtdetr-x,86.0,200,4,2,0.591,0.905,0.8975,0.826,0.8602,408,19,566,DETR,large
e_IMU,True,rtdetr-l,45.0,16,4,2,0.3983,0.7569,0.8274,0.6621,0.7356,808,166,443,DETR,small
e_IMU,False,rtdetr-l,45.0,16,4,2,0.4007,0.7584,0.8372,0.6746,0.7472,808,175,289,DETR,small
e_IMU,True,rtdetr-l,45.0,64,4,2,0.4698,0.8104,0.84,0.7341,0.7834,808,116,480,DETR,small
e_IMU,False,rtdetr-l,45.0,64,4,2,0.4687,0.8316,0.847,0.7525,0.797,808,109,483,DETR,small
e_IMU,True,rtdetr-l,45.0,200,4,2,0.5278,0.8673,0.8947,0.7649,0.8247,808,73,474,DETR,small
e_IMU,False,rtdetr-l,45.0,200,4,2,0.5347,0.8696,0.8593,0.7937,0.8252,808,80,401,DETR,small
e_VT,True,rtdetr-l,45.0,16,4,2,0.3813,0.7053,0.805,0.6172,0.6987,408,140,92,DETR,small
e_VT,False,rtdetr-l,45.0,16,4,2,0.4941,0.8202,0.8375,0.7353,0.7831,408,79,113,DETR,small
e_VT,True,rtdetr-l,45.0,64,4,2,0.5217,0.8627,0.8426,0.8039,0.8228,408,60,114,DETR,small
e_VT,False,rtdetr-l,45.0,64,4,2,0.5196,0.8438,0.8584,0.7475,0.7992,408,51,177,DETR,small
e_VT,True,rtdetr-l,45.0,200,4,2,0.6015,0.9214,0.8722,0.848,0.8599,408,39,91,DETR,small
e_VT,False,rtdetr-l,45.0,200,4,2,0.5982,0.9291,0.9206,0.8522,0.885,408,30,120,DETR,small
e_IMU,True,yolo12n,2.6,16,4,2,0.3451,0.6756,0.7935,0.5817,0.6713,808,251,262,YOLOv12,small
e_IMU,False,yolo12n,2.6,16,4,2,0.3911,0.7373,0.7341,0.6937,0.7134,808,222,170,YOLOv12,small
e_IMU,True,yolo12n,2.6,64,4,2,0.421,0.7636,0.8001,0.6906,0.7413,808,181,298,YOLOv12,small
e_IMU,False,yolo12n,2.6,64,4,2,0.4477,0.8026,0.8434,0.703,0.7668,808,189,174,YOLOv12,small
e_IMU,True,yolo12n,2.6,200,4,2,0.4904,0.8622,0.8567,0.7735,0.813,808,114,269,YOLOv12,small
e_IMU,False,yolo12n,2.6,200,4,2,0.5076,0.8537,0.8372,0.7809,0.8081,808,114,291,YOLOv12,small
e_VT,True,yolo12n,2.6,16,4,2,0.3861,0.7304,0.8024,0.6371,0.7102,408,136,75,YOLOv12,small
e_VT,False,yolo12n,2.6,16,4,2,0.4798,0.8193,0.8482,0.701,0.7676,408,94,113,YOLOv12,small
e_VT,True,yolo12n,2.6,64,4,2,0.4849,0.8297,0.8339,0.7843,0.8084,408,68,155,YOLOv12,small
e_VT,False,yolo12n,2.6,64,4,2,0.5475,0.8658,0.8725,0.799,0.8342,408,68,66,YOLOv12,small
e_VT,True,yolo12n,2.6,200,4,2,0.5827,0.8996,0.8901,0.8532,0.8713,408,44,69,YOLOv12,small
e_VT,False,yolo12n,2.6,200,4,2,0.5951,0.9209,0.8975,0.8431,0.8695,408,38,101,YOLOv12,small
e_IMU,True,yolo11n,2.6,16,4,2,0.3687,0.7128,0.7273,0.6225,0.6708,808,241,275,YOLOv11,small
e_IMU,False,yolo11n,2.6,16,4,2,0.3859,0.7195,0.6934,0.6661,0.6795,808,264,199,YOLOv11,small
e_IMU,True,yolo11n,2.6,64,4,2,0.4396,0.7983,0.835,0.6881,0.7545,808,168,276,YOLOv11,small
e_IMU,False,yolo11n,2.6,64,4,2,0.4476,0.8095,0.8301,0.7314,0.7777,808,148,311,YOLOv11,small
e_IMU,True,yolo12x,59.1,16,8,1,0.3508,0.6391,0.7183,0.5087,0.5956,808,418,95,YOLOv12,large
e_IMU,False,yolo12x,59.1,16,8,1,0.414,0.7341,0.7528,0.6369,0.69,808,279,144,YOLOv12,large
e_IMU,True,yolo12x,59.1,64,8,1,0.4419,0.7599,0.7867,0.6634,0.7198,808,239,185,YOLOv12,large
e_IMU,False,yolo12x,59.1,64,8,1,0.4724,0.7945,0.8237,0.6823,0.7464,808,217,131,YOLOv12,large
e_IMU,True,yolo12x,59.1,200,8,1,0.4855,0.8492,0.871,0.7605,0.812,808,128,222,YOLOv12,large
e_IMU,False,yolo12x,59.1,200,8,1,0.5087,0.8478,0.8645,0.7624,0.8102,808,125,285,YOLOv12,large
e_VT,True,yolo12x,59.1,16,8,1,0.308,0.6323,0.7763,0.549,0.6432,408,177,73,YOLOv12,large
e_VT,False,yolo12x,59.1,16,8,1,0.4508,0.7849,0.7937,0.7034,0.7459,408,96,114,YOLOv12,large
e_VT,True,yolo12x,59.1,64,8,1,0.5507,0.8657,0.8473,0.799,0.8225,408,88,50,YOLOv12,large
e_VT,False,yolo12x,59.1,64,8,1,0.5799,0.8736,0.8742,0.7868,0.8282,408,95,33,YOLOv12,large
e_VT,True,yolo12x,59.1,200,8,1,0.6047,0.8875,0.8867,0.8211,0.8526,408,61,59,YOLOv12,large
e_VT,False,yolo12x,59.1,200,8,1,0.6222,0.9059,0.8869,0.8648,0.8757,408,51,41,YOLOv12,large
e_IMU,True,yolo11x,56.9,16,8,1,0.3623,0.736,0.7887,0.6411,0.7073,808,222,276,YOLOv11,large
e_IMU,False,yolo11x,56.9,16,8,1,0.4032,0.7194,0.7706,0.6194,0.6868,808,290,145,YOLOv11,large
e_IMU,True,yolo11x,56.9,64,8,1,0.4397,0.7831,0.8114,0.6869,0.744,808,177,293,YOLOv11,large
e_IMU,False,yolo11x,56.9,64,8,1,0.4637,0.815,0.8257,0.7329,0.7765,808,160,226,YOLOv11,large
e_IMU,True,yolo11x,56.9,200,8,1,0.5474,0.8635,0.8399,0.7921,0.8153,808,152,134,YOLOv11,large
e_IMU,False,yolo11x,56.9,200,8,1,0.5409,0.8485,0.8478,0.755,0.7987,808,148,166,YOLOv11,large
e_VT,True,yolo11x,56.9,16,8,1,0.3293,0.6388,0.7728,0.5,0.6072,408,230,35,YOLOv11,large
e_VT,False,yolo11x,56.9,16,8,1,0.4702,0.7887,0.7974,0.704,0.7478,408,135,38,YOLOv11,large
e_VT,True,yolo11x,56.9,64,8,1,0.4934,0.8457,0.8694,0.7504,0.8055,408,63,129,YOLOv11,large
e_VT,False,yolo11x,56.9,64,8,1,0.583,0.8777,0.8799,0.8039,0.8402,408,83,38,YOLOv11,large
e_VT,True,yolo11x,56.9,200,8,1,0.6173,0.8971,0.8782,0.8505,0.8641,408,61,47,YOLOv11,large
e_VT,False,yolo11x,56.9,200,8,1,0.6282,0.9085,0.8881,0.848,0.8676,408,55,64,YOLOv11,large
e_IMU,True,rtdetr-x,86.0,64,8,1,0.4384,0.7929,0.8314,0.6959,0.7577,808,124,614,DETR,large
e_IMU,False,rtdetr-x,86.0,64,8,1,0.4774,0.8094,0.8649,0.7191,0.7853,808,106,702,DETR,large
e_IMU,True,rtdetr-x,86.0,200,8,1,0.5221,0.8713,0.8579,0.802,0.829,808,92,352,DETR,large
e_IMU,False,rtdetr-x,86.0,200,8,1,0.5438,0.8741,0.8983,0.7822,0.8362,808,85,428,DETR,large
e_VT,True,rtdetr-x,86.0,64,8,1,0.4905,0.8167,0.8366,0.7475,0.7896,408,87,67,DETR,large
e_VT,False,rtdetr-x,86.0,64,8,1,0.5541,0.8851,0.8595,0.7843,0.8202,408,25,398,DETR,large
e_VT,True,rtdetr-x,86.0,200,8,1,0.5672,0.8888,0.8622,0.799,0.8294,408,40,189,DETR,large
e_VT,False,rtdetr-x,86.0,200,8,1,0.588,0.9092,0.8708,0.8235,0.8465,408,25,191,DETR,large
e_IMU,True,rtdetr-l,45.0,64,8,1,0.4428,0.7918,0.8608,0.6962,0.7698,808,163,325,DETR,small
e_IMU,False,rtdetr-l,45.0,64,8,1,0.4717,0.8008,0.8415,0.7265,0.7798,808,120,692,DETR,small
e_IMU,True,rtdetr-l,45.0,200,8,1,0.5213,0.8648,0.8763,0.7859,0.8286,808,93,307,DETR,small
e_IMU,False,rtdetr-l,45.0,200,8,1,0.5249,0.8699,0.8606,0.7995,0.8289,808,98,309,DETR,small
e_VT,True,rtdetr-l,45.0,64,8,1,0.5131,0.8742,0.8747,0.7871,0.8286,408,47,98,DETR,small
e_VT,False,rtdetr-l,45.0,64,8,1,0.5402,0.8762,0.8746,0.8235,0.8483,408,55,77,DETR,small
e_VT,True,rtdetr-l,45.0,200,8,1,0.5556,0.8544,0.8601,0.8358,0.8478,408,52,86,DETR,small
e_VT,False,rtdetr-l,45.0,200,8,1,0.6014,0.9024,0.8305,0.8648,0.8473,408,25,302,DETR,small
e_IMU,True,yolo12n,2.6,64,8,1,0.4213,0.7484,0.7656,0.6559,0.7065,808,245,191,YOLOv12,small
e_IMU,False,yolo12n,2.6,64,8,1,0.4365,0.7744,0.8369,0.6646,0.7409,808,215,221,YOLOv12,small
e_IMU,True,yolo12n,2.6,200,8,1,0.4976,0.8248,0.8472,0.7341,0.7866,808,152,181,YOLOv12,small
e_IMU,False,yolo12n,2.6,200,8,1,0.5004,0.8547,0.8983,0.7413,0.8123,808,117,331,YOLOv12,small
e_VT,True,yolo12n,2.6,64,8,1,0.5414,0.836,0.8689,0.7426,0.8008,408,102,34,YOLOv12,small
e_VT,False,yolo12n,2.6,64,8,1,0.5399,0.8739,0.8297,0.7917,0.8102,408,41,228,YOLOv12,small
e_VT,True,yolo12n,2.6,200,8,1,0.5778,0.8832,0.8719,0.8162,0.8431,408,54,92,YOLOv12,small
e_VT,False,yolo12n,2.6,200,8,1,0.5959,0.9124,0.8698,0.8188,0.8435,408,27,160,YOLOv12,small
e_IMU,True,yolo11n,2.6,64,8,1,0.4132,0.7708,0.8238,0.672,0.7402,808,183,329,YOLOv11,small
e_IMU,False,yolo11n,2.6,64,8,1,0.4377,0.792,0.8534,0.6869,0.7611,808,157,352,YOLOv11,small
e_IMU,True,yolo11n,2.6,200,8,1,0.4972,0.837,0.8237,0.7512,0.7858,808,135,181,YOLOv11,small
e_IMU,False,yolo11n,2.6,200,8,1,0.4955,0.8593,0.8724,0.7748,0.8207,808,114,242,YOLOv11,small
e_VT,True,yolo11n,2.6,64,8,1,0.5628,0.8715,0.8866,0.7669,0.8224,408,82,64,YOLOv11,small
e_VT,False,yolo11n,2.6,64,8,1,0.5567,0.8873,0.8701,0.8235,0.8462,408,45,107,YOLOv11,small
e_VT,True,yolo11n,2.6,200,8,1,0.6144,0.9034,0.8788,0.8382,0.858,408,61,53,YOLOv11,small
e_VT,False,yolo11n,2.6,200,8,1,0.6057,0.9112,0.8753,0.8529,0.864,408,56,52,YOLOv11,small
e_IMU,True,yolo12x,59.1,16,8,2,0.3201,0.6033,0.7324,0.4592,0.5644,808,475,70,YOLOv12,large
e_IMU,False,yolo12x,59.1,16,8,2,0.3825,0.7131,0.801,0.604,0.6887,808,236,327,YOLOv12,large
e_IMU,True,yolo12x,59.1,64,8,2,0.4828,0.7913,0.8061,0.7153,0.758,808,210,150,YOLOv12,large
e_IMU,False,yolo12x,59.1,64,8,2,0.4747,0.8154,0.8151,0.7401,0.7758,808,156,217,YOLOv12,large
e_IMU,True,yolo12x,59.1,200,8,2,0.4996,0.847,0.8586,0.7723,0.8131,808,116,240,YOLOv12,large
e_IMU,False,yolo12x,59.1,200,8,2,0.5451,0.845,0.8193,0.7797,0.799,808,157,146,YOLOv12,large
e_VT,True,yolo12x,59.1,16,8,2,0.3989,0.7168,0.7802,0.6201,0.691,408,127,104,YOLOv12,large
e_VT,False,yolo12x,59.1,16,8,2,0.4982,0.8138,0.8546,0.7157,0.779,408,96,88,YOLOv12,large
e_VT,True,yolo12x,59.1,64,8,2,0.5338,0.8443,0.8549,0.7363,0.7912,408,90,76,YOLOv12,large
e_VT,False,yolo12x,59.1,64,8,2,0.54,0.871,0.8555,0.7892,0.821,408,57,91,YOLOv12,large
e_VT,True,yolo12x,59.1,200,8,2,0.6098,0.8954,0.8934,0.8015,0.845,408,70,50,YOLOv12,large
e_VT,False,yolo12x,59.1,200,8,2,0.6314,0.9036,0.9082,0.8241,0.8641,408,54,43,YOLOv12,large
e_IMU,True,yolo11x,56.9,16,8,2,0.3187,0.5936,0.5863,0.5087,0.5447,808,503,58,YOLOv11,large
e_IMU,False,yolo11x,56.9,16,8,2,0.4152,0.7419,0.8187,0.6315,0.713,808,262,155,YOLOv11,large
e_IMU,True,yolo11x,56.9,64,8,2,0.4896,0.8013,0.8295,0.7067,0.7632,808,211,143,YOLOv11,large
e_IMU,False,yolo11x,56.9,64,8,2,0.4965,0.8052,0.8172,0.708,0.7587,808,205,149,YOLOv11,large
e_IMU,True,yolo11x,56.9,200,8,2,0.5375,0.8533,0.8363,0.7822,0.8083,808,147,151,YOLOv11,large
e_IMU,False,yolo11x,56.9,200,8,2,0.5084,0.8588,0.8879,0.7686,0.8239,808,112,244,YOLOv11,large
e_VT,True,yolo11x,56.9,16,8,2,0.3979,0.7252,0.8211,0.6495,0.7253,408,121,130,YOLOv11,large
e_VT,False,yolo11x,56.9,16,8,2,0.4923,0.7841,0.8444,0.6495,0.7342,408,139,46,YOLOv11,large
e_VT,True,yolo11x,56.9,64,8,2,0.5335,0.8324,0.8575,0.7451,0.7974,408,97,58,YOLOv11,large
e_VT,False,yolo11x,56.9,64,8,2,0.5665,0.8678,0.8706,0.7892,0.8279,408,72,69,YOLOv11,large
e_VT,True,yolo11x,56.9,200,8,2,0.6175,0.9049,0.8972,0.8309,0.8628,408,64,39,YOLOv11,large
e_VT,False,yolo11x,56.9,200,8,2,0.629,0.9078,0.8893,0.8382,0.863,408,63,40,YOLOv11,large
e_IMU,True,rtdetr-x,86.0,64,8,2,0.3764,0.694,0.7888,0.6101,0.6881,808,181,939,DETR,large
e_IMU,False,rtdetr-x,86.0,64,8,2,0.4738,0.8196,0.8475,0.7277,0.7831,808,115,402,DETR,large
e_IMU,True,rtdetr-x,86.0,200,8,2,0.5236,0.8638,0.8522,0.7924,0.8212,808,87,399,DETR,large
e_IMU,False,rtdetr-x,86.0,200,8,2,0.5302,0.8639,0.8871,0.7673,0.8229,808,73,659,DETR,large
e_VT,True,rtdetr-x,86.0,64,8,2,0.4844,0.7954,0.8427,0.7377,0.7867,408,81,100,DETR,large
e_VT,False,rtdetr-x,86.0,64,8,2,0.5383,0.8534,0.8482,0.7549,0.7988,408,45,294,DETR,large
e_VT,True,rtdetr-x,86.0,200,8,2,0.5923,0.8861,0.9062,0.8064,0.8534,408,53,83,DETR,large
e_VT,False,rtdetr-x,86.0,200,8,2,0.5909,0.9011,0.8449,0.8276,0.8361,408,28,186,DETR,large
e_IMU,True,rtdetr-l,45.0,64,8,2,0.4429,0.7845,0.8208,0.7199,0.767,808,153,301,DETR,small
e_IMU,False,rtdetr-l,45.0,64,8,2,0.4771,0.8222,0.8603,0.7318,0.7908,808,120,385,DETR,small
e_IMU,True,rtdetr-l,45.0,200,8,2,0.5133,0.8497,0.8682,0.7663,0.8141,808,90,511,DETR,small
e_IMU,False,rtdetr-l,45.0,200,8,2,0.5132,0.8616,0.8787,0.7618,0.8161,808,95,392,DETR,small
e_VT,True,rtdetr-l,45.0,64,8,2,0.5059,0.8241,0.9061,0.7525,0.8222,408,81,56,DETR,small
e_VT,False,rtdetr-l,45.0,64,8,2,0.5312,0.8524,0.8336,0.7861,0.8092,408,40,249,DETR,small
e_VT,True,rtdetr-l,45.0,200,8,2,0.5687,0.8883,0.8386,0.8529,0.8457,408,26,447,DETR,small
e_VT,False,rtdetr-l,45.0,200,8,2,0.5875,0.9215,0.8656,0.8523,0.8589,408,33,108,DETR,small
e_IMU,True,yolo12n,2.6,64,8,2,0.4424,0.7668,0.8238,0.6522,0.728,808,228,168,YOLOv12,small
e_IMU,False,yolo12n,2.6,64,8,2,0.4374,0.7846,0.7859,0.7314,0.7577,808,179,226,YOLOv12,small
e_IMU,True,yolo12n,2.6,200,8,2,0.4769,0.8531,0.8616,0.7649,0.8104,808,101,370,YOLOv12,small
e_IMU,False,yolo12n,2.6,200,8,2,0.5045,0.8503,0.9019,0.7398,0.8129,808,145,161,YOLOv12,small
e_VT,True,yolo12n,2.6,64,8,2,0.5309,0.8414,0.8862,0.7255,0.7978,408,105,55,YOLOv12,small
e_VT,False,yolo12n,2.6,64,8,2,0.5622,0.874,0.8698,0.8026,0.8349,408,70,47,YOLOv12,small
e_VT,True,yolo12n,2.6,200,8,2,0.5693,0.8673,0.8723,0.8162,0.8433,408,64,76,YOLOv12,small
e_VT,False,yolo12n,2.6,200,8,2,0.5722,0.9065,0.8567,0.8382,0.8474,408,37,132,YOLOv12,small
e_IMU,True,yolo11n,2.6,64,8,2,0.4556,0.7811,0.7954,0.6795,0.7329,808,227,179,YOLOv11,small
e_IMU,False,yolo11n,2.6,64,8,2,0.4666,0.8101,0.8642,0.6853,0.7644,808,193,198,YOLOv11,small
e_IMU,True,yolo11n,2.6,200,8,2,0.4953,0.823,0.8354,0.7413,0.7855,808,159,196,YOLOv11,small
e_IMU,False,yolo11n,2.6,200,8,2,0.4806,0.8306,0.8578,0.7413,0.7953,808,146,251,YOLOv11,small
e_VT,True,yolo11n,2.6,64,8,2,0.5319,0.8467,0.8471,0.7743,0.8091,408,82,73,YOLOv11,small
e_VT,False,yolo11n,2.6,64,8,2,0.5618,0.8631,0.8321,0.7895,0.8102,408,94,54,YOLOv11,small
e_VT,True,yolo11n,2.6,200,8,2,0.6001,0.8999,0.9065,0.8079,0.8544,408,60,58,YOLOv11,small
e_VT,False,yolo11n,2.6,200,8,2,0.6071,0.9183,0.8705,0.8729,0.8717,408,49,57,YOLOv11,small
e_IMU,True,yolo12x,59.1,16,8,3,0.298,0.5681,0.6559,0.4963,0.565,808,379,219,YOLOv12,large
e_IMU,False,yolo12x,59.1,16,8,3,0.374,0.6515,0.6619,0.5767,0.6164,808,351,183,YOLOv12,large
e_IMU,True,yolo12x,59.1,64,8,3,0.4846,0.7825,0.7827,0.7005,0.7393,808,236,126,YOLOv12,large
e_IMU,False,yolo12x,59.1,64,8,3,0.4702,0.7972,0.7918,0.724,0.7564,808,182,196,YOLOv12,large
e_IMU,True,yolo12x,59.1,200,8,3,0.5371,0.8552,0.8624,0.7735,0.8156,808,138,154,YOLOv12,large
e_IMU,True,rtdetr-x,86.0,16,8,1,0.4067,0.7414,0.7939,0.6795,0.7322,808,176,436,DETR,large
e_IMU,False,rtdetr-x,86.0,16,8,1,0.402,0.7527,0.8329,0.6572,0.7347,808,137,654,DETR,large
e_VT,True,rtdetr-x,86.0,16,8,1,0.3455,0.6499,0.8056,0.5891,0.6805,408,177,34,DETR,large
e_VT,False,rtdetr-x,86.0,16,8,1,0.4273,0.7446,0.8703,0.6415,0.7386,408,122,67,DETR,large
e_IMU,True,rtdetr-l,45.0,16,8,1,0.4054,0.7559,0.8132,0.6842,0.7431,808,152,570,DETR,small
e_IMU,False,rtdetr-l,45.0,16,8,1,0.3888,0.7267,0.7554,0.6807,0.7161,808,174,491,DETR,small
e_VT,True,rtdetr-l,45.0,16,8,1,0.3761,0.7103,0.7969,0.6471,0.7142,408,133,67,DETR,small
e_VT,False,rtdetr-l,45.0,16,8,1,0.4682,0.8207,0.7972,0.7517,0.7738,408,62,192,DETR,small
e_IMU,True,yolo12n,2.6,16,8,1,0.3238,0.6791,0.7674,0.5681,0.6528,808,242,387,YOLOv12,small
e_IMU,False,yolo12n,2.6,16,8,1,0.3777,0.7155,0.822,0.583,0.6822,808,254,234,YOLOv12,small
e_VT,True,yolo12n,2.6,16,8,1,0.3661,0.626,0.605,0.5368,0.5688,408,269,12,YOLOv12,small
e_VT,False,yolo12n,2.6,16,8,1,0.4174,0.7419,0.7668,0.6446,0.7004,408,128,110,YOLOv12,small
e_IMU,True,yolo11n,2.6,16,8,1,0.3555,0.6978,0.7603,0.5965,0.6685,808,263,283,YOLOv11,small
e_IMU,False,yolo11n,2.6,16,8,1,0.3898,0.7495,0.8171,0.6213,0.7058,808,239,207,YOLOv11,small
e_VT,True,yolo11n,2.6,16,8,1,0.3303,0.6785,0.7819,0.5809,0.6666,408,128,188,YOLOv11,small
e_VT,False,yolo11n,2.6,16,8,1,0.4376,0.7863,0.8066,0.6863,0.7416,408,141,43,YOLOv11,small
e_IMU,True,rtdetr-x,86.0,16,8,2,0.3046,0.6068,0.6982,0.5792,0.6331,808,205,1090,DETR,large
e_IMU,False,rtdetr-x,86.0,16,8,2,0.4054,0.7464,0.7566,0.7129,0.7341,808,139,523,DETR,large
e_VT,True,rtdetr-x,86.0,16,8,2,0.41,0.7514,0.8364,0.6767,0.7481,408,112,86,DETR,large
e_VT,False,rtdetr-x,86.0,16,8,2,0.5175,0.83,0.8049,0.7549,0.7791,408,58,253,DETR,large
e_IMU,True,rtdetr-l,45.0,16,8,2,0.3605,0.6885,0.8109,0.6316,0.7101,808,222,381,DETR,small
e_IMU,False,rtdetr-l,45.0,16,8,2,0.3883,0.7078,0.8035,0.6476,0.7171,808,187,515,DETR,small
e_VT,True,rtdetr-l,45.0,16,8,2,0.4565,0.805,0.8201,0.7328,0.774,408,59,309,DETR,small
e_VT,False,rtdetr-l,45.0,16,8,2,0.4877,0.8048,0.837,0.7475,0.7897,408,67,167,DETR,small
e_IMU,True,yolo12n,2.6,16,8,2,0.3319,0.6141,0.7319,0.495,0.5906,808,410,97,YOLOv12,small
e_IMU,False,yolo12n,2.6,16,8,2,0.3579,0.7181,0.7971,0.6324,0.7053,808,198,394,YOLOv12,small
e_VT,True,yolo12n,2.6,16,8,2,0.3972,0.707,0.7195,0.6569,0.6867,408,135,93,YOLOv12,small
e_VT,False,yolo12n,2.6,16,8,2,0.4914,0.7966,0.8401,0.7206,0.7758,408,106,56,YOLOv12,small
e_IMU,True,yolo11n,2.6,16,8,2,0.351,0.6423,0.7139,0.5149,0.5983,808,423,99,YOLOv11,small
e_IMU,False,yolo11n,2.6,16,8,2,0.3842,0.6936,0.7803,0.5891,0.6714,808,313,122,YOLOv11,small
e_VT,True,yolo11n,2.6,16,8,2,0.4174,0.7318,0.7355,0.6422,0.6857,408,135,101,YOLOv11,small
e_VT,False,yolo11n,2.6,16,8,2,0.4743,0.7923,0.8335,0.6871,0.7533,408,127,50,YOLOv11,small
e_IMU,True,rtdetr-x,86.0,16,8,3,0.3145,0.6132,0.7168,0.5446,0.6189,808,255,590,DETR,large
e_IMU,False,rtdetr-x,86.0,16,8,3,0.3689,0.7099,0.7509,0.6287,0.6844,808,188,492,DETR,large
e_VT,True,rtdetr-x,86.0,16,8,3,0.3981,0.7597,0.731,0.6794,0.7043,408,33,1241,DETR,large
e_VT,False,rtdetr-x,86.0,16,8,3,0.4869,0.8029,0.9174,0.7132,0.8025,408,84,74,DETR,large
e_IMU,True,rtdetr-l,45.0,16,8,3,0.3293,0.6182,0.7079,0.5903,0.6438,808,286,312,DETR,small
e_IMU,False,rtdetr-l,45.0,16,8,3,0.3794,0.7053,0.8006,0.621,0.6994,808,216,392,DETR,small
e_VT,True,rtdetr-l,45.0,16,8,3,0.3883,0.7225,0.8084,0.6348,0.7112,408,133,84,DETR,small
e_VT,False,rtdetr-l,45.0,16,8,3,0.4957,0.8272,0.7864,0.7598,0.7729,408,34,536,DETR,small
e_IMU,True,yolo12n,2.6,16,8,3,0.3181,0.5939,0.6514,0.5149,0.5751,808,389,183,YOLOv12,small
e_IMU,False,yolo12n,2.6,16,8,3,0.3507,0.7009,0.8065,0.599,0.6874,808,199,492,YOLOv12,small
e_VT,True,yolo12n,2.6,16,8,3,0.3861,0.6991,0.8002,0.5988,0.685,408,131,121,YOLOv12,small
e_VT,False,yolo12n,2.6,16,8,3,0.4969,0.8143,0.8578,0.7059,0.7745,408,106,57,YOLOv12,small
e_IMU,True,yolo11n,2.6,16,8,3,0.3347,0.6547,0.6986,0.5891,0.6392,808,236,519,YOLOv11,small
e_IMU,False,yolo11n,2.6,16,8,3,0.3622,0.6913,0.7451,0.5941,0.6611,808,262,259,YOLOv11,small
e_VT,True,yolo11n,2.6,16,8,3,0.4315,0.785,0.8159,0.6814,0.7426,408,139,42,YOLOv11,small
e_VT,False,yolo11n,2.6,16,8,3,0.5091,0.817,0.8572,0.7328,0.7901,408,116,40,YOLOv11,small
e_IMU,True,rtdetr-x,86.0,16,8,4,0.3803,0.7223,0.7709,0.6708,0.7174,808,190,346,DETR,large
e_IMU,False,rtdetr-x,86.0,16,8,4,0.4114,0.7394,0.768,0.7129,0.7394,808,202,207,DETR,large
e_VT,True,rtdetr-x,86.0,16,8,4,0.3858,0.7431,0.8048,0.6225,0.702,408,84,227,DETR,large
e_VT,False,rtdetr-x,86.0,16,8,4,0.5217,0.8483,0.8184,0.7745,0.7959,408,38,281,DETR,large
e_IMU,True,rtdetr-l,45.0,16,8,4,0.3947,0.7502,0.7763,0.7005,0.7364,808,175,264,DETR,small
e_IMU,False,rtdetr-l,45.0,16,8,4,0.4393,0.7792,0.8294,0.7162,0.7687,808,155,463,DETR,small
e_VT,True,rtdetr-l,45.0,16,8,4,0.4186,0.7618,0.8493,0.6765,0.7531,408,111,102,DETR,small
e_VT,False,rtdetr-l,45.0,16,8,4,0.5406,0.8657,0.8859,0.75,0.8123,408,46,202,DETR,small
e_IMU,True,yolo12n,2.6,16,8,4,0.3411,0.6871,0.7248,0.6262,0.6719,808,280,174,YOLOv12,small
e_IMU,False,yolo12n,2.6,16,8,4,0.3796,0.7174,0.7892,0.6023,0.6832,808,223,276,YOLOv12,small
e_VT,True,yolo12n,2.6,16,8,4,0.3406,0.6642,0.6555,0.6446,0.65,408,83,446,YOLOv12,small
e_VT,False,yolo12n,2.6,16,8,4,0.5254,0.8347,0.8755,0.7066,0.782,408,105,63,YOLOv12,small
e_IMU,True,yolo11n,2.6,16,8,4,0.3601,0.6905,0.6603,0.6498,0.655,808,301,179,YOLOv11,small
e_IMU,False,yolo11n,2.6,16,8,4,0.3983,0.7519,0.7908,0.6312,0.7021,808,241,190,YOLOv11,small
e_VT,True,yolo11n,2.6,16,8,4,0.3511,0.6836,0.7672,0.6225,0.6873,408,108,235,YOLOv11,small
e_VT,False,yolo11n,2.6,16,8,4,0.4904,0.8258,0.8252,0.7647,0.7938,408,82,98,YOLOv11,small
e_IMU,True,rtdetr-x,86.0,16,8,5,0.3582,0.727,0.7197,0.6992,0.7093,808,169,503,DETR,large
e_IMU,False,rtdetr-x,86.0,16,8,5,0.4179,0.7744,0.8168,0.698,0.7527,808,151,388,DETR,large
e_VT,True,rtdetr-x,86.0,16,8,5,0.3861,0.7221,0.8119,0.6373,0.7141,408,64,624,DETR,large
e_VT,False,rtdetr-x,86.0,16,8,5,0.493,0.8037,0.8237,0.7329,0.7756,408,53,427,DETR,large
e_IMU,True,rtdetr-l,45.0,16,8,5,0.3542,0.698,0.7635,0.6287,0.6896,808,243,232,DETR,small
e_IMU,False,rtdetr-l,45.0,16,8,5,0.4113,0.7677,0.8001,0.7141,0.7547,808,154,388,DETR,small
e_VT,True,rtdetr-l,45.0,16,8,5,0.4079,0.7642,0.788,0.6495,0.7121,408,63,351,DETR,small
e_VT,False,rtdetr-l,45.0,16,8,5,0.5288,0.8312,0.7961,0.756,0.7755,408,47,230,DETR,small
e_IMU,True,yolo12n,2.6,16,8,5,0.3099,0.6209,0.6027,0.5767,0.5894,808,381,184,YOLOv12,small
e_IMU,False,yolo12n,2.6,16,8,5,0.3444,0.7184,0.7925,0.6334,0.7041,808,171,458,YOLOv12,small
e_VT,True,yolo12n,2.6,16,8,5,0.3711,0.7224,0.8118,0.652,0.7232,408,103,192,YOLOv12,small
e_VT,False,yolo12n,2.6,16,8,5,0.4493,0.8176,0.8178,0.7475,0.7811,408,70,163,YOLOv12,small
e_IMU,True,yolo11n,2.6,16,8,5,0.3444,0.7213,0.7629,0.6386,0.6953,808,239,209,YOLOv11,small
e_IMU,False,yolo11n,2.6,16,8,5,0.3659,0.7531,0.8309,0.6101,0.7036,808,189,351,YOLOv11,small
e_VT,True,yolo11n,2.6,16,8,5,0.4563,0.7952,0.826,0.6887,0.7512,408,134,46,YOLOv11,small
e_VT,False,yolo11n,2.6,16,8,5,0.4987,0.8299,0.8154,0.7686,0.7913,408,74,124,YOLOv11,small
e_IMU,True,rtdetr-x,86.0,16,8,6,0.3994,0.7597,0.7739,0.6795,0.7236,808,158,425,DETR,large
e_IMU,False,rtdetr-x,86.0,16,8,6,0.3883,0.7363,0.7437,0.6807,0.7108,808,131,612,DETR,large
e_VT,True,rtdetr-x,86.0,16,8,6,0.391,0.6842,0.7931,0.6348,0.7052,408,134,88,DETR,large
e_VT,False,rtdetr-x,86.0,16,8,6,0.5101,0.8321,0.8649,0.701,0.7744,408,44,318,DETR,large
e_IMU,True,rtdetr-l,45.0,16,8,6,0.3702,0.711,0.6814,0.6993,0.6902,808,159,727,DETR,small
e_IMU,False,rtdetr-l,45.0,16,8,6,0.3539,0.6989,0.7527,0.6779,0.7133,808,218,254,DETR,small
e_VT,True,rtdetr-l,45.0,16,8,6,0.46,0.7811,0.8004,0.7273,0.7621,408,67,261,DETR,small
e_VT,False,rtdetr-l,45.0,16,8,6,0.5105,0.8462,0.7919,0.7721,0.7819,408,38,407,DETR,small
e_IMU,True,yolo12n,2.6,16,8,6,0.3241,0.6862,0.8118,0.5766,0.6743,808,208,437,YOLOv12,small
e_IMU,False,yolo12n,2.6,16,8,6,0.3651,0.7248,0.6901,0.6697,0.6798,808,250,200,YOLOv12,small
e_VT,True,yolo12n,2.6,16,8,6,0.3636,0.6792,0.7566,0.5711,0.6509,408,187,48,YOLOv12,small
e_VT,False,yolo12n,2.6,16,8,6,0.4788,0.8201,0.8272,0.7059,0.7617,408,56,289,YOLOv12,small
e_IMU,True,yolo11n,2.6,16,8,6,0.3208,0.697,0.7259,0.6287,0.6738,808,231,323,YOLOv11,small
e_IMU,False,yolo11n,2.6,16,8,6,0.3762,0.7274,0.796,0.6035,0.6865,808,260,215,YOLOv11,small
e_VT,True,yolo11n,2.6,16,8,6,0.3762,0.6925,0.7959,0.5931,0.6797,408,139,124,YOLOv11,small
e_VT,False,yolo11n,2.6,16,8,6,0.4821,0.7978,0.809,0.7162,0.7598,408,131,56,YOLOv11,small
e_IMU,True,rtdetr-x,86.0,16,8,7,0.3878,0.733,0.8037,0.6411,0.7132,808,192,424,DETR,large
e_IMU,False,rtdetr-x,86.0,16,8,7,0.3991,0.7467,0.8186,0.6646,0.7336,808,182,308,DETR,large
e_VT,True,rtdetr-x,86.0,16,8,7,0.4472,0.7443,0.7811,0.6765,0.7251,408,101,154,DETR,large
e_VT,False,rtdetr-x,86.0,16,8,7,0.4859,0.8184,0.8241,0.7377,0.7785,408,54,431,DETR,large
e_IMU,True,rtdetr-l,45.0,16,8,7,0.3623,0.7022,0.8053,0.6092,0.6937,808,203,549,DETR,small
e_IMU,False,rtdetr-l,45.0,16,8,7,0.3703,0.723,0.7684,0.6634,0.712,808,176,490,DETR,small
e_VT,True,rtdetr-l,45.0,16,8,7,0.4396,0.7435,0.763,0.6936,0.7267,408,80,270,DETR,small
e_VT,False,rtdetr-l,45.0,16,8,7,0.4692,0.7935,0.8006,0.6791,0.7349,408,38,1118,DETR,small
e_IMU,True,yolo12n,2.6,16,8,7,0.3202,0.6174,0.6296,0.5248,0.5724,808,356,214,YOLOv12,small
e_IMU,False,yolo12n,2.6,16,8,7,0.3582,0.6811,0.6908,0.6077,0.6466,808,293,217,YOLOv12,small
e_VT,True,yolo12n,2.6,16,8,7,0.3931,0.7132,0.7916,0.6611,0.7205,408,116,112,YOLOv12,small
e_VT,False,yolo12n,2.6,16,8,7,0.4673,0.7844,0.8097,0.7194,0.7619,408,108,66,YOLOv12,small
e_IMU,True,yolo11n,2.6,16,8,7,0.3146,0.6488,0.6579,0.599,0.6271,808,301,248,YOLOv11,small
e_IMU,False,yolo11n,2.6,16,8,7,0.3693,0.7133,0.8283,0.5853,0.6859,808,228,308,YOLOv11,small
e_VT,True,yolo11n,2.6,16,8,7,0.4267,0.7231,0.7886,0.6054,0.6849,408,146,83,YOLOv11,small
e_VT,False,yolo11n,2.6,16,8,7,0.502,0.8137,0.8063,0.7549,0.7798,408,88,114,YOLOv11,small
e_IMU,True,rtdetr-x,86.0,16,8,8,0.3611,0.7015,0.7651,0.646,0.7005,808,202,357,DETR,large
e_IMU,False,rtdetr-x,86.0,16,8,8,0.422,0.7719,0.8086,0.69,0.7446,808,128,653,DETR,large
e_VT,True,rtdetr-x,86.0,16,8,8,0.3434,0.6446,0.7066,0.549,0.6179,408,53,1505,DETR,large
e_VT,False,rtdetr-x,86.0,16,8,8,0.4788,0.8003,0.7994,0.6838,0.7371,408,39,591,DETR,large
e_IMU,True,rtdetr-l,45.0,16,8,8,0.3784,0.716,0.7549,0.6597,0.7041,808,194,407,DETR,small
e_IMU,False,rtdetr-l,45.0,16,8,8,0.4371,0.7734,0.8086,0.7111,0.7567,808,145,495,DETR,small
e_VT,True,rtdetr-l,45.0,16,8,8,0.3923,0.7605,0.7582,0.684,0.7192,408,49,602,DETR,small
e_VT,False,rtdetr-l,45.0,16,8,8,0.4885,0.8088,0.7669,0.7176,0.7414,408,48,438,DETR,small
e_IMU,True,yolo12n,2.6,16,8,8,0.3402,0.6436,0.7792,0.5087,0.6155,808,304,283,YOLOv12,small
e_IMU,False,yolo12n,2.6,16,8,8,0.3961,0.7635,0.8346,0.6658,0.7407,808,174,391,YOLOv12,small
e_VT,True,yolo12n,2.6,16,8,8,0.3137,0.6062,0.68,0.5208,0.5898,408,229,54,YOLOv12,small
e_VT,False,yolo12n,2.6,16,8,8,0.4567,0.8123,0.8369,0.7304,0.78,408,81,159,YOLOv12,small
e_IMU,True,yolo11n,2.6,16,8,8,0.3465,0.6781,0.7963,0.5854,0.6748,808,217,502,YOLOv11,small
e_IMU,False,yolo11n,2.6,16,8,8,0.3693,0.7231,0.7742,0.6399,0.7006,808,167,715,YOLOv11,small
e_VT,True,yolo11n,2.6,16,8,8,0.3246,0.6541,0.7118,0.576,0.6367,408,154,140,YOLOv11,small
e_VT,False,yolo11n,2.6,16,8,8,0.4624,0.8009,0.7361,0.7521,0.744,408,81,136,YOLOv11,small
e_IMU,True,rtdetr-x,86.0,16,8,9,0.3929,0.7253,0.7735,0.6806,0.7241,808,189,408,DETR,large
e_IMU,False,rtdetr-x,86.0,16,8,9,0.4166,0.7715,0.8303,0.6906,0.754,808,152,412,DETR,large
e_VT,True,rtdetr-x,86.0,16,8,9,0.3775,0.7246,0.7878,0.6324,0.7016,408,66,700,DETR,large
e_VT,False,rtdetr-x,86.0,16,8,9,0.4699,0.7914,0.8417,0.7035,0.7664,408,70,246,DETR,large
e_IMU,True,rtdetr-l,45.0,16,8,9,0.3578,0.7031,0.7953,0.6535,0.7175,808,233,160,DETR,small
e_IMU,False,rtdetr-l,45.0,16,8,9,0.4133,0.7484,0.8129,0.6757,0.738,808,185,356,DETR,small
e_VT,True,rtdetr-l,45.0,16,8,9,0.4165,0.749,0.7303,0.7101,0.7201,408,49,859,DETR,small
e_VT,False,rtdetr-l,45.0,16,8,9,0.4705,0.7907,0.8105,0.7132,0.7588,408,88,160,DETR,small
e_IMU,True,yolo12n,2.6,16,8,9,0.3141,0.6757,0.7604,0.5853,0.6615,808,228,373,YOLOv12,small
e_IMU,False,yolo12n,2.6,16,8,9,0.3727,0.7158,0.7561,0.6521,0.7002,808,239,216,YOLOv12,small
e_VT,True,yolo12n,2.6,16,8,9,0.3304,0.6625,0.7023,0.6188,0.6579,408,96,361,YOLOv12,small
e_VT,False,yolo12n,2.6,16,8,9,0.4702,0.8007,0.8243,0.7129,0.7646,408,88,111,YOLOv12,small
e_IMU,True,yolo11n,2.6,16,8,9,0.3448,0.6809,0.755,0.5949,0.6654,808,324,111,YOLOv11,small
e_IMU,False,yolo11n,2.6,16,8,9,0.3751,0.7215,0.8182,0.6101,0.699,808,245,187,YOLOv11,small
e_VT,True,yolo11n,2.6,16,8,9,0.3369,0.6485,0.703,0.5975,0.646,408,140,148,YOLOv11,small
e_VT,False,yolo11n,2.6,16,8,9,0.4823,0.8158,0.8832,0.6789,0.7677,408,96,97,YOLOv11,small
e_IMU,True,rtdetr-x,86.0,16,8,10,0.339,0.6839,0.7436,0.6361,0.6857,808,238,300,DETR,large
e_IMU,False,rtdetr-x,86.0,16,8,10,0.3167,0.6779,0.7133,0.6188,0.6627,808,222,336,DETR,large
e_VT,True,rtdetr-x,86.0,16,8,10,0.4204,0.7543,0.8114,0.6431,0.7175,408,70,487,DETR,large
e_VT,False,rtdetr-x,86.0,16,8,10,0.4319,0.7596,0.8661,0.6814,0.7627,408,114,64,DETR,large
e_IMU,True,rtdetr-l,45.0,16,8,10,0.36,0.7132,0.795,0.624,0.6992,808,184,527,DETR,small
e_IMU,False,rtdetr-l,45.0,16,8,10,0.3762,0.7444,0.761,0.6906,0.7241,808,126,949,DETR,small
e_VT,True,rtdetr-l,45.0,16,8,10,0.4289,0.7437,0.8475,0.6544,0.7385,408,119,104,DETR,small
e_VT,False,rtdetr-l,45.0,16,8,10,0.5102,0.8478,0.8326,0.7304,0.7782,408,43,282,DETR,small
e_IMU,True,yolo12n,2.6,16,8,10,0.2779,0.5856,0.6069,0.5421,0.5727,808,360,221,YOLOv12,small
e_IMU,False,yolo12n,2.6,16,8,10,0.3145,0.6191,0.6064,0.5767,0.5912,808,313,287,YOLOv12,small
e_VT,True,yolo12n,2.6,16,8,10,0.382,0.713,0.7573,0.6225,0.6834,408,146,95,YOLOv12,small
e_VT,False,yolo12n,2.6,16,8,10,0.4937,0.8062,0.8178,0.7043,0.7568,408,99,99,YOLOv12,small
e_IMU,True,yolo11n,2.6,16,8,10,0.2943,0.5808,0.6198,0.5044,0.5562,808,415,155,YOLOv11,small
e_IMU,False,yolo11n,2.6,16,8,10,0.3296,0.6447,0.6764,0.5619,0.6139,808,337,201,YOLOv11,small
e_VT,True,yolo11n,2.6,16,8,10,0.3992,0.7144,0.8105,0.6029,0.6915,408,109,180,YOLOv11,small
e_VT,False,yolo11n,2.6,16,8,10,0.4745,0.7818,0.9036,0.6324,0.744,408,141,46,YOLOv11,small
e_IMU,True,yolo12x,59.1,16,7,1,0.4123,0.7045,0.8065,0.5446,0.6501,808,389,60,YOLOv12,large
e_IMU,False,yolo12x,59.1,16,7,1,0.436,0.7638,0.8064,0.6844,0.7404,808,218,165,YOLOv12,large
e_IMU,True,yolo12x,59.1,64,7,1,0.4639,0.7555,0.79,0.6426,0.7087,808,297,99,YOLOv12,large
e_IMU,False,yolo12x,59.1,64,7,1,0.4682,0.7665,0.8079,0.6611,0.7272,808,248,116,YOLOv12,large
e_IMU,True,yolo12x,59.1,200,7,1,0.4884,0.8279,0.9131,0.7364,0.8153,808,140,221,YOLOv12,large
e_IMU,False,yolo12x,59.1,200,7,1,0.5121,0.8533,0.8945,0.7558,0.8193,808,111,310,YOLOv12,large
e_VT,True,yolo12x,59.1,16,7,1,0.3987,0.6875,0.634,0.6495,0.6416,408,220,40,YOLOv12,large
e_VT,False,yolo12x,59.1,16,7,1,0.4709,0.7887,0.7664,0.7157,0.7402,408,79,174,YOLOv12,large
e_VT,True,yolo12x,59.1,64,7,1,0.5364,0.8306,0.8276,0.7451,0.7842,408,117,41,YOLOv12,large
e_VT,False,yolo12x,59.1,64,7,1,0.5702,0.8902,0.8572,0.8382,0.8476,408,47,98,YOLOv12,large
e_VT,True,yolo12x,59.1,200,7,1,0.6111,0.9052,0.8923,0.8322,0.8612,408,60,42,YOLOv12,large
e_VT,False,yolo12x,59.1,200,7,1,0.63,0.9046,0.8784,0.85,0.864,408,54,52,YOLOv12,large
e_IMU,True,yolo11x,56.9,16,7,1,0.3967,0.7029,0.7389,0.599,0.6617,808,425,47,YOLOv11,large
e_IMU,False,yolo11x,56.9,16,7,1,0.4554,0.789,0.8267,0.685,0.7492,808,194,188,YOLOv11,large
e_IMU,True,yolo11x,56.9,64,7,1,0.4611,0.7667,0.7705,0.6775,0.721,808,265,114,YOLOv11,large
e_IMU,False,yolo11x,56.9,64,7,1,0.4637,0.7844,0.8754,0.6547,0.7491,808,208,188,YOLOv11,large
e_IMU,True,yolo11x,56.9,200,7,1,0.5038,0.8623,0.8762,0.7772,0.8237,808,111,193,YOLOv11,large
e_IMU,False,yolo11x,56.9,200,7,1,0.5164,0.8689,0.8863,0.7723,0.8254,808,125,199,YOLOv11,large
e_VT,True,yolo11x,56.9,16,7,1,0.3889,0.6974,0.7527,0.6265,0.6838,408,168,50,YOLOv11,large
e_VT,False,yolo11x,56.9,16,7,1,0.4512,0.7756,0.803,0.6789,0.7358,408,159,48,YOLOv11,large
e_VT,True,yolo11x,56.9,64,7,1,0.5621,0.8523,0.8909,0.7406,0.8088,408,104,32,YOLOv11,large
e_VT,False,yolo11x,56.9,64,7,1,0.5714,0.8861,0.8652,0.8211,0.8426,408,57,81,YOLOv11,large
e_VT,True,yolo11x,56.9,200,7,1,0.5891,0.891,0.9003,0.7963,0.8451,408,70,52,YOLOv11,large
e_VT,False,yolo11x,56.9,200,7,1,0.6215,0.8983,0.8906,0.8333,0.861,408,55,50,YOLOv11,large
e_IMU,True,rtdetr-x,86.0,64,7,1,0.4162,0.7365,0.7822,0.6579,0.7147,808,124,1305,DETR,large
e_IMU,False,rtdetr-x,86.0,64,7,1,0.4419,0.7879,0.7676,0.7426,0.7549,808,151,377,DETR,large
e_IMU,True,rtdetr-x,86.0,200,7,1,0.5147,0.8619,0.88,0.7859,0.8303,808,90,479,DETR,large
e_IMU,False,rtdetr-x,86.0,200,7,1,0.5217,0.863,0.8734,0.7723,0.8197,808,102,269,DETR,large
e_VT,True,rtdetr-x,86.0,64,7,1,0.4951,0.8143,0.7849,0.7871,0.786,408,34,404,DETR,large
e_VT,False,rtdetr-x,86.0,64,7,1,0.5474,0.8712,0.7936,0.8162,0.8047,408,38,200,DETR,large
e_VT,True,rtdetr-x,86.0,200,7,1,0.5744,0.8864,0.8892,0.8235,0.8551,408,46,170,DETR,large
e_VT,False,rtdetr-x,86.0,200,7,1,0.5816,0.8971,0.905,0.7623,0.8275,408,34,195,DETR,large
e_IMU,True,rtdetr-l,45.0,64,7,1,0.4757,0.8225,0.8707,0.7191,0.7876,808,114,440,DETR,small
e_IMU,False,rtdetr-l,45.0,64,7,1,0.3982,0.7503,0.8118,0.6671,0.7324,808,135,883,DETR,small
e_IMU,True,rtdetr-l,45.0,200,7,1,0.5229,0.8624,0.9116,0.7525,0.8244,808,93,354,DETR,small
e_IMU,False,rtdetr-l,45.0,200,7,1,0.5244,0.8601,0.8482,0.7958,0.8212,808,91,351,DETR,small
e_VT,True,rtdetr-l,45.0,64,7,1,0.528,0.8365,0.8745,0.75,0.8075,408,67,97,DETR,small
e_VT,False,rtdetr-l,45.0,64,7,1,0.539,0.8692,0.8563,0.818,0.8367,408,38,282,DETR,small
e_VT,True,rtdetr-l,45.0,200,7,1,0.5576,0.8621,0.8716,0.7941,0.8311,408,42,198,DETR,small
e_VT,False,rtdetr-l,45.0,200,7,1,0.5687,0.8903,0.8845,0.7794,0.8286,408,35,196,DETR,small
e_IMU,True,yolo12n,2.6,64,7,1,0.4185,0.7435,0.8348,0.6004,0.6984,808,280,145,YOLOv12,small
e_IMU,False,yolo12n,2.6,64,7,1,0.4416,0.784,0.83,0.6767,0.7456,808,174,280,YOLOv12,small
e_IMU,True,yolo12n,2.6,200,7,1,0.4724,0.8415,0.8789,0.7413,0.8043,808,99,411,YOLOv12,small
e_IMU,False,yolo12n,2.6,200,7,1,0.495,0.86,0.871,0.755,0.8088,808,136,213,YOLOv12,small
e_VT,True,yolo12n,2.6,64,7,1,0.5169,0.8489,0.8315,0.7984,0.8146,408,55,177,YOLOv12,small
e_VT,False,yolo12n,2.6,64,7,1,0.5359,0.8854,0.8369,0.7941,0.8149,408,37,179,YOLOv12,small
e_VT,True,yolo12n,2.6,200,7,1,0.5937,0.8913,0.8757,0.826,0.8501,408,62,65,YOLOv12,small
e_VT,False,yolo12n,2.6,200,7,1,0.5928,0.9007,0.874,0.833,0.853,408,55,63,YOLOv12,small
e_IMU,True,yolo11n,2.6,64,7,1,0.4373,0.7607,0.8257,0.6337,0.717,808,268,121,YOLOv11,small
e_IMU,False,yolo11n,2.6,64,7,1,0.4473,0.7828,0.8226,0.6597,0.7322,808,213,168,YOLOv11,small
e_IMU,True,yolo11n,2.6,200,7,1,0.4916,0.838,0.8629,0.7475,0.8011,808,155,187,YOLOv11,small
e_IMU,False,yolo11n,2.6,200,7,1,0.5119,0.8607,0.8729,0.7859,0.8271,808,123,240,YOLOv11,small
e_VT,True,yolo11n,2.6,64,7,1,0.5228,0.8592,0.8876,0.755,0.816,408,75,100,YOLOv11,small
e_VT,False,yolo11n,2.6,64,7,1,0.5548,0.8873,0.8647,0.7843,0.8226,408,57,136,YOLOv11,small
e_VT,True,yolo11n,2.6,200,7,1,0.6167,0.9011,0.8929,0.8358,0.8634,408,61,45,YOLOv11,small
e_VT,False,yolo11n,2.6,200,7,1,0.5935,0.916,0.9071,0.8309,0.8673,408,47,67,YOLOv11,small
e_IMU,True,yolo12x,59.1,16,7,2,0.3354,0.6359,0.7333,0.5186,0.6075,808,429,73,YOLOv12,large
e_IMU,False,yolo12x,59.1,16,7,2,0.4088,0.7248,0.722,0.6524,0.6854,808,273,173,YOLOv12,large
e_IMU,True,yolo12x,59.1,64,7,2,0.4604,0.7757,0.7745,0.7054,0.7384,808,202,197,YOLOv12,large
e_IMU,False,yolo12x,59.1,64,7,2,0.4761,0.7888,0.8014,0.7104,0.7531,808,200,172,YOLOv12,large
e_IMU,True,yolo12x,59.1,200,7,2,0.5365,0.8613,0.861,0.7809,0.819,808,140,163,YOLOv12,large
e_IMU,False,yolo12x,59.1,200,7,2,0.5116,0.8597,0.8596,0.7772,0.8163,808,114,242,YOLOv12,large
e_VT,True,yolo12x,59.1,16,7,2,0.4271,0.7146,0.8518,0.549,0.6677,408,212,20,YOLOv12,large
e_VT,False,yolo12x,59.1,16,7,2,0.4845,0.8274,0.8352,0.7279,0.7779,408,79,120,YOLOv12,large
e_VT,True,yolo12x,59.1,64,7,2,0.5182,0.8141,0.8205,0.7509,0.7842,408,109,44,YOLOv12,large
e_VT,False,yolo12x,59.1,64,7,2,0.5908,0.8868,0.8904,0.7966,0.8409,408,90,29,YOLOv12,large
e_VT,True,yolo12x,59.1,200,7,2,0.6205,0.9019,0.9045,0.8333,0.8675,408,64,50,YOLOv12,large
e_VT,False,yolo12x,59.1,200,7,2,0.6076,0.9134,0.8709,0.86,0.8654,408,49,59,YOLOv12,large
e_IMU,True,yolo11x,56.9,16,7,2,0.3823,0.6686,0.7093,0.5557,0.6232,808,448,54,YOLOv11,large
e_IMU,False,yolo11x,56.9,16,7,2,0.4115,0.7479,0.8095,0.6362,0.7124,808,251,145,YOLOv11,large
e_IMU,True,yolo11x,56.9,64,7,2,0.496,0.7883,0.7832,0.7129,0.7464,808,246,117,YOLOv11,large
e_IMU,False,yolo11x,56.9,64,7,2,0.4836,0.7793,0.7844,0.6993,0.7394,808,206,181,YOLOv11,large
e_IMU,True,yolo11x,56.9,200,7,2,0.5465,0.8592,0.8308,0.7908,0.8103,808,147,134,YOLOv11,large
e_IMU,False,yolo11x,56.9,200,7,2,0.5409,0.8504,0.8758,0.7505,0.8083,808,151,164,YOLOv11,large
e_VT,True,yolo11x,56.9,16,7,2,0.407,0.6875,0.8035,0.5196,0.6311,408,222,23,YOLOv11,large
e_VT,False,yolo11x,56.9,16,7,2,0.4967,0.8107,0.7934,0.6985,0.743,408,134,41,YOLOv11,large
e_VT,True,yolo11x,56.9,64,7,2,0.5132,0.8157,0.8762,0.7132,0.7864,408,93,69,YOLOv11,large
e_VT,False,yolo11x,56.9,64,7,2,0.5816,0.8865,0.8769,0.8032,0.8384,408,65,76,YOLOv11,large
e_VT,True,yolo11x,56.9,200,7,2,0.6263,0.9016,0.8991,0.8296,0.8629,408,61,44,YOLOv11,large
e_VT,False,yolo11x,56.9,200,7,2,0.6322,0.9145,0.8915,0.8554,0.8731,408,52,51,YOLOv11,large
e_IMU,True,rtdetr-x,86.0,64,7,2,0.45,0.7866,0.8089,0.7228,0.7634,808,158,286,DETR,large
e_IMU,False,rtdetr-x,86.0,64,7,2,0.4893,0.8283,0.8176,0.7713,0.7938,808,108,475,DETR,large
e_IMU,True,rtdetr-x,86.0,200,7,2,0.4975,0.8532,0.8628,0.7748,0.8164,808,107,228,DETR,large
e_IMU,False,rtdetr-x,86.0,200,7,2,0.5268,0.878,0.879,0.8001,0.8377,808,72,351,DETR,large
e_VT,True,rtdetr-x,86.0,64,7,2,0.4654,0.8138,0.7962,0.75,0.7724,408,24,1068,DETR,large
e_VT,False,rtdetr-x,86.0,64,7,2,0.563,0.8835,0.8362,0.7966,0.8159,408,28,344,DETR,large
e_VT,True,rtdetr-x,86.0,200,7,2,0.5213,0.8544,0.8323,0.7672,0.7984,408,43,293,DETR,large
e_VT,False,rtdetr-x,86.0,200,7,2,0.573,0.8942,0.8475,0.8162,0.8316,408,33,266,DETR,large
e_IMU,True,rtdetr-l,45.0,64,7,2,0.4896,0.8305,0.8443,0.7599,0.7999,808,114,362,DETR,small
e_IMU,False,rtdetr-l,45.0,64,7,2,0.477,0.8384,0.8739,0.7512,0.8079,808,117,292,DETR,small
e_IMU,True,rtdetr-l,45.0,200,7,2,0.5069,0.8632,0.9026,0.7574,0.8237,808,96,277,DETR,small
e_IMU,False,rtdetr-l,45.0,200,7,2,0.5336,0.8647,0.8452,0.8042,0.8242,808,74,556,DETR,small
e_VT,True,rtdetr-l,45.0,64,7,2,0.5259,0.8384,0.8888,0.7638,0.8216,408,78,93,DETR,small
e_VT,False,rtdetr-l,45.0,64,7,2,0.5637,0.8886,0.8398,0.8222,0.8309,408,39,163,DETR,small
e_VT,True,rtdetr-l,45.0,200,7,2,0.5668,0.8836,0.8837,0.826,0.8538,408,53,84,DETR,small
e_VT,False,rtdetr-l,45.0,200,7,2,0.5992,0.9104,0.8635,0.8373,0.8502,408,26,278,DETR,small
e_IMU,True,yolo12n,2.6,64,7,2,0.4157,0.7428,0.8245,0.651,0.7276,808,201,314,YOLOv12,small
e_IMU,False,yolo12n,2.6,64,7,2,0.4241,0.7658,0.8215,0.6869,0.7482,808,158,333,YOLOv12,small
e_IMU,True,yolo12n,2.6,200,7,2,0.4823,0.8406,0.8692,0.7569,0.8092,808,136,231,YOLOv12,small
e_IMU,False,yolo12n,2.6,200,7,2,0.4928,0.8553,0.8822,0.7601,0.8166,808,101,363,YOLOv12,small
e_VT,True,yolo12n,2.6,64,7,2,0.5441,0.828,0.8685,0.7287,0.7925,408,116,38,YOLOv12,small
e_VT,False,yolo12n,2.6,64,7,2,0.5635,0.8647,0.912,0.7369,0.8152,408,92,52,YOLOv12,small
e_VT,True,yolo12n,2.6,200,7,2,0.6124,0.8977,0.8788,0.8351,0.8564,408,59,51,YOLOv12,small
e_VT,False,yolo12n,2.6,200,7,2,0.595,0.9008,0.8608,0.848,0.8544,408,51,72,YOLOv12,small
e_IMU,True,yolo11n,2.6,64,7,2,0.4386,0.771,0.8291,0.6498,0.7285,808,207,222,YOLOv11,small
e_IMU,False,yolo11n,2.6,64,7,2,0.4426,0.79,0.8598,0.6906,0.7659,808,158,274,YOLOv11,small
e_IMU,True,yolo11n,2.6,200,7,2,0.4947,0.8323,0.8409,0.7463,0.7908,808,146,213,YOLOv11,small
e_IMU,False,yolo11n,2.6,200,7,2,0.4958,0.8633,0.9019,0.7525,0.8204,808,118,210,YOLOv11,small
e_VT,True,yolo11n,2.6,64,7,2,0.5291,0.8298,0.8917,0.6862,0.7755,408,105,61,YOLOv11,small
e_VT,False,yolo11n,2.6,64,7,2,0.541,0.8654,0.8529,0.796,0.8235,408,74,82,YOLOv11,small
e_VT,True,yolo11n,2.6,200,7,2,0.6018,0.886,0.9032,0.8162,0.8575,408,60,50,YOLOv11,small
e_VT,False,yolo11n,2.6,200,7,2,0.5862,0.9146,0.9158,0.8267,0.869,408,42,100,YOLOv11,small
e_IMU,True,yolo12x,59.1,16,7,3,0.3334,0.6235,0.6658,0.5446,0.5991,808,390,130,YOLOv12,large
e_IMU,True,rtdetr-x,86.0,16,7,1,0.4165,0.7722,0.8435,0.6795,0.7526,808,172,328,DETR,large
e_IMU,False,rtdetr-x,86.0,16,7,1,0.4081,0.7628,0.8582,0.6815,0.7597,808,169,293,DETR,large
e_VT,True,rtdetr-x,86.0,16,7,1,0.4299,0.7794,0.7946,0.7301,0.761,408,69,331,DETR,large
e_VT,False,rtdetr-x,86.0,16,7,1,0.4959,0.8055,0.7973,0.7794,0.7883,408,66,158,DETR,large
e_IMU,True,rtdetr-l,45.0,16,7,1,0.4144,0.7618,0.8615,0.6929,0.7681,808,176,296,DETR,small
e_IMU,False,rtdetr-l,45.0,16,7,1,0.4178,0.7396,0.8251,0.6771,0.7438,808,213,191,DETR,small
e_VT,True,rtdetr-l,45.0,16,7,1,0.4443,0.7986,0.8394,0.7181,0.774,408,76,168,DETR,small
e_VT,False,rtdetr-l,45.0,16,7,1,0.4767,0.7818,0.7754,0.7022,0.737,408,100,98,DETR,small
e_IMU,True,yolo12n,2.6,16,7,1,0.329,0.6716,0.7604,0.6002,0.6709,808,273,172,YOLOv12,small
e_IMU,False,yolo12n,2.6,16,7,1,0.4202,0.759,0.8092,0.6612,0.7278,808,225,198,YOLOv12,small
e_VT,True,yolo12n,2.6,16,7,1,0.4008,0.7485,0.7948,0.6456,0.7124,408,120,117,YOLOv12,small
e_VT,False,yolo12n,2.6,16,7,1,0.4855,0.816,0.756,0.7525,0.7542,408,64,211,YOLOv12,small
e_IMU,True,yolo11n,2.6,16,7,1,0.4054,0.7402,0.7682,0.6547,0.7069,808,267,140,YOLOv11,small
e_IMU,False,yolo11n,2.6,16,7,1,0.4184,0.7754,0.8359,0.6609,0.7382,808,208,209,YOLOv11,small
e_VT,True,yolo11n,2.6,16,7,1,0.3817,0.7287,0.7791,0.6397,0.7025,408,84,270,YOLOv11,small
e_VT,False,yolo11n,2.6,16,7,1,0.4883,0.8061,0.7852,0.723,0.7528,408,132,55,YOLOv11,small
e_IMU,True,rtdetr-x,86.0,16,7,2,0.3919,0.7331,0.797,0.6733,0.7299,808,196,304,DETR,large
e_IMU,False,rtdetr-x,86.0,16,7,2,0.4168,0.7854,0.8239,0.6943,0.7536,808,131,534,DETR,large
e_VT,True,rtdetr-x,86.0,16,7,2,0.3878,0.7248,0.7891,0.6176,0.6929,408,74,469,DETR,large
e_VT,False,rtdetr-x,86.0,16,7,2,0.5046,0.8382,0.8256,0.7696,0.7966,408,55,213,DETR,large
e_IMU,True,rtdetr-l,45.0,16,7,2,0.3987,0.7468,0.8086,0.7009,0.7509,808,179,333,DETR,small
e_IMU,False,rtdetr-l,45.0,16,7,2,0.4016,0.762,0.7787,0.7141,0.745,808,162,370,DETR,small
e_VT,True,rtdetr-l,45.0,16,7,2,0.3993,0.7408,0.7515,0.7034,0.7267,408,93,149,DETR,small
e_VT,False,rtdetr-l,45.0,16,7,2,0.4905,0.8213,0.8037,0.7574,0.7799,408,41,564,DETR,small
e_IMU,True,yolo12n,2.6,16,7,2,0.2976,0.6595,0.7651,0.5693,0.6528,808,256,299,YOLOv12,small
e_IMU,False,yolo12n,2.6,16,7,2,0.3732,0.7402,0.7857,0.6473,0.7098,808,209,284,YOLOv12,small
e_VT,True,yolo12n,2.6,16,7,2,0.4219,0.734,0.7815,0.6348,0.7006,408,171,35,YOLOv12,small
e_VT,False,yolo12n,2.6,16,7,2,0.4821,0.8057,0.8147,0.7221,0.7656,408,116,57,YOLOv12,small
e_IMU,True,yolo11n,2.6,16,7,2,0.3655,0.7121,0.7619,0.5804,0.6589,808,294,186,YOLOv11,small
e_IMU,False,yolo11n,2.6,16,7,2,0.3592,0.7383,0.7711,0.646,0.703,808,228,216,YOLOv11,small
e_VT,True,yolo11n,2.6,16,7,2,0.3902,0.7607,0.8186,0.6544,0.7274,408,111,115,YOLOv11,small
e_VT,False,yolo11n,2.6,16,7,2,0.4832,0.7897,0.8202,0.6597,0.7312,408,157,37,YOLOv11,small
e_IMU,True,rtdetr-x,86.0,16,7,3,0.3956,0.7167,0.7344,0.6606,0.6956,808,167,625,DETR,large
e_IMU,False,rtdetr-x,86.0,16,7,3,0.3395,0.6576,0.685,0.5974,0.6382,808,172,776,DETR,large
e_VT,True,rtdetr-x,86.0,16,7,3,0.387,0.6969,0.7826,0.6446,0.7069,408,127,117,DETR,large
e_VT,False,rtdetr-x,86.0,16,7,3,0.4752,0.7932,0.8607,0.6912,0.7667,408,80,152,DETR,large
e_IMU,True,rtdetr-l,45.0,16,7,3,0.3526,0.6985,0.7396,0.6547,0.6946,808,212,380,DETR,small
e_IMU,False,rtdetr-l,45.0,16,7,3,0.3926,0.7325,0.7728,0.6844,0.7259,808,149,697,DETR,small
e_VT,True,rtdetr-l,45.0,16,7,3,0.3983,0.7092,0.7613,0.6487,0.7005,408,78,380,DETR,small
e_VT,False,rtdetr-l,45.0,16,7,3,0.4533,0.7851,0.818,0.7052,0.7574,408,67,328,DETR,small
e_IMU,True,yolo12n,2.6,16,7,3,0.3273,0.671,0.7651,0.5854,0.6633,808,241,397,YOLOv12,small
e_IMU,False,yolo12n,2.6,16,7,3,0.3469,0.695,0.7474,0.6411,0.6902,808,209,391,YOLOv12,small
e_VT,True,yolo12n,2.6,16,7,3,0.39,0.7284,0.8241,0.5855,0.6846,408,171,45,YOLOv12,small
e_VT,False,yolo12n,2.6,16,7,3,0.4876,0.8211,0.8199,0.7367,0.7761,408,102,64,YOLOv12,small
e_IMU,True,yolo11n,2.6,16,7,3,0.3284,0.6542,0.7128,0.5644,0.63,808,293,240,YOLOv11,small
e_IMU,False,yolo11n,2.6,16,7,3,0.3716,0.7005,0.7659,0.6101,0.6792,808,270,205,YOLOv11,small
e_VT,True,yolo11n,2.6,16,7,3,0.4175,0.7522,0.7465,0.6716,0.7071,408,152,51,YOLOv11,small
e_VT,False,yolo11n,2.6,16,7,3,0.4364,0.7624,0.8393,0.6402,0.7264,408,129,76,YOLOv11,small
e_IMU,True,rtdetr-x,86.0,16,7,4,0.3498,0.6618,0.7207,0.6069,0.6589,808,246,388,DETR,large
e_IMU,False,rtdetr-x,86.0,16,7,4,0.3887,0.7446,0.7962,0.6624,0.7232,808,169,562,DETR,large
e_VT,True,rtdetr-x,86.0,16,7,4,0.3963,0.7067,0.7193,0.6716,0.6946,408,127,95,DETR,large
e_VT,False,rtdetr-x,86.0,16,7,4,0.4844,0.8166,0.8424,0.7206,0.7767,408,54,323,DETR,large
e_IMU,True,rtdetr-l,45.0,16,7,4,0.3905,0.7087,0.7684,0.6658,0.7135,808,189,482,DETR,small
e_IMU,False,rtdetr-l,45.0,16,7,4,0.3858,0.7158,0.7692,0.6597,0.7102,808,198,337,DETR,small
e_VT,True,rtdetr-l,45.0,16,7,4,0.4008,0.7463,0.75,0.7133,0.7312,408,113,90,DETR,small
e_VT,False,rtdetr-l,45.0,16,7,4,0.4884,0.8287,0.8703,0.723,0.7899,408,56,309,DETR,small
e_IMU,True,yolo12n,2.6,16,7,4,0.2864,0.6344,0.75,0.5569,0.6392,808,267,422,YOLOv12,small
e_IMU,False,yolo12n,2.6,16,7,4,0.3417,0.6901,0.7922,0.5899,0.6762,808,244,247,YOLOv12,small
e_VT,True,yolo12n,2.6,16,7,4,0.3245,0.6601,0.6886,0.6373,0.6619,408,120,177,YOLOv12,small
e_VT,False,yolo12n,2.6,16,7,4,0.4637,0.7983,0.798,0.6936,0.7422,408,95,115,YOLOv12,small
e_IMU,True,yolo11n,2.6,16,7,4,0.3541,0.6558,0.7321,0.5458,0.6254,808,355,137,YOLOv11,small
e_IMU,False,yolo11n,2.6,16,7,4,0.3658,0.7095,0.7508,0.6116,0.6741,808,269,192,YOLOv11,small
e_VT,True,yolo11n,2.6,16,7,4,0.3625,0.6659,0.6974,0.6158,0.6541,408,170,77,YOLOv11,small
e_VT,False,yolo11n,2.6,16,7,4,0.4813,0.8206,0.8207,0.7293,0.7723,408,75,206,YOLOv11,small
e_IMU,True,rtdetr-x,86.0,16,7,5,0.3966,0.7327,0.7889,0.6832,0.7322,808,199,261,DETR,large
e_IMU,False,rtdetr-x,86.0,16,7,5,0.4171,0.7804,0.8386,0.6918,0.7582,808,150,415,DETR,large
e_VT,True,rtdetr-x,86.0,16,7,5,0.3996,0.7285,0.7667,0.6544,0.7061,408,84,289,DETR,large
e_VT,False,rtdetr-x,86.0,16,7,5,0.5297,0.8466,0.8338,0.7647,0.7978,408,46,211,DETR,large
e_IMU,True,rtdetr-l,45.0,16,7,5,0.3744,0.7078,0.7461,0.6559,0.6981,808,211,298,DETR,small
e_IMU,False,rtdetr-l,45.0,16,7,5,0.4182,0.7833,0.8007,0.7109,0.7531,808,149,353,DETR,small
e_VT,True,rtdetr-l,45.0,16,7,5,0.4628,0.7969,0.7496,0.7426,0.7461,408,53,284,DETR,small
e_VT,False,rtdetr-l,45.0,16,7,5,0.5053,0.8361,0.8065,0.7598,0.7825,408,37,535,DETR,small
e_IMU,True,yolo12n,2.6,16,7,5,0.3567,0.6723,0.7885,0.5538,0.6506,808,341,120,YOLOv12,small
e_IMU,False,yolo12n,2.6,16,7,5,0.3869,0.7297,0.7903,0.6345,0.7039,808,257,140,YOLOv12,small
e_VT,True,yolo12n,2.6,16,7,5,0.3897,0.7121,0.7412,0.6176,0.6738,408,166,56,YOLOv12,small
e_VT,False,yolo12n,2.6,16,7,5,0.5096,0.8554,0.8413,0.7672,0.8025,408,66,131,YOLOv12,small
e_IMU,True,yolo11n,2.6,16,7,5,0.3722,0.6944,0.7606,0.5978,0.6694,808,328,110,YOLOv11,small
e_IMU,False,yolo11n,2.6,16,7,5,0.3888,0.7211,0.7508,0.6451,0.694,808,262,172,YOLOv11,small
e_VT,True,yolo11n,2.6,16,7,5,0.4344,0.7748,0.7396,0.7029,0.7208,408,133,75,YOLOv11,small
e_VT,False,yolo11n,2.6,16,7,5,0.4882,0.8264,0.817,0.7114,0.7606,408,122,57,YOLOv11,small
e_IMU,True,rtdetr-x,86.0,16,7,6,0.3769,0.7089,0.7786,0.6559,0.712,808,235,220,DETR,large
e_IMU,False,rtdetr-x,86.0,16,7,6,0.3985,0.749,0.7983,0.6832,0.7363,808,167,376,DETR,large
e_VT,True,rtdetr-x,86.0,16,7,6,0.4105,0.7617,0.8451,0.6569,0.7392,408,104,122,DETR,large
e_VT,False,rtdetr-x,86.0,16,7,6,0.4732,0.8258,0.8341,0.7516,0.7907,408,62,173,DETR,large
e_IMU,True,rtdetr-l,45.0,16,7,6,0.3598,0.6894,0.7328,0.6483,0.688,808,223,278,DETR,small
e_IMU,False,rtdetr-l,45.0,16,7,6,0.3934,0.7395,0.8234,0.6671,0.737,808,205,229,DETR,small
e_VT,True,rtdetr-l,45.0,16,7,6,0.4274,0.7455,0.8295,0.6203,0.7098,408,78,323,DETR,small
e_VT,False,rtdetr-l,45.0,16,7,6,0.4777,0.8269,0.7732,0.7852,0.7792,408,48,315,DETR,small
e_IMU,True,yolo12n,2.6,16,7,6,0.3497,0.6889,0.7553,0.604,0.6712,808,258,284,YOLOv12,small
e_IMU,False,yolo12n,2.6,16,7,6,0.3789,0.7144,0.7612,0.6262,0.6871,808,239,250,YOLOv12,small
e_VT,True,yolo12n,2.6,16,7,6,0.3836,0.6986,0.7239,0.6275,0.6722,408,166,55,YOLOv12,small
e_VT,False,yolo12n,2.6,16,7,6,0.4793,0.8211,0.7399,0.7531,0.7465,408,72,177,YOLOv12,small
e_IMU,True,yolo11n,2.6,16,7,6,0.3503,0.7284,0.787,0.6494,0.7116,808,204,265,YOLOv11,small
e_IMU,False,yolo11n,2.6,16,7,6,0.3797,0.7325,0.7424,0.6385,0.6865,808,254,208,YOLOv11,small
e_VT,True,yolo11n,2.6,16,7,6,0.3663,0.6827,0.7553,0.5882,0.6614,408,160,87,YOLOv11,small
e_VT,False,yolo11n,2.6,16,7,6,0.4992,0.8461,0.8034,0.7843,0.7937,408,79,99,YOLOv11,small
e_IMU,True,rtdetr-x,86.0,16,7,7,0.385,0.7273,0.7558,0.6895,0.7211,808,204,282,DETR,large
e_IMU,False,rtdetr-x,86.0,16,7,7,0.4269,0.7885,0.788,0.7497,0.7684,808,127,426,DETR,large
e_VT,True,rtdetr-x,86.0,16,7,7,0.4027,0.7239,0.7914,0.6495,0.7135,408,135,74,DETR,large
e_VT,False,rtdetr-x,86.0,16,7,7,0.5015,0.8488,0.8475,0.7764,0.8104,408,59,180,DETR,large
e_IMU,True,rtdetr-l,45.0,16,7,7,0.3978,0.7547,0.7865,0.6869,0.7333,808,81,2439,DETR,small
e_IMU,False,rtdetr-l,45.0,16,7,7,0.434,0.7898,0.8446,0.724,0.7797,808,142,437,DETR,small
e_VT,True,rtdetr-l,45.0,16,7,7,0.4004,0.7317,0.7401,0.6691,0.7028,408,76,365,DETR,small
e_VT,False,rtdetr-l,45.0,16,7,7,0.4797,0.8406,0.8126,0.7892,0.8007,408,68,103,DETR,small
e_IMU,True,yolo12n,2.6,16,7,7,0.3637,0.7133,0.7544,0.6349,0.6895,808,198,387,YOLOv12,small
e_IMU,False,yolo12n,2.6,16,7,7,0.3981,0.7364,0.7652,0.6386,0.6962,808,231,253,YOLOv12,small
e_VT,True,yolo12n,2.6,16,7,7,0.3493,0.7208,0.7306,0.6961,0.7129,408,109,137,YOLOv12,small
e_VT,False,yolo12n,2.6,16,7,7,0.4715,0.8201,0.8276,0.7297,0.7756,408,83,95,YOLOv12,small
e_IMU,True,yolo11n,2.6,16,7,7,0.3617,0.7058,0.7016,0.6337,0.6659,808,236,278,YOLOv11,small
e_IMU,False,yolo11n,2.6,16,7,7,0.4137,0.7584,0.8209,0.6386,0.7184,808,205,242,YOLOv11,small
e_VT,True,yolo11n,2.6,16,7,7,0.3675,0.7272,0.7505,0.6266,0.683,408,123,123,YOLOv11,small
e_VT,False,yolo11n,2.6,16,7,7,0.494,0.8322,0.8119,0.7404,0.7745,408,97,80,YOLOv11,small
e_IMU,True,rtdetr-x,86.0,16,7,8,0.3588,0.6989,0.81,0.6238,0.7048,808,252,219,DETR,large
e_IMU,False,rtdetr-x,86.0,16,7,8,0.3943,0.7433,0.7789,0.6943,0.7342,808,192,282,DETR,large
e_VT,True,rtdetr-x,86.0,16,7,8,0.4052,0.7177,0.8336,0.6201,0.7112,408,129,91,DETR,large
e_VT,False,rtdetr-x,86.0,16,7,8,0.4803,0.8189,0.7698,0.7525,0.761,408,36,553,DETR,large
e_IMU,True,rtdetr-l,45.0,16,7,8,0.3613,0.7313,0.7577,0.6578,0.7042,808,190,374,DETR,small
e_IMU,False,rtdetr-l,45.0,16,7,8,0.4247,0.7875,0.7885,0.729,0.7576,808,125,559,DETR,small
e_VT,True,rtdetr-l,45.0,16,7,8,0.4194,0.7644,0.7472,0.7027,0.7243,408,65,341,DETR,small
e_VT,False,rtdetr-l,45.0,16,7,8,0.5268,0.8437,0.8037,0.7598,0.7811,408,30,322,DETR,small
e_IMU,True,yolo12n,2.6,16,7,8,0.255,0.5498,0.7179,0.495,0.586,808,295,553,YOLOv12,small
e_IMU,False,yolo12n,2.6,16,7,8,0.3708,0.7147,0.7385,0.6188,0.6734,808,264,233,YOLOv12,small
e_VT,True,yolo12n,2.6,16,7,8,0.3847,0.7082,0.7085,0.6422,0.6737,408,154,80,YOLOv12,small
e_VT,False,yolo12n,2.6,16,7,8,0.4543,0.8001,0.8173,0.7108,0.7603,408,70,210,YOLOv12,small
e_IMU,True,yolo11n,2.6,16,7,8,0.3336,0.6536,0.6957,0.5495,0.614,808,348,172,YOLOv11,small
e_IMU,False,yolo11n,2.6,16,7,8,0.3358,0.7072,0.8194,0.6002,0.6929,808,244,245,YOLOv11,small
e_VT,True,yolo11n,2.6,16,7,8,0.3603,0.7157,0.7312,0.6642,0.6961,408,94,309,YOLOv11,small
e_VT,False,yolo11n,2.6,16,7,8,0.4868,0.8255,0.8351,0.7206,0.7736,408,84,109,YOLOv11,small
e_IMU,True,rtdetr-x,86.0,16,7,9,0.3728,0.7166,0.7669,0.6399,0.6977,808,192,357,DETR,large
e_IMU,False,rtdetr-x,86.0,16,7,9,0.4287,0.7678,0.8158,0.6782,0.7407,808,164,353,DETR,large
e_VT,True,rtdetr-x,86.0,16,7,9,0.3708,0.6868,0.6927,0.6838,0.6882,408,105,173,DETR,large
e_VT,False,rtdetr-x,86.0,16,7,9,0.4751,0.7963,0.7879,0.7468,0.7668,408,74,153,DETR,large
e_IMU,True,rtdetr-l,45.0,16,7,9,0.4272,0.7862,0.8543,0.7092,0.775,808,162,302,DETR,small
e_IMU,False,rtdetr-l,45.0,16,7,9,0.425,0.7656,0.842,0.6795,0.7521,808,126,823,DETR,small
e_VT,True,rtdetr-l,45.0,16,7,9,0.4067,0.7584,0.8321,0.674,0.7448,408,113,59,DETR,small
e_VT,False,rtdetr-l,45.0,16,7,9,0.5081,0.8292,0.8064,0.735,0.7691,408,46,442,DETR,small
e_IMU,True,yolo12n,2.6,16,7,9,0.3209,0.6595,0.7772,0.5699,0.6576,808,275,323,YOLOv12,small
e_IMU,False,yolo12n,2.6,16,7,9,0.3466,0.7034,0.7376,0.6055,0.6651,808,289,194,YOLOv12,small
e_VT,True,yolo12n,2.6,16,7,9,0.3857,0.7295,0.8176,0.6348,0.7147,408,107,141,YOLOv12,small
e_VT,False,yolo12n,2.6,16,7,9,0.4831,0.8144,0.8407,0.7245,0.7783,408,87,92,YOLOv12,small
e_IMU,True,yolo11n,2.6,16,7,9,0.3189,0.689,0.7515,0.61,0.6734,808,223,335,YOLOv11,small
e_IMU,False,yolo11n,2.6,16,7,9,0.3863,0.7302,0.7441,0.6547,0.6965,808,213,293,YOLOv11,small
e_VT,True,yolo11n,2.6,16,7,9,0.3856,0.7277,0.7821,0.6176,0.6902,408,146,80,YOLOv11,small
e_VT,False,yolo11n,2.6,16,7,9,0.5026,0.8484,0.8211,0.7539,0.7861,408,60,187,YOLOv11,small
e_IMU,True,rtdetr-x,86.0,16,7,10,0.3622,0.6902,0.7774,0.6089,0.6829,808,225,441,DETR,large
e_IMU,False,rtdetr-x,86.0,16,7,10,0.4014,0.7631,0.775,0.7079,0.74,808,130,623,DETR,large
e_VT,True,rtdetr-x,86.0,16,7,10,0.4459,0.7678,0.8271,0.7083,0.7631,408,92,120,DETR,large
e_VT,False,rtdetr-x,86.0,16,7,10,0.5078,0.8314,0.8035,0.7623,0.7823,408,55,252,DETR,large
e_IMU,True,rtdetr-l,45.0,16,7,10,0.341,0.6796,0.7481,0.6225,0.6795,808,207,488,DETR,small
e_IMU,False,rtdetr-l,45.0,16,7,10,0.4044,0.7579,0.8406,0.6683,0.7446,808,158,478,DETR,small
e_VT,True,rtdetr-l,45.0,16,7,10,0.423,0.7577,0.816,0.652,0.7248,408,81,298,DETR,small
e_VT,False,rtdetr-l,45.0,16,7,10,0.4935,0.8134,0.8193,0.7549,0.7858,408,73,125,DETR,small
e_IMU,True,yolo12n,2.6,16,7,10,0.3086,0.6386,0.7308,0.5569,0.6321,808,290,257,YOLOv12,small
e_IMU,False,yolo12n,2.6,16,7,10,0.3666,0.6976,0.7587,0.5903,0.664,808,260,213,YOLOv12,small
e_VT,True,yolo12n,2.6,16,7,10,0.4481,0.7618,0.771,0.6912,0.7289,408,112,86,YOLOv12,small
e_VT,False,yolo12n,2.6,16,7,10,0.5319,0.838,0.8666,0.7304,0.7927,408,94,59,YOLOv12,small
e_IMU,True,yolo11n,2.6,16,7,10,0.3209,0.6637,0.7482,0.5879,0.6584,808,260,425,YOLOv11,small
e_IMU,False,yolo11n,2.6,16,7,10,0.3532,0.6894,0.7107,0.6386,0.6727,808,248,286,YOLOv11,small
e_VT,True,yolo11n,2.6,16,7,10,0.474,0.8012,0.8171,0.7007,0.7544,408,118,67,YOLOv11,small
e_VT,False,yolo11n,2.6,16,7,10,0.5295,0.858,0.8694,0.7504,0.8055,408,81,95,YOLOv11,small
e_IMU,True,rtdetr-x,86.0,16,7,11,0.38,0.71,0.7632,0.6264,0.6881,808,157,963,DETR,large
e_IMU,False,rtdetr-x,86.0,16,7,11,0.4088,0.7651,0.8287,0.672,0.7422,808,140,583,DETR,large
