data,model,params,n,thread,iter,map5095,map50,precision,recall,f1,n_all,n_fn,n_fp,family,size
0_all,yolo12x,59.1,32,5,1,0.4031,0.7383,0.7299,0.6872,0.7079,1160,320,324,YOLOv12,large
0_all,yolo12x,59.1,128,5,1,0.5891,0.8701,0.9053,0.7832,0.8399,1160,262,67,YOLOv12,large
0_all,yolo12x,59.1,500,5,1,0.6391,0.9325,0.902,0.8828,0.8923,1160,118,122,YOLOv12,large
a1_t2s,yolo12x,59.1,32,5,1,0.0467,0.1291,0.3035,0.1523,0.2028,709,572,388,YOLOv12,large
a1_t2s,yolo12x,59.1,128,5,1,0.0891,0.1827,0.3822,0.2059,0.2676,709,531,428,YOLOv12,large
a1_t2s,yolo12x,59.1,500,5,1,0.1046,0.1998,0.4198,0.2144,0.2838,709,554,204,YOLOv12,large
a2_s2t,yolo12x,59.1,32,5,1,0.1832,0.4085,0.4893,0.4324,0.4591,451,212,292,YOLOv12,large
a2_s2t,yolo12x,59.1,128,5,1,0.2342,0.4318,0.664,0.4102,0.5071,451,273,61,YOLOv12,large
a2_s2t,yolo12x,59.1,500,5,1,0.3431,0.657,0.7181,0.6044,0.6564,451,164,117,YOLOv12,large
b_light,yolo12x,59.1,32,5,1,0.355,0.6315,0.7785,0.548,0.6432,436,198,54,YOLOv12,large
b_light,yolo12x,59.1,128,5,1,0.4792,0.7444,0.882,0.6399,0.7417,436,152,34,YOLOv12,large
b_light,yolo12x,59.1,500,5,1,0.5485,0.846,0.8659,0.7851,0.8235,436,85,69,YOLOv12,large
0_all,yolo11x,56.9,32,5,1,0.3806,0.6861,0.7896,0.6009,0.6824,1160,445,181,YOLOv11,large
0_all,yolo11x,56.9,128,5,1,0.5532,0.869,0.8954,0.7823,0.835,1160,216,130,YOLOv11,large
0_all,yolo11x,56.9,500,5,1,0.6238,0.93,0.9109,0.8405,0.8743,1160,123,161,YOLOv11,large
a1_t2s,yolo11x,56.9,32,5,1,0.0405,0.1106,0.2423,0.1453,0.1817,709,601,257,YOLOv11,large
a1_t2s,yolo11x,56.9,128,5,1,0.0954,0.2044,0.3742,0.183,0.2458,709,586,168,YOLOv11,large
a1_t2s,yolo11x,56.9,500,5,1,0.1062,0.1877,0.4622,0.1918,0.2711,709,554,228,YOLOv11,large
a2_s2t,yolo11x,56.9,32,5,1,0.1192,0.2692,0.3778,0.2705,0.3153,451,333,103,YOLOv11,large
a2_s2t,yolo11x,56.9,128,5,1,0.1833,0.3932,0.597,0.3503,0.4416,451,306,54,YOLOv11,large
a2_s2t,yolo11x,56.9,500,5,1,0.3191,0.5851,0.6971,0.5055,0.5861,451,206,96,YOLOv11,large
b_light,yolo11x,56.9,32,5,1,0.3659,0.6456,0.8005,0.5573,0.6571,436,195,43,YOLOv11,large
b_light,yolo11x,56.9,128,5,1,0.4656,0.7137,0.8939,0.5986,0.7171,436,165,36,YOLOv11,large
b_light,yolo11x,56.9,500,5,1,0.5366,0.8067,0.8931,0.7279,0.8021,436,112,34,YOLOv11,large
0_all,rtdetr-x,86.0,32,5,1,0.4443,0.7828,0.8145,0.7227,0.7659,1160,234,412,DETR,large
0_all,rtdetr-x,86.0,128,5,1,0.5765,0.8802,0.9191,0.8198,0.8666,1160,151,258,DETR,large
0_all,rtdetr-x,86.0,500,5,1,0.4417,0.7642,0.8578,0.6759,0.7561,1160,236,609,DETR,large
a1_t2s,rtdetr-x,86.0,32,5,1,0.1171,0.2139,0.4999,0.2116,0.2973,709,520,405,DETR,large
a1_t2s,rtdetr-x,86.0,128,5,1,0.1102,0.219,0.4986,0.213,0.2985,709,514,319,DETR,large
a1_t2s,rtdetr-x,86.0,500,5,1,0.1347,0.2367,0.5245,0.2355,0.3251,709,510,315,DETR,large
a2_s2t,rtdetr-x,86.0,32,5,1,0.2918,0.5852,0.7061,0.5539,0.6208,451,162,235,DETR,large
a2_s2t,rtdetr-x,86.0,128,5,1,0.3059,0.586,0.587,0.5829,0.5849,451,120,473,DETR,large
a2_s2t,rtdetr-x,86.0,500,5,1,0.2791,0.5338,0.656,0.4767,0.5522,451,136,744,DETR,large
b_light,rtdetr-x,86.0,32,5,1,0.4114,0.6982,0.8708,0.6284,0.73,436,126,163,DETR,large
b_light,rtdetr-x,86.0,128,5,1,0.4763,0.7449,0.8408,0.6835,0.754,436,99,296,DETR,large
b_light,rtdetr-x,86.0,500,5,1,0.5225,0.8296,0.8472,0.7477,0.7944,436,54,301,DETR,large
0_all,rtdetr-l,45.0,32,5,1,0.4857,0.7938,0.8099,0.7267,0.766,1160,217,691,DETR,small
0_all,rtdetr-l,45.0,128,5,1,0.5238,0.8404,0.8775,0.7654,0.8176,1160,175,430,DETR,small
0_all,rtdetr-l,45.0,500,5,1,0.6259,0.9283,0.9292,0.8526,0.8893,1160,79,367,DETR,small
a1_t2s,rtdetr-l,45.0,32,5,1,0.046,0.1024,0.2993,0.1142,0.1654,709,627,125,DETR,small
a1_t2s,rtdetr-l,45.0,128,5,1,0.1245,0.227,0.5854,0.2012,0.2994,709,529,229,DETR,small
a1_t2s,rtdetr-l,45.0,500,5,1,0.1619,0.2852,0.5674,0.2609,0.3575,709,484,290,DETR,small
a2_s2t,rtdetr-l,45.0,32,5,1,0.4144,0.6983,0.7897,0.591,0.676,451,85,935,DETR,small
a2_s2t,rtdetr-l,45.0,128,5,1,0.3596,0.6377,0.6895,0.5712,0.6248,451,113,510,DETR,small
a2_s2t,rtdetr-l,45.0,500,5,1,0.4624,0.754,0.8377,0.6982,0.7616,451,100,201,DETR,small
b_light,rtdetr-l,45.0,32,5,1,0.3868,0.6665,0.8655,0.5903,0.7019,436,158,79,DETR,small
b_light,rtdetr-l,45.0,128,5,1,0.4476,0.7525,0.8281,0.7064,0.7624,436,103,244,DETR,small
b_light,rtdetr-l,45.0,500,5,1,0.5412,0.8338,0.8225,0.8186,0.8205,436,49,568,DETR,small
0_all,yolo12n,2.6,32,5,1,0.4344,0.7563,0.7756,0.6828,0.7262,1160,347,212,YOLOv12,small
0_all,yolo12n,2.6,128,5,1,0.57,0.8714,0.8795,0.794,0.8346,1160,224,108,YOLOv12,small
0_all,yolo12n,2.6,500,5,1,0.6179,0.9343,0.9262,0.8547,0.889,1160,99,220,YOLOv12,small
a1_t2s,yolo12n,2.6,32,5,1,0.0282,0.0768,0.1664,0.0846,0.1122,709,647,152,YOLOv12,small
a1_t2s,yolo12n,2.6,128,5,1,0.1102,0.2196,0.4522,0.189,0.2666,709,561,187,YOLOv12,small
a1_t2s,yolo12n,2.6,500,5,1,0.1131,0.2307,0.3882,0.2345,0.2924,709,538,233,YOLOv12,small
a2_s2t,yolo12n,2.6,32,5,1,0.1328,0.2647,0.4789,0.2181,0.2997,451,372,48,YOLOv12,small
a2_s2t,yolo12n,2.6,128,5,1,0.2617,0.5297,0.6431,0.4501,0.5296,451,269,57,YOLOv12,small
a2_s2t,yolo12n,2.6,500,5,1,0.287,0.5384,0.6569,0.4789,0.554,451,188,212,YOLOv12,small
b_light,yolo12n,2.6,32,5,1,0.3088,0.5462,0.7291,0.5,0.5932,436,222,61,YOLOv12,small
b_light,yolo12n,2.6,128,5,1,0.484,0.7518,0.853,0.6583,0.7431,436,147,47,YOLOv12,small
b_light,yolo12n,2.6,500,5,1,0.5146,0.8066,0.8962,0.7064,0.7901,436,97,106,YOLOv12,small
0_all,yolo11n,2.6,32,5,1,0.4544,0.7446,0.7813,0.622,0.6926,1160,482,106,YOLOv11,small
0_all,yolo11n,2.6,128,5,1,0.5847,0.8812,0.8988,0.7931,0.8426,1160,220,99,YOLOv11,small
0_all,yolo11n,2.6,500,5,1,0.626,0.931,0.9156,0.8514,0.8823,1160,97,218,YOLOv11,small
a1_t2s,yolo11n,2.6,32,5,1,0.0314,0.0678,0.1985,0.0635,0.0962,709,666,70,YOLOv11,small
a1_t2s,yolo11n,2.6,128,5,1,0.0969,0.2053,0.4029,0.1975,0.265,709,577,137,YOLOv11,small
a1_t2s,yolo11n,2.6,500,5,1,0.126,0.2277,0.5563,0.1946,0.2884,709,558,148,YOLOv11,small
a2_s2t,yolo11n,2.6,32,5,1,0.1832,0.3742,0.5378,0.3096,0.3929,451,313,64,YOLOv11,small
a2_s2t,yolo11n,2.6,128,5,1,0.2921,0.5502,0.6947,0.4945,0.5778,451,240,70,YOLOv11,small
a2_s2t,yolo11n,2.6,500,5,1,0.336,0.6031,0.7511,0.5122,0.609,451,183,164,YOLOv11,small
b_light,yolo11n,2.6,32,5,1,0.3913,0.6545,0.7708,0.5573,0.6469,436,211,43,YOLOv11,small
b_light,yolo11n,2.6,128,5,1,0.5075,0.7804,0.8755,0.6936,0.774,436,129,35,YOLOv11,small
b_light,yolo11n,2.6,500,5,1,0.52,0.8158,0.8636,0.7202,0.7854,436,100,73,YOLOv11,small
0_all,yolo12x,59.1,32,5,2,0.4185,0.739,0.832,0.6181,0.7093,1160,418,152,YOLOv12,large
0_all,yolo12x,59.1,128,5,2,0.5379,0.8718,0.9,0.7759,0.8333,1160,189,176,YOLOv12,large
0_all,yolo12x,59.1,500,5,2,0.6239,0.9193,0.9314,0.8267,0.8759,1160,132,139,YOLOv12,large
a1_t2s,yolo12x,59.1,32,5,2,0.0571,0.1266,0.1713,0.1044,0.1297,709,667,60,YOLOv12,large
a1_t2s,yolo12x,59.1,128,5,2,0.1152,0.2215,0.4787,0.1775,0.259,709,595,78,YOLOv12,large
a1_t2s,yolo12x,59.1,500,5,2,0.0923,0.1974,0.5371,0.1784,0.2678,709,567,180,YOLOv12,large
a2_s2t,yolo12x,59.1,32,5,2,0.0836,0.1983,0.3684,0.2264,0.2804,451,409,21,YOLOv12,large
a2_s2t,yolo12x,59.1,128,5,2,0.2055,0.4703,0.6522,0.3947,0.4918,451,208,211,YOLOv12,large
a2_s2t,yolo12x,59.1,500,5,2,0.365,0.6529,0.775,0.5521,0.6448,451,159,172,YOLOv12,large
b_light,yolo12x,59.1,32,5,2,0.4008,0.6934,0.8254,0.6399,0.7209,436,128,197,YOLOv12,large
b_light,yolo12x,59.1,128,5,2,0.494,0.7625,0.8833,0.633,0.7375,436,152,62,YOLOv12,large
b_light,yolo12x,59.1,500,5,2,0.5111,0.8047,0.9121,0.7377,0.8157,436,109,42,YOLOv12,large
0_all,yolo11x,56.9,32,5,2,0.3905,0.731,0.7656,0.656,0.7066,1160,230,743,YOLOv11,large
0_all,yolo11x,56.9,128,5,2,0.5663,0.8576,0.8797,0.7517,0.8107,1160,285,101,YOLOv11,large
0_all,yolo11x,56.9,500,5,2,0.6328,0.9244,0.9269,0.8419,0.8823,1160,139,115,YOLOv11,large
a1_t2s,yolo11x,56.9,32,5,2,0.0329,0.0873,0.1228,0.11,0.1161,709,666,103,YOLOv11,large
a1_t2s,yolo11x,56.9,128,5,2,0.0549,0.1327,0.365,0.1354,0.1975,709,602,160,YOLOv11,large
a1_t2s,yolo11x,56.9,500,5,2,0.0997,0.1807,0.4171,0.1608,0.2321,709,580,225,YOLOv11,large
a2_s2t,yolo11x,56.9,32,5,2,0.102,0.2706,0.4394,0.2882,0.3481,451,334,72,YOLOv11,large
a2_s2t,yolo11x,56.9,128,5,2,0.2383,0.4664,0.6608,0.4061,0.503,451,280,45,YOLOv11,large
a2_s2t,yolo11x,56.9,500,5,2,0.2348,0.4789,0.6505,0.4058,0.4998,451,200,290,YOLOv11,large
b_light,yolo11x,56.9,32,5,2,0.3385,0.6006,0.7349,0.5468,0.6271,436,164,245,YOLOv11,large
b_light,yolo11x,56.9,128,5,2,0.4739,0.7276,0.8865,0.6272,0.7347,436,148,55,YOLOv11,large
b_light,yolo11x,56.9,500,5,2,0.509,0.7776,0.8762,0.6818,0.7669,436,131,51,YOLOv11,large
0_all,rtdetr-x,86.0,32,5,2,0.4429,0.7647,0.8387,0.675,0.748,1160,227,741,DETR,large
0_all,rtdetr-x,86.0,128,5,2,0.5638,0.8809,0.9086,0.7974,0.8494,1160,124,460,DETR,large
0_all,rtdetr-x,86.0,500,5,2,0.6213,0.924,0.9261,0.8426,0.8824,1160,98,255,DETR,large
a1_t2s,rtdetr-x,86.0,32,5,2,0.0761,0.1552,0.4967,0.1523,0.2332,709,569,272,DETR,large
a1_t2s,rtdetr-x,86.0,128,5,2,0.1206,0.2173,0.5264,0.2085,0.2987,709,549,138,DETR,large
a1_t2s,rtdetr-x,86.0,500,5,2,0.155,0.2638,0.4642,0.268,0.3398,709,494,332,DETR,large
a2_s2t,rtdetr-x,86.0,32,5,2,0.2716,0.5498,0.611,0.4946,0.5467,451,115,889,DETR,large
a2_s2t,rtdetr-x,86.0,128,5,2,0.2184,0.4671,0.5782,0.4377,0.4983,451,135,1098,DETR,large
a2_s2t,rtdetr-x,86.0,500,5,2,0.3558,0.649,0.6683,0.6031,0.6341,451,109,425,DETR,large
b_light,rtdetr-x,86.0,32,5,2,0.3896,0.6851,0.8437,0.6316,0.7224,436,144,61,DETR,large
b_light,rtdetr-x,86.0,128,5,2,0.4351,0.7143,0.8421,0.6604,0.7403,436,113,255,DETR,large
b_light,rtdetr-x,86.0,500,5,2,0.5349,0.8179,0.8856,0.7477,0.8108,436,89,131,DETR,large
0_all,rtdetr-l,45.0,32,5,2,0.4875,0.7862,0.8042,0.725,0.7626,1160,182,890,DETR,small
0_all,rtdetr-l,45.0,128,5,2,0.5487,0.8771,0.8845,0.8185,0.8502,1160,154,281,DETR,small
0_all,rtdetr-l,45.0,500,5,2,0.6163,0.925,0.9315,0.8437,0.8854,1160,59,892,DETR,small
a1_t2s,rtdetr-l,45.0,32,5,2,0.0595,0.1461,0.3507,0.1721,0.2309,709,543,705,DETR,small
a1_t2s,rtdetr-l,45.0,128,5,2,0.1416,0.2809,0.5143,0.2722,0.356,709,448,598,DETR,small
a1_t2s,rtdetr-l,45.0,500,5,2,0.1035,0.1834,0.5828,0.1721,0.2657,709,561,242,DETR,small
a2_s2t,rtdetr-l,45.0,32,5,2,0.2164,0.4406,0.6279,0.3705,0.466,451,248,192,DETR,small
a2_s2t,rtdetr-l,45.0,128,5,2,0.3883,0.733,0.79,0.6755,0.7283,451,96,316,DETR,small
a2_s2t,rtdetr-l,45.0,500,5,2,0.4622,0.752,0.8327,0.6734,0.7447,451,93,268,DETR,small
b_light,rtdetr-l,45.0,32,5,2,0.383,0.6731,0.8568,0.5826,0.6936,436,130,287,DETR,small
b_light,rtdetr-l,45.0,128,5,2,0.4498,0.7229,0.8272,0.6258,0.7125,436,109,220,DETR,small
b_light,rtdetr-l,45.0,500,5,2,0.5175,0.8001,0.8785,0.713,0.7871,436,88,133,DETR,small
0_all,yolo12n,2.6,32,5,2,0.4228,0.7743,0.8271,0.701,0.7588,1160,206,697,YOLOv12,small
0_all,yolo12n,2.6,128,5,2,0.5163,0.8569,0.8628,0.7897,0.8246,1160,192,228,YOLOv12,small
0_all,yolo12n,2.6,500,5,2,0.6129,0.9253,0.8933,0.8655,0.8792,1160,121,158,YOLOv12,small
a1_t2s,yolo12n,2.6,32,5,2,0.049,0.1161,0.2849,0.1086,0.1573,709,640,101,YOLOv12,small
a1_t2s,yolo12n,2.6,128,5,2,0.089,0.201,0.486,0.1537,0.2336,709,594,101,YOLOv12,small
a1_t2s,yolo12n,2.6,500,5,2,0.1507,0.2777,0.4845,0.2708,0.3474,709,498,237,YOLOv12,small
a2_s2t,yolo12n,2.6,32,5,2,0.1043,0.2636,0.3849,0.2512,0.304,451,329,128,YOLOv12,small
a2_s2t,yolo12n,2.6,128,5,2,0.2769,0.5288,0.673,0.4882,0.5659,451,240,63,YOLOv12,small
a2_s2t,yolo12n,2.6,500,5,2,0.2794,0.5406,0.7186,0.4435,0.5485,451,205,172,YOLOv12,small
b_light,yolo12n,2.6,32,5,2,0.3407,0.6246,0.7611,0.5826,0.66,436,137,343,YOLOv12,small
b_light,yolo12n,2.6,128,5,2,0.4962,0.7766,0.9351,0.6743,0.7836,436,123,53,YOLOv12,small
b_light,yolo12n,2.6,500,5,2,0.5188,0.821,0.8533,0.7615,0.8048,436,91,88,YOLOv12,small
0_all,yolo11n,2.6,32,5,2,0.4223,0.7561,0.8193,0.6723,0.7386,1160,290,298,YOLOv11,small
0_all,yolo11n,2.6,128,5,2,0.5716,0.8784,0.872,0.7929,0.8306,1160,223,128,YOLOv11,small
0_all,yolo11n,2.6,500,5,2,0.6131,0.92,0.8952,0.8474,0.8706,1160,103,281,YOLOv11,small
a1_t2s,yolo11n,2.6,32,5,2,0.0572,0.1345,0.2746,0.1425,0.1876,709,594,262,YOLOv11,small
a1_t2s,yolo11n,2.6,128,5,2,0.0962,0.2042,0.3324,0.2087,0.2565,709,572,212,YOLOv11,small
a1_t2s,yolo11n,2.6,500,5,2,0.0931,0.1879,0.4699,0.1777,0.2579,709,572,150,YOLOv11,small
a2_s2t,yolo11n,2.6,32,5,2,0.0779,0.2086,0.3779,0.2417,0.2948,451,354,92,YOLOv11,small
a2_s2t,yolo11n,2.6,128,5,2,0.2918,0.5382,0.7102,0.4701,0.5657,451,245,57,YOLOv11,small
a2_s2t,yolo11n,2.6,500,5,2,0.3448,0.6281,0.7122,0.5761,0.637,451,137,196,YOLOv11,small
b_light,yolo11n,2.6,32,5,2,0.3844,0.6914,0.8296,0.6055,0.7001,436,152,119,YOLOv11,small
b_light,yolo11n,2.6,128,5,2,0.51,0.801,0.8355,0.7248,0.7762,436,111,65,YOLOv11,small
b_light,yolo11n,2.6,500,5,2,0.5302,0.8411,0.8798,0.7317,0.7989,436,101,70,YOLOv11,small
0_all,yolo12x,59.1,32,3,1,0.3889,0.7018,0.7494,0.6466,0.6942,1160,389,220,YOLOv12,large
0_all,yolo12x,59.1,128,3,1,0.5533,0.8711,0.8993,0.7836,0.8375,1160,228,109,YOLOv12,large
0_all,yolo12x,59.1,500,3,1,0.6315,0.941,0.8947,0.8859,0.8903,1160,101,161,YOLOv12,large
a1_t2s,yolo12x,59.1,32,3,1,0.0785,0.1713,0.4201,0.1763,0.2484,709,568,274,YOLOv12,large
a1_t2s,yolo12x,59.1,128,3,1,0.0948,0.1867,0.4042,0.165,0.2344,709,581,181,YOLOv12,large
a1_t2s,yolo12x,59.1,500,3,1,0.1111,0.2071,0.4267,0.2045,0.2765,709,532,310,YOLOv12,large
a2_s2t,yolo12x,59.1,32,3,1,0.1305,0.3578,0.4536,0.4363,0.4448,451,203,395,YOLOv12,large
a2_s2t,yolo12x,59.1,128,3,1,0.2662,0.5229,0.6586,0.4989,0.5677,451,226,96,YOLOv12,large
a2_s2t,yolo12x,59.1,500,3,1,0.2313,0.4648,0.6027,0.4368,0.5065,451,173,379,YOLOv12,large
b_light,yolo12x,59.1,32,3,1,0.398,0.6942,0.7773,0.6403,0.7021,436,125,211,YOLOv12,large
b_light,yolo12x,59.1,128,3,1,0.4636,0.7681,0.8327,0.7087,0.7657,436,110,79,YOLOv12,large
b_light,yolo12x,59.1,500,3,1,0.5112,0.7955,0.8762,0.7271,0.7947,436,111,66,YOLOv12,large
0_all,yolo11x,56.9,32,3,1,0.404,0.696,0.8298,0.5845,0.6859,1160,480,96,YOLOv11,large
0_all,yolo11x,56.9,128,3,1,0.5843,0.8785,0.8946,0.7905,0.8393,1160,246,89,YOLOv11,large
0_all,yolo11x,56.9,500,3,1,0.6385,0.9296,0.9123,0.8698,0.8905,1160,146,94,YOLOv11,large
a1_t2s,yolo11x,56.9,32,3,1,0.0409,0.1094,0.2721,0.1326,0.1783,709,591,431,YOLOv11,large
a1_t2s,yolo11x,56.9,128,3,1,0.1099,0.207,0.381,0.1777,0.2424,709,579,182,YOLOv11,large
a1_t2s,yolo11x,56.9,500,3,1,0.1014,0.1862,0.4002,0.1735,0.242,709,565,271,YOLOv11,large
a2_s2t,yolo11x,56.9,32,3,1,0.1307,0.3379,0.4832,0.3215,0.3861,451,274,193,YOLOv11,large
a2_s2t,yolo11x,56.9,128,3,1,0.2522,0.4594,0.7051,0.4013,0.5115,451,273,36,YOLOv11,large
a2_s2t,yolo11x,56.9,500,3,1,0.2755,0.5447,0.7024,0.4834,0.5726,451,221,120,YOLOv11,large
b_light,yolo11x,56.9,32,3,1,0.3593,0.6315,0.8233,0.5252,0.6413,436,191,79,YOLOv11,large
b_light,yolo11x,56.9,128,3,1,0.4625,0.7291,0.8999,0.6185,0.7331,436,131,92,YOLOv11,large
b_light,yolo11x,56.9,500,3,1,0.53,0.8245,0.8828,0.7426,0.8066,436,88,92,YOLOv11,large
0_all,rtdetr-x,86.0,32,3,1,0.4337,0.7336,0.855,0.686,0.7612,1160,331,171,DETR,large
0_all,rtdetr-x,86.0,128,3,1,0.4287,0.7485,0.8034,0.6397,0.7122,1160,167,1633,DETR,large
0_all,rtdetr-x,86.0,500,3,1,0.6244,0.9323,0.9236,0.8442,0.8821,1160,53,620,DETR,large
a1_t2s,rtdetr-x,86.0,32,3,1,0.0824,0.1544,0.4394,0.1608,0.2354,709,584,189,DETR,large
a1_t2s,rtdetr-x,86.0,128,3,1,0.0979,0.1847,0.3443,0.2327,0.2777,709,524,398,DETR,large
a1_t2s,rtdetr-x,86.0,500,3,1,0.139,0.2479,0.5091,0.2609,0.345,709,476,551,DETR,large
a2_s2t,rtdetr-x,86.0,32,3,1,0.1742,0.39,0.6315,0.3457,0.4468,451,255,213,DETR,large
a2_s2t,rtdetr-x,86.0,128,3,1,0.3675,0.6375,0.6872,0.5765,0.627,451,119,419,DETR,large
a2_s2t,rtdetr-x,86.0,500,3,1,0.4524,0.7429,0.7871,0.6804,0.7299,451,92,378,DETR,large
b_light,rtdetr-x,86.0,32,3,1,0.447,0.7196,0.8683,0.6537,0.7459,436,102,335,DETR,large
b_light,rtdetr-x,86.0,128,3,1,0.4279,0.7038,0.8524,0.6095,0.7108,436,132,210,DETR,large
b_light,rtdetr-x,86.0,500,3,1,0.415,0.6954,0.7561,0.6124,0.6767,436,76,709,DETR,large
0_all,rtdetr-l,45.0,32,3,1,0.4802,0.7834,0.8692,0.7106,0.782,1160,287,179,DETR,small
0_all,rtdetr-l,45.0,128,3,1,0.5588,0.8832,0.8891,0.8289,0.8579,1160,111,578,DETR,small
0_all,rtdetr-l,45.0,500,3,1,0.6147,0.919,0.9011,0.8612,0.8807,1160,62,636,DETR,small
a1_t2s,rtdetr-l,45.0,32,3,1,0.1015,0.2105,0.3412,0.2299,0.2747,709,532,275,DETR,small
a1_t2s,rtdetr-l,45.0,128,3,1,0.1198,0.2371,0.5085,0.237,0.3233,709,525,204,DETR,small
a1_t2s,rtdetr-l,45.0,500,3,1,0.1661,0.2965,0.4597,0.2863,0.3529,709,475,332,DETR,small
a2_s2t,rtdetr-l,45.0,32,3,1,0.233,0.4972,0.6752,0.4678,0.5527,451,182,647,DETR,small
a2_s2t,rtdetr-l,45.0,128,3,1,0.4236,0.7102,0.7924,0.6142,0.692,451,105,332,DETR,small
a2_s2t,rtdetr-l,45.0,500,3,1,0.4038,0.6569,0.751,0.5565,0.6393,451,114,425,DETR,small
b_light,rtdetr-l,45.0,32,3,1,0.4395,0.7175,0.8409,0.6307,0.7208,436,110,203,DETR,small
b_light,rtdetr-l,45.0,128,3,1,0.4403,0.7178,0.862,0.6055,0.7113,436,104,388,DETR,small
b_light,rtdetr-l,45.0,500,3,1,0.5167,0.8053,0.869,0.7,0.7754,436,78,183,DETR,small
0_all,yolo12n,2.6,32,3,1,0.4397,0.7632,0.8025,0.6888,0.7413,1160,333,207,YOLOv12,small
0_all,yolo12n,2.6,128,3,1,0.5527,0.8705,0.8882,0.8013,0.8425,1160,203,156,YOLOv12,small
0_all,yolo12n,2.6,500,3,1,0.6078,0.9264,0.8912,0.8682,0.8795,1160,103,201,YOLOv12,small
a1_t2s,yolo12n,2.6,32,3,1,0.0448,0.1117,0.2298,0.1072,0.1462,709,641,160,YOLOv12,small
a1_t2s,yolo12n,2.6,128,3,1,0.1043,0.2133,0.4123,0.165,0.2357,709,600,80,YOLOv12,small
a1_t2s,yolo12n,2.6,500,3,1,0.1209,0.2268,0.3781,0.2341,0.2892,709,540,223,YOLOv12,small
a2_s2t,yolo12n,2.6,32,3,1,0.0958,0.2105,0.4595,0.1663,0.2442,451,386,39,YOLOv12,small
a2_s2t,yolo12n,2.6,128,3,1,0.2495,0.456,0.7037,0.4279,0.5322,451,257,64,YOLOv12,small
a2_s2t,yolo12n,2.6,500,3,1,0.3559,0.6504,0.7683,0.5743,0.6573,451,159,150,YOLOv12,small
b_light,yolo12n,2.6,32,3,1,0.4022,0.6688,0.7641,0.594,0.6684,436,176,49,YOLOv12,small
b_light,yolo12n,2.6,128,3,1,0.4741,0.7565,0.8723,0.672,0.7592,436,136,49,YOLOv12,small
b_light,yolo12n,2.6,500,3,1,0.5238,0.8208,0.8983,0.7271,0.8037,436,88,77,YOLOv12,small
0_all,yolo11n,2.6,32,3,1,0.4437,0.7473,0.8435,0.631,0.7219,1160,439,98,YOLOv11,small
0_all,yolo11n,2.6,128,3,1,0.5767,0.8936,0.918,0.7916,0.8502,1160,205,129,YOLOv11,small
0_all,yolo11n,2.6,500,3,1,0.6293,0.9275,0.9196,0.8595,0.8885,1160,125,131,YOLOv11,small
a1_t2s,yolo11n,2.6,32,3,1,0.086,0.1736,0.2722,0.1749,0.2129,709,595,190,YOLOv11,small
a1_t2s,yolo11n,2.6,128,3,1,0.113,0.2226,0.6124,0.1735,0.2704,709,581,86,YOLOv11,small
a1_t2s,yolo11n,2.6,500,3,1,0.119,0.2151,0.5401,0.2045,0.2967,709,552,170,YOLOv11,small
a2_s2t,yolo11n,2.6,32,3,1,0.1128,0.2557,0.4185,0.2639,0.3237,451,321,202,YOLOv11,small
a2_s2t,yolo11n,2.6,128,3,1,0.2364,0.4438,0.6517,0.3659,0.4686,451,289,41,YOLOv11,small
a2_s2t,yolo11n,2.6,500,3,1,0.3285,0.5983,0.7765,0.5188,0.622,451,169,189,YOLOv11,small
b_light,yolo11n,2.6,32,3,1,0.3943,0.6962,0.7581,0.6216,0.6831,436,139,126,YOLOv11,small
b_light,yolo11n,2.6,128,3,1,0.486,0.7754,0.8525,0.729,0.7859,436,120,41,YOLOv11,small
b_light,yolo11n,2.6,500,3,1,0.5014,0.8109,0.8624,0.7271,0.789,436,110,73,YOLOv11,small
0_all,yolo12x,59.1,32,3,2,0.4239,0.7186,0.7979,0.6026,0.6866,1160,501,90,YOLOv12,large
0_all,yolo12x,59.1,128,3,2,0.5351,0.8811,0.9011,0.7854,0.8393,1160,167,237,YOLOv12,large
0_all,yolo12x,59.1,500,3,2,0.6294,0.9322,0.9034,0.8647,0.8836,1160,125,126,YOLOv12,large
a1_t2s,yolo12x,59.1,32,3,2,0.0625,0.1431,0.3009,0.1213,0.1729,709,634,92,YOLOv12,large
a1_t2s,yolo12x,59.1,128,3,2,0.1144,0.2117,0.3795,0.189,0.2523,709,589,141,YOLOv12,large
a1_t2s,yolo12x,59.1,500,3,2,0.1152,0.2069,0.3859,0.213,0.2745,709,550,247,YOLOv12,large
a2_s2t,yolo12x,59.1,32,3,2,0.1063,0.2628,0.3727,0.3126,0.3401,451,332,112,YOLOv12,large
a2_s2t,yolo12x,59.1,128,3,2,0.229,0.4333,0.7238,0.395,0.5111,451,286,31,YOLOv12,large
a2_s2t,yolo12x,59.1,500,3,2,0.3425,0.6088,0.6515,0.5765,0.6117,451,143,288,YOLOv12,large
b_light,yolo12x,59.1,32,3,2,0.3527,0.6466,0.8053,0.5573,0.6588,436,153,161,YOLOv12,large
b_light,yolo12x,59.1,128,3,2,0.4528,0.7119,0.8179,0.6595,0.7302,436,135,87,YOLOv12,large
b_light,yolo12x,59.1,500,3,2,0.5511,0.8283,0.8945,0.7271,0.8021,436,89,83,YOLOv12,large
0_all,yolo11x,56.9,32,3,2,0.4199,0.7367,0.8614,0.6485,0.7399,1160,372,137,YOLOv11,large
0_all,yolo11x,56.9,128,3,2,0.5814,0.8699,0.8986,0.7733,0.8313,1160,267,80,YOLOv11,large
0_all,yolo11x,56.9,500,3,2,0.646,0.9279,0.9302,0.8647,0.8962,1160,135,103,YOLOv11,large
a1_t2s,yolo11x,56.9,32,3,2,0.066,0.1378,0.2907,0.1185,0.1683,709,625,95,YOLOv11,large
a1_t2s,yolo11x,56.9,128,3,2,0.1293,0.2488,0.4872,0.2327,0.315,709,538,174,YOLOv11,large
a1_t2s,yolo11x,56.9,500,3,2,0.1065,0.1885,0.3793,0.2059,0.2669,709,551,294,YOLOv11,large
a2_s2t,yolo11x,56.9,32,3,2,0.171,0.3743,0.5382,0.3814,0.4464,451,293,71,YOLOv11,large
a2_s2t,yolo11x,56.9,128,3,2,0.16,0.3579,0.5679,0.3555,0.4373,451,290,88,YOLOv11,large
a2_s2t,yolo11x,56.9,500,3,2,0.2481,0.4631,0.4995,0.4612,0.4796,451,221,208,YOLOv11,large
b_light,yolo11x,56.9,32,3,2,0.3621,0.6333,0.8873,0.5367,0.6688,436,184,64,YOLOv11,large
b_light,yolo11x,56.9,128,3,2,0.4487,0.7307,0.8627,0.6483,0.7403,436,149,40,YOLOv11,large
b_light,yolo11x,56.9,500,3,2,0.5421,0.8153,0.8712,0.7295,0.7941,436,110,54,YOLOv11,large
0_all,rtdetr-x,86.0,32,3,2,0.4735,0.7948,0.855,0.7317,0.7886,1160,232,311,DETR,large
0_all,rtdetr-x,86.0,128,3,2,0.5286,0.8478,0.895,0.775,0.8307,1160,142,629,DETR,large
0_all,rtdetr-x,86.0,500,3,2,0.6177,0.9203,0.9163,0.8448,0.8791,1160,80,361,DETR,large
a1_t2s,rtdetr-x,86.0,32,3,2,0.0487,0.1092,0.2302,0.1443,0.1774,709,577,563,DETR,large
a1_t2s,rtdetr-x,86.0,128,3,2,0.1051,0.1992,0.4084,0.2116,0.2787,709,527,412,DETR,large
a1_t2s,rtdetr-x,86.0,500,3,2,0.1516,0.2606,0.4871,0.2639,0.3423,709,461,519,DETR,large
a2_s2t,rtdetr-x,86.0,32,3,2,0.4073,0.6986,0.8095,0.6275,0.707,451,103,330,DETR,large
a2_s2t,rtdetr-x,86.0,128,3,2,0.3376,0.6206,0.8779,0.5455,0.6729,451,150,282,DETR,large
a2_s2t,rtdetr-x,86.0,500,3,2,0.389,0.703,0.8007,0.6386,0.7105,451,107,274,DETR,large
b_light,rtdetr-x,86.0,32,3,2,0.4339,0.7269,0.8218,0.6697,0.738,436,126,145,DETR,large
b_light,rtdetr-x,86.0,128,3,2,0.4385,0.6976,0.8714,0.5963,0.7081,436,120,278,DETR,large
b_light,rtdetr-x,86.0,500,3,2,0.5417,0.8206,0.8745,0.7673,0.8174,436,80,126,DETR,large
0_all,rtdetr-l,45.0,32,3,2,0.4674,0.7812,0.8618,0.6905,0.7667,1160,196,788,DETR,small
0_all,rtdetr-l,45.0,128,3,2,0.521,0.8444,0.8924,0.7577,0.8195,1160,144,618,DETR,small
0_all,rtdetr-l,45.0,500,3,2,0.6072,0.9233,0.9315,0.8552,0.8917,1160,71,447,DETR,small
a1_t2s,rtdetr-l,45.0,32,3,2,0.1146,0.225,0.5829,0.2129,0.3119,709,513,367,DETR,small
a1_t2s,rtdetr-l,45.0,128,3,2,0.0597,0.1204,0.4633,0.1283,0.201,709,594,396,DETR,small
a1_t2s,rtdetr-l,45.0,500,3,2,0.1869,0.315,0.5804,0.2962,0.3922,709,463,238,DETR,small
a2_s2t,rtdetr-l,45.0,32,3,2,0.4028,0.7336,0.7987,0.6511,0.7174,451,110,203,DETR,small
a2_s2t,rtdetr-l,45.0,128,3,2,0.3874,0.6789,0.7178,0.6146,0.6622,451,100,510,DETR,small
a2_s2t,rtdetr-l,45.0,500,3,2,0.2988,0.5708,0.6205,0.5322,0.5729,451,117,718,DETR,small
b_light,rtdetr-l,45.0,32,3,2,0.4146,0.6988,0.8467,0.6651,0.745,436,117,220,DETR,small
b_light,rtdetr-l,45.0,128,3,2,0.4511,0.7403,0.8709,0.6499,0.7443,436,126,100,DETR,small
b_light,rtdetr-l,45.0,500,3,2,0.5096,0.7727,0.8572,0.702,0.7718,436,106,148,DETR,small
0_all,yolo12n,2.6,32,3,2,0.4179,0.7642,0.8241,0.6793,0.7447,1160,245,585,YOLOv12,small
0_all,yolo12n,2.6,128,3,2,0.5539,0.8685,0.8724,0.7776,0.8223,1160,218,151,YOLOv12,small
0_all,yolo12n,2.6,500,3,2,0.6089,0.9229,0.9243,0.8321,0.8758,1160,103,226,YOLOv12,small
a1_t2s,yolo12n,2.6,32,3,2,0.0474,0.1095,0.3168,0.0942,0.1452,709,648,74,YOLOv12,small
a1_t2s,yolo12n,2.6,128,3,2,0.1162,0.2233,0.5296,0.1721,0.2598,709,583,99,YOLOv12,small
a1_t2s,yolo12n,2.6,500,3,2,0.1283,0.2425,0.4151,0.237,0.3017,709,515,277,YOLOv12,small
a2_s2t,yolo12n,2.6,32,3,2,0.1446,0.3433,0.5586,0.348,0.4288,451,238,241,YOLOv12,small
a2_s2t,yolo12n,2.6,128,3,2,0.2317,0.4425,0.6628,0.3991,0.4982,451,261,78,YOLOv12,small
a2_s2t,yolo12n,2.6,500,3,2,0.3029,0.5389,0.7566,0.4481,0.5629,451,193,181,YOLOv12,small
b_light,yolo12n,2.6,32,3,2,0.3637,0.6441,0.7974,0.5778,0.6701,436,182,53,YOLOv12,small
b_light,yolo12n,2.6,128,3,2,0.4759,0.7625,0.8874,0.6972,0.7809,436,119,69,YOLOv12,small
b_light,yolo12n,2.6,500,3,2,0.5066,0.7912,0.8626,0.7179,0.7836,436,103,103,YOLOv12,small
0_all,yolo11n,2.6,32,3,2,0.4649,0.7779,0.8393,0.6753,0.7484,1160,351,144,YOLOv11,small
0_all,yolo11n,2.6,128,3,2,0.5615,0.8672,0.9193,0.7784,0.843,1160,227,93,YOLOv11,small
0_all,yolo11n,2.6,500,3,2,0.6139,0.919,0.9164,0.8284,0.8702,1160,130,215,YOLOv11,small
a1_t2s,yolo11n,2.6,32,3,2,0.0537,0.1389,0.168,0.1185,0.139,709,658,51,YOLOv11,small
a1_t2s,yolo11n,2.6,128,3,2,0.1097,0.2113,0.496,0.1566,0.238,709,596,94,YOLOv11,small
a1_t2s,yolo11n,2.6,500,3,2,0.1614,0.2993,0.4682,0.3061,0.3702,709,462,356,YOLOv11,small
a2_s2t,yolo11n,2.6,32,3,2,0.1857,0.4102,0.5679,0.357,0.4384,451,302,55,YOLOv11,small
a2_s2t,yolo11n,2.6,128,3,2,0.198,0.3832,0.6338,0.3614,0.4603,451,280,84,YOLOv11,small
a2_s2t,yolo11n,2.6,500,3,2,0.375,0.6888,0.7304,0.6253,0.6737,451,147,110,YOLOv11,small
b_light,yolo11n,2.6,32,3,2,0.4128,0.6953,0.8307,0.6009,0.6974,436,184,39,YOLOv11,small
b_light,yolo11n,2.6,128,3,2,0.4674,0.7805,0.8617,0.6717,0.755,436,124,89,YOLOv11,small
b_light,yolo11n,2.6,500,3,2,0.5505,0.8417,0.9124,0.7385,0.8163,436,96,59,YOLOv11,small
0_all,yolo12x,59.1,32,1,1,0.382,0.6891,0.8161,0.581,0.6788,1160,465,131,YOLOv12,large
0_all,yolo12x,59.1,128,1,1,0.5653,0.8687,0.9294,0.7595,0.8359,1160,246,96,YOLOv12,large
0_all,yolo12x,59.1,500,1,1,0.6398,0.9325,0.8988,0.8731,0.8858,1160,122,106,YOLOv12,large
a1_t2s,yolo12x,59.1,32,1,1,0.0375,0.083,0.1333,0.0564,0.0793,709,688,47,YOLOv12,large
a1_t2s,yolo12x,59.1,128,1,1,0.0946,0.1787,0.3565,0.1749,0.2347,709,567,239,YOLOv12,large
a1_t2s,yolo12x,59.1,500,1,1,0.1335,0.2394,0.561,0.2145,0.3104,709,530,276,YOLOv12,large
a2_s2t,yolo12x,59.1,32,1,1,0.1686,0.4204,0.5057,0.4191,0.4583,451,237,206,YOLOv12,large
a2_s2t,yolo12x,59.1,128,1,1,0.2234,0.4678,0.6618,0.4435,0.5311,451,264,45,YOLOv12,large
a2_s2t,yolo12x,59.1,500,1,1,0.3567,0.6554,0.7359,0.5787,0.6479,451,128,253,YOLOv12,large
b_light,yolo12x,59.1,32,1,1,0.3534,0.6056,0.8094,0.4725,0.5967,436,242,27,YOLOv12,large
b_light,yolo12x,59.1,128,1,1,0.4928,0.7572,0.8955,0.6606,0.7603,436,153,25,YOLOv12,large
b_light,yolo12x,59.1,500,1,1,0.5321,0.7993,0.8817,0.7352,0.8018,436,109,58,YOLOv12,large
0_all,yolo11x,56.9,32,1,1,0.3955,0.7274,0.7521,0.6565,0.7011,1160,303,413,YOLOv11,large
0_all,yolo11x,56.9,128,1,1,0.5792,0.8594,0.9053,0.7552,0.8235,1160,280,69,YOLOv11,large
0_all,yolo11x,56.9,500,1,1,0.6188,0.9303,0.892,0.8612,0.8763,1160,134,139,YOLOv11,large
a1_t2s,yolo11x,56.9,32,1,1,0.0202,0.0483,0.1337,0.048,0.0706,709,676,130,YOLOv11,large
a1_t2s,yolo11x,56.9,128,1,1,0.0909,0.1869,0.3557,0.1777,0.237,709,583,193,YOLOv11,large
a1_t2s,yolo11x,56.9,500,1,1,0.1146,0.2127,0.3645,0.2158,0.2711,709,567,179,YOLOv11,large
a2_s2t,yolo11x,56.9,32,1,1,0.0843,0.2135,0.4434,0.1907,0.2667,451,381,36,YOLOv11,large
a2_s2t,yolo11x,56.9,128,1,1,0.1993,0.4427,0.6808,0.3747,0.4834,451,298,34,YOLOv11,large
a2_s2t,yolo11x,56.9,500,1,1,0.3334,0.5939,0.6819,0.5432,0.6047,451,170,170,YOLOv11,large
b_light,yolo11x,56.9,32,1,1,0.3709,0.6419,0.7867,0.5583,0.6531,436,190,49,YOLOv11,large
b_light,yolo11x,56.9,128,1,1,0.4918,0.7522,0.8856,0.6567,0.7541,436,155,27,YOLOv11,large
b_light,yolo11x,56.9,500,1,1,0.5075,0.7895,0.8874,0.6835,0.7722,436,117,76,YOLOv11,large
0_all,rtdetr-x,86.0,32,1,1,0.4582,0.7635,0.8505,0.6905,0.7622,1160,326,167,DETR,large
0_all,rtdetr-x,86.0,128,1,1,0.5665,0.8697,0.8967,0.8009,0.8461,1160,142,364,DETR,large
0_all,rtdetr-x,86.0,500,1,1,0.6217,0.9164,0.9084,0.8448,0.8754,1160,72,507,DETR,large
a1_t2s,rtdetr-x,86.0,32,1,1,0.0371,0.1002,0.2901,0.1213,0.1711,709,598,342,DETR,large
a1_t2s,rtdetr-x,86.0,128,1,1,0.1124,0.2358,0.3915,0.2948,0.3363,709,448,590,DETR,large
a1_t2s,rtdetr-x,86.0,500,1,1,0.1464,0.2384,0.5597,0.2241,0.3201,709,499,501,DETR,large
a2_s2t,rtdetr-x,86.0,32,1,1,0.2174,0.4652,0.5699,0.4612,0.5098,451,201,262,DETR,large
a2_s2t,rtdetr-x,86.0,128,1,1,0.3791,0.7003,0.8223,0.5987,0.6929,451,100,346,DETR,large
a2_s2t,rtdetr-x,86.0,500,1,1,0.4082,0.7012,0.7729,0.6035,0.6778,451,94,613,DETR,large
b_light,rtdetr-x,86.0,32,1,1,0.3897,0.6847,0.7921,0.6466,0.712,436,128,196,DETR,large
b_light,rtdetr-x,86.0,128,1,1,0.4319,0.6842,0.7823,0.6055,0.6826,436,104,550,DETR,large
b_light,rtdetr-x,86.0,500,1,1,0.4896,0.7753,0.8457,0.704,0.7684,436,85,298,DETR,large
0_all,rtdetr-l,45.0,32,1,1,0.4902,0.8227,0.8619,0.7681,0.8123,1160,181,455,DETR,small
0_all,rtdetr-l,45.0,128,1,1,0.5627,0.8666,0.9065,0.7937,0.8464,1160,148,409,DETR,small
0_all,rtdetr-l,45.0,500,1,1,0.5862,0.9001,0.8952,0.8241,0.8582,1160,93,618,DETR,small
a1_t2s,rtdetr-l,45.0,32,1,1,0.1079,0.2317,0.5824,0.2172,0.3164,709,519,270,DETR,small
a1_t2s,rtdetr-l,45.0,128,1,1,0.1258,0.238,0.3813,0.2595,0.3089,709,483,407,DETR,small
a1_t2s,rtdetr-l,45.0,500,1,1,0.1454,0.2499,0.5734,0.2384,0.3367,709,499,326,DETR,small
a2_s2t,rtdetr-l,45.0,32,1,1,0.281,0.5311,0.6219,0.5078,0.5591,451,179,246,DETR,small
a2_s2t,rtdetr-l,45.0,128,1,1,0.3244,0.6131,0.772,0.5255,0.6253,451,155,285,DETR,small
a2_s2t,rtdetr-l,45.0,500,1,1,0.4601,0.765,0.7956,0.6718,0.7285,451,58,613,DETR,small
b_light,rtdetr-l,45.0,32,1,1,0.4147,0.6759,0.8809,0.5935,0.7092,436,139,100,DETR,small
b_light,rtdetr-l,45.0,128,1,1,0.436,0.7136,0.8612,0.6353,0.7312,436,119,215,DETR,small
b_light,rtdetr-l,45.0,500,1,1,0.5009,0.7763,0.8224,0.7041,0.7587,436,89,235,DETR,small
0_all,yolo12n,2.6,32,1,1,0.4169,0.7691,0.8737,0.6442,0.7416,1160,303,284,YOLOv12,small
0_all,yolo12n,2.6,128,1,1,0.5264,0.8556,0.885,0.7897,0.8346,1160,198,179,YOLOv12,small
0_all,yolo12n,2.6,500,1,1,0.6201,0.9188,0.9187,0.85,0.883,1160,136,119,YOLOv12,small
a1_t2s,yolo12n,2.6,32,1,1,0.0365,0.0992,0.2342,0.0804,0.1197,709,653,111,YOLOv12,small
a1_t2s,yolo12n,2.6,128,1,1,0.1279,0.2312,0.419,0.1819,0.2537,709,596,110,YOLOv12,small
a1_t2s,yolo12n,2.6,500,1,1,0.1235,0.2396,0.4258,0.237,0.3045,709,559,136,YOLOv12,small
a2_s2t,yolo12n,2.6,32,1,1,0.0755,0.1894,0.2925,0.2483,0.2686,451,328,207,YOLOv12,small
a2_s2t,yolo12n,2.6,128,1,1,0.1727,0.4088,0.4841,0.4016,0.439,451,228,276,YOLOv12,small
a2_s2t,yolo12n,2.6,500,1,1,0.2738,0.4811,0.5742,0.4213,0.486,451,207,251,YOLOv12,small
b_light,yolo12n,2.6,32,1,1,0.4018,0.6686,0.8533,0.5204,0.6465,436,224,20,YOLOv12,small
b_light,yolo12n,2.6,128,1,1,0.4674,0.7623,0.8747,0.6995,0.7774,436,116,75,YOLOv12,small
b_light,yolo12n,2.6,500,1,1,0.5105,0.821,0.8086,0.7751,0.7915,436,77,142,YOLOv12,small
0_all,yolo11n,2.6,32,1,1,0.4608,0.7781,0.8187,0.6724,0.7384,1160,404,108,YOLOv11,small
0_all,yolo11n,2.6,128,1,1,0.5634,0.8692,0.9188,0.7647,0.8347,1160,218,129,YOLOv11,small
0_all,yolo11n,2.6,500,1,1,0.6173,0.931,0.8814,0.8716,0.8765,1160,96,193,YOLOv11,small
a1_t2s,yolo11n,2.6,32,1,1,0.0513,0.1156,0.1583,0.0973,0.1205,709,667,51,YOLOv11,small
a1_t2s,yolo11n,2.6,128,1,1,0.1104,0.2072,0.4623,0.1608,0.2386,709,591,120,YOLOv11,small
a1_t2s,yolo11n,2.6,500,1,1,0.1081,0.214,0.5044,0.1904,0.2765,709,559,200,YOLOv11,small
a2_s2t,yolo11n,2.6,32,1,1,0.1128,0.2587,0.4749,0.2395,0.3184,451,369,41,YOLOv11,small
a2_s2t,yolo11n,2.6,128,1,1,0.2812,0.5307,0.6681,0.4856,0.5624,451,243,58,YOLOv11,small
a2_s2t,yolo11n,2.6,500,1,1,0.3067,0.564,0.7336,0.5251,0.6121,451,201,101,YOLOv11,small
b_light,yolo11n,2.6,32,1,1,0.3423,0.6243,0.8353,0.5235,0.6436,436,169,129,YOLOv11,small
b_light,yolo11n,2.6,128,1,1,0.4622,0.7568,0.8562,0.6881,0.763,436,129,58,YOLOv11,small
b_light,yolo11n,2.6,500,1,1,0.5023,0.7871,0.8831,0.6927,0.7764,436,93,129,YOLOv11,small
0_all,yolo12x,59.1,32,1,2,0.3928,0.7291,0.8008,0.6595,0.7233,1160,340,248,YOLOv12,large
0_all,yolo12x,59.1,128,1,2,0.5782,0.868,0.8924,0.7795,0.8321,1160,273,73,YOLOv12,large
0_all,yolo12x,59.1,500,1,2,0.6268,0.9322,0.9119,0.8651,0.8879,1160,117,129,YOLOv12,large
a1_t2s,yolo12x,59.1,32,1,2,0.0515,0.1246,0.3315,0.1213,0.1776,709,624,150,YOLOv12,large
a1_t2s,yolo12x,59.1,128,1,2,0.0862,0.1598,0.3428,0.1608,0.2189,709,582,262,YOLOv12,large
a1_t2s,yolo12x,59.1,500,1,2,0.1018,0.1809,0.4279,0.1834,0.2567,709,561,255,YOLOv12,large
a2_s2t,yolo12x,59.1,32,1,2,0.1052,0.2744,0.4567,0.2949,0.3584,451,320,96,YOLOv12,large
a2_s2t,yolo12x,59.1,128,1,2,0.2671,0.4986,0.6799,0.4767,0.5605,451,225,85,YOLOv12,large
a2_s2t,yolo12x,59.1,500,1,2,0.3481,0.6665,0.7584,0.5588,0.6435,451,126,200,YOLOv12,large
b_light,yolo12x,59.1,32,1,2,0.3431,0.6175,0.8447,0.5116,0.6372,436,203,59,YOLOv12,large
b_light,yolo12x,59.1,128,1,2,0.458,0.713,0.8763,0.6216,0.7273,436,165,36,YOLOv12,large
b_light,yolo12x,59.1,500,1,2,0.513,0.8092,0.874,0.6999,0.7773,436,99,101,YOLOv12,large
0_all,yolo11x,56.9,32,1,2,0.4213,0.7345,0.8027,0.6198,0.6995,1160,456,103,YOLOv11,large
0_all,yolo11x,56.9,128,1,2,0.5753,0.8539,0.899,0.7586,0.8229,1160,302,60,YOLOv11,large
0_all,yolo11x,56.9,500,1,2,0.6358,0.9278,0.9267,0.8722,0.8987,1160,112,103,YOLOv11,large
a1_t2s,yolo11x,56.9,32,1,2,0.085,0.1747,0.3071,0.1707,0.2194,709,593,145,YOLOv11,large
a1_t2s,yolo11x,56.9,128,1,2,0.0811,0.1849,0.4112,0.1497,0.2195,709,588,194,YOLOv11,large
a1_t2s,yolo11x,56.9,500,1,2,0.0769,0.1416,0.3609,0.1566,0.2184,709,582,278,YOLOv11,large
a2_s2t,yolo11x,56.9,32,1,2,0.0821,0.197,0.4012,0.1663,0.2351,451,383,48,YOLOv11,large
a2_s2t,yolo11x,56.9,128,1,2,0.2105,0.4329,0.5653,0.388,0.4602,451,218,296,YOLOv11,large
a2_s2t,yolo11x,56.9,500,1,2,0.3082,0.5882,0.7131,0.5188,0.6007,451,174,181,YOLOv11,large
b_light,yolo11x,56.9,32,1,2,0.3851,0.6778,0.8071,0.5853,0.6785,436,165,79,YOLOv11,large
b_light,yolo11x,56.9,128,1,2,0.4846,0.7452,0.8742,0.6375,0.7373,436,151,45,YOLOv11,large
b_light,yolo11x,56.9,500,1,2,0.5391,0.823,0.8667,0.7456,0.8016,436,91,57,YOLOv11,large
0_all,rtdetr-x,86.0,32,1,2,0.4795,0.7874,0.8568,0.7017,0.7716,1160,236,405,DETR,large
0_all,rtdetr-x,86.0,128,1,2,0.5521,0.8739,0.8937,0.8118,0.8508,1160,127,499,DETR,large
0_all,rtdetr-x,86.0,500,1,2,0.5599,0.8683,0.8545,0.7621,0.8056,1160,85,1188,DETR,large
a1_t2s,rtdetr-x,86.0,32,1,2,0.0668,0.156,0.382,0.1594,0.2249,709,600,122,DETR,large
a1_t2s,rtdetr-x,86.0,128,1,2,0.0942,0.1731,0.3795,0.2144,0.274,709,523,622,DETR,large
a1_t2s,rtdetr-x,86.0,500,1,2,0.2297,0.4145,0.6612,0.402,0.5,709,336,754,DETR,large
a2_s2t,rtdetr-x,86.0,32,1,2,0.3283,0.5932,0.7039,0.5543,0.6202,451,123,657,DETR,large
a2_s2t,rtdetr-x,86.0,128,1,2,0.4218,0.6873,0.7167,0.643,0.6778,451,93,793,DETR,large
a2_s2t,rtdetr-x,86.0,500,1,2,0.4279,0.7276,0.7906,0.6446,0.7102,451,89,460,DETR,large
b_light,rtdetr-x,86.0,32,1,2,0.3302,0.5988,0.764,0.5367,0.6305,436,163,146,DETR,large
b_light,rtdetr-x,86.0,128,1,2,0.4735,0.7502,0.848,0.672,0.7498,436,102,208,DETR,large
b_light,rtdetr-x,86.0,500,1,2,0.533,0.8389,0.8704,0.7913,0.829,436,56,339,DETR,large
0_all,rtdetr-l,45.0,32,1,2,0.5001,0.8236,0.8518,0.7655,0.8064,1160,199,372,DETR,small
0_all,rtdetr-l,45.0,128,1,2,0.5466,0.8599,0.8955,0.7834,0.8357,1160,166,320,DETR,small
0_all,rtdetr-l,45.0,500,1,2,0.6238,0.9274,0.914,0.8457,0.8785,1160,65,418,DETR,small
a1_t2s,rtdetr-l,45.0,32,1,2,0.0763,0.1797,0.4304,0.2003,0.2734,709,543,391,DETR,small
a1_t2s,rtdetr-l,45.0,128,1,2,0.1125,0.2208,0.522,0.213,0.3025,709,502,436,DETR,small
a1_t2s,rtdetr-l,45.0,500,1,2,0.1241,0.2088,0.4433,0.2112,0.2861,709,536,259,DETR,small
a2_s2t,rtdetr-l,45.0,32,1,2,0.366,0.655,0.7454,0.5632,0.6416,451,139,222,DETR,small
a2_s2t,rtdetr-l,45.0,128,1,2,0.3678,0.6287,0.7514,0.5543,0.638,451,135,368,DETR,small
a2_s2t,rtdetr-l,45.0,500,1,2,0.4372,0.7355,0.8351,0.6511,0.7317,451,109,281,DETR,small
b_light,rtdetr-l,45.0,32,1,2,0.3401,0.6202,0.8298,0.5344,0.6501,436,184,72,DETR,small
b_light,rtdetr-l,45.0,128,1,2,0.4607,0.7364,0.8636,0.6388,0.7344,436,112,246,DETR,small
b_light,rtdetr-l,45.0,500,1,2,0.5244,0.7904,0.8606,0.736,0.7934,436,79,242,DETR,small
0_all,yolo12n,2.6,32,1,2,0.4431,0.7721,0.7844,0.7055,0.7428,1160,310,237,YOLOv12,small
0_all,yolo12n,2.6,128,1,2,0.5593,0.8726,0.8706,0.8009,0.8343,1160,217,130,YOLOv12,small
0_all,yolo12n,2.6,500,1,2,0.61,0.9256,0.9017,0.8707,0.8859,1160,118,148,YOLOv12,small
0_all,yolo12x,59.1,32,1,2,0.4084,0.6988,0.8168,0.575,0.6749,1160,550,76,YOLOv12,large
0_all,yolo12x,59.1,128,1,2,0.5632,0.8675,0.8705,0.7845,0.8253,1160,257,110,YOLOv12,large
0_all,yolo12x,59.1,500,1,2,0.6221,0.9343,0.9192,0.8534,0.8851,1160,118,173,YOLOv12,large
a1_t2s,yolo12x,59.1,32,1,2,0.0517,0.1298,0.3349,0.1128,0.1688,709,631,121,YOLOv12,large
a1_t2s,yolo12x,59.1,128,1,2,0.1135,0.2123,0.4244,0.1834,0.2561,709,569,217,YOLOv12,large
a1_t2s,yolo12x,59.1,500,1,2,0.1173,0.2069,0.4907,0.1932,0.2773,709,549,264,YOLOv12,large
a2_s2t,yolo12x,59.1,32,1,2,0.1135,0.2738,0.4383,0.2794,0.3412,451,334,88,YOLOv12,large
a2_s2t,yolo12x,59.1,128,1,2,0.1315,0.3378,0.4746,0.3326,0.3911,451,202,824,YOLOv12,large
a2_s2t,yolo12x,59.1,500,1,2,0.3511,0.6077,0.6862,0.5499,0.6105,451,158,217,YOLOv12,large
b_light,yolo12x,59.1,32,1,2,0.3207,0.5859,0.7484,0.5183,0.6125,436,196,97,YOLOv12,large
b_light,yolo12x,59.1,128,1,2,0.4571,0.7007,0.883,0.6009,0.7151,436,158,53,YOLOv12,large
b_light,yolo12x,59.1,500,1,2,0.5255,0.8015,0.8686,0.7225,0.7888,436,108,78,YOLOv12,large
0_all,yolo12n,2.6,32,1,2,0.4189,0.7219,0.8249,0.6174,0.7062,1160,503,90,YOLOv12,small
0_all,yolo12n,2.6,128,1,2,0.5493,0.8659,0.8764,0.7845,0.8279,1160,209,201,YOLOv12,small
0_all,yolo12n,2.6,500,1,2,0.6108,0.927,0.8949,0.8612,0.8777,1160,101,210,YOLOv12,small
a1_t2s,yolo12n,2.6,32,1,2,0.0507,0.1284,0.2839,0.1157,0.1644,709,626,121,YOLOv12,small
a1_t2s,yolo12n,2.6,128,1,2,0.1109,0.2035,0.4137,0.158,0.2286,709,603,91,YOLOv12,small
a1_t2s,yolo12n,2.6,500,1,2,0.1259,0.2422,0.4826,0.2158,0.2982,709,548,176,YOLOv12,small
a2_s2t,yolo12n,2.6,32,1,2,0.127,0.3186,0.4041,0.4035,0.4038,451,227,321,YOLOv12,small
a2_s2t,yolo12n,2.6,128,1,2,0.3375,0.5709,0.7213,0.4922,0.5851,451,244,44,YOLOv12,small
a2_s2t,yolo12n,2.6,500,1,2,0.2692,0.5051,0.6634,0.4457,0.5332,451,199,262,YOLOv12,small
b_light,yolo12n,2.6,32,1,2,0.2922,0.5492,0.7167,0.499,0.5884,436,200,108,YOLOv12,small
b_light,yolo12n,2.6,128,1,2,0.4392,0.7516,0.8643,0.6674,0.7532,436,110,119,YOLOv12,small
b_light,yolo12n,2.6,500,1,2,0.5228,0.8172,0.8992,0.7364,0.8097,436,96,48,YOLOv12,small
0_all,yolo11n,2.6,32,1,2,0.4232,0.7417,0.8058,0.6526,0.7212,1160,340,260,YOLOv11,small
0_all,yolo11n,2.6,128,1,2,0.5739,0.8789,0.9007,0.8056,0.8505,1160,214,94,YOLOv11,small
0_all,yolo11n,2.6,500,1,2,0.6194,0.9242,0.9117,0.854,0.8819,1160,122,162,YOLOv11,small
a1_t2s,yolo11n,2.6,32,1,2,0.047,0.1258,0.3477,0.1269,0.186,709,590,367,YOLOv11,small
a1_t2s,yolo11n,2.6,128,1,2,0.104,0.2034,0.576,0.1533,0.2422,709,582,140,YOLOv11,small
a1_t2s,yolo11n,2.6,500,1,2,0.1352,0.2536,0.5161,0.2257,0.314,709,535,197,YOLOv11,small
a2_s2t,yolo11n,2.6,32,1,2,0.1213,0.2537,0.5136,0.1885,0.2757,451,378,33,YOLOv11,small
a2_s2t,yolo11n,2.6,128,1,2,0.3041,0.5367,0.7356,0.4656,0.5703,451,249,53,YOLOv11,small
a2_s2t,yolo11n,2.6,500,1,2,0.3466,0.6522,0.759,0.5657,0.6482,451,172,125,YOLOv11,small
b_light,yolo11n,2.6,32,1,2,0.4035,0.6797,0.7943,0.578,0.6691,436,199,42,YOLOv11,small
b_light,yolo11n,2.6,128,1,2,0.463,0.7562,0.8574,0.6904,0.7649,436,130,50,YOLOv11,small
b_light,yolo11n,2.6,500,1,2,0.5445,0.8338,0.8606,0.7546,0.8041,436,94,75,YOLOv11,small
0_all,yolo12x,59.1,32,6,1,0.4482,0.7243,0.8272,0.5737,0.6776,1160,551,70,YOLOv12,large
0_all,yolo12x,59.1,128,6,1,0.5758,0.8588,0.9004,0.7559,0.8218,1160,300,56,YOLOv12,large
0_all,yolo12x,59.1,500,6,1,0.6324,0.9341,0.9152,0.8649,0.8894,1160,109,145,YOLOv12,large
a1_t2s,yolo12x,59.1,32,6,1,0.0583,0.156,0.1829,0.1509,0.1654,709,650,49,YOLOv12,large
a1_t2s,yolo12x,59.1,128,6,1,0.1161,0.2167,0.4722,0.1932,0.2742,709,560,163,YOLOv12,large
a1_t2s,yolo12x,59.1,500,6,1,0.1215,0.2125,0.5276,0.1862,0.2752,709,537,327,YOLOv12,large
a2_s2t,yolo12x,59.1,32,6,1,0.1145,0.3014,0.4605,0.3304,0.3847,451,279,200,YOLOv12,large
a2_s2t,yolo12x,59.1,128,6,1,0.2157,0.4304,0.5036,0.439,0.4691,451,235,176,YOLOv12,large
a2_s2t,yolo12x,59.1,500,6,1,0.3399,0.606,0.8125,0.5166,0.6316,451,192,115,YOLOv12,large
b_light,yolo12x,59.1,32,6,1,0.3863,0.655,0.8341,0.5642,0.6731,436,191,43,YOLOv12,large
b_light,yolo12x,59.1,128,6,1,0.4891,0.7505,0.8527,0.672,0.7516,436,160,26,YOLOv12,large
b_light,yolo12x,59.1,500,6,1,0.539,0.8171,0.8785,0.7299,0.7974,436,112,53,YOLOv12,large
0_all,yolo11x,56.9,32,6,1,0.3923,0.6648,0.7626,0.5612,0.6466,1160,536,113,YOLOv11,large
0_all,yolo11x,56.9,128,6,1,0.5819,0.8531,0.916,0.7237,0.8086,1160,331,55,YOLOv11,large
0_all,yolo11x,56.9,500,6,1,0.6328,0.9407,0.9006,0.8845,0.8924,1160,98,178,YOLOv11,large
a1_t2s,yolo11x,56.9,32,6,1,0.0666,0.1548,0.387,0.141,0.2067,709,594,193,YOLOv11,large
a1_t2s,yolo11x,56.9,128,6,1,0.0888,0.1974,0.3906,0.1636,0.2306,709,581,167,YOLOv11,large
a1_t2s,yolo11x,56.9,500,6,1,0.1015,0.1917,0.4259,0.2009,0.273,709,547,251,YOLOv11,large
a2_s2t,yolo11x,56.9,32,6,1,0.1263,0.257,0.5619,0.1774,0.2696,451,382,23,YOLOv11,large
a2_s2t,yolo11x,56.9,128,6,1,0.2563,0.5298,0.578,0.5055,0.5393,451,208,146,YOLOv11,large
a2_s2t,yolo11x,56.9,500,6,1,0.2632,0.4987,0.6574,0.4425,0.529,451,239,105,YOLOv11,large
b_light,yolo11x,56.9,32,6,1,0.3772,0.6485,0.8451,0.5631,0.6759,436,172,60,YOLOv11,large
b_light,yolo11x,56.9,128,6,1,0.4815,0.748,0.9041,0.6307,0.7431,436,132,71,YOLOv11,large
b_light,yolo11x,56.9,500,6,1,0.5423,0.8284,0.9098,0.7339,0.8125,436,87,102,YOLOv11,large
0_all,rtdetr-x,86.0,32,6,1,0.4355,0.7285,0.8814,0.647,0.7462,1160,316,257,DETR,large
0_all,rtdetr-x,86.0,128,6,1,0.5604,0.8653,0.9045,0.7839,0.8399,1160,172,304,DETR,large
0_all,rtdetr-x,86.0,500,6,1,0.3819,0.6245,0.7349,0.5422,0.624,1160,307,1608,DETR,large
a1_t2s,rtdetr-x,86.0,32,6,1,0.09,0.1821,0.3855,0.189,0.2536,709,550,320,DETR,large
a1_t2s,rtdetr-x,86.0,128,6,1,0.1136,0.2159,0.4152,0.244,0.3074,709,495,353,DETR,large
a1_t2s,rtdetr-x,86.0,500,6,1,0.116,0.2179,0.4582,0.2214,0.2986,709,540,170,DETR,large
a2_s2t,rtdetr-x,86.0,32,6,1,0.2174,0.4358,0.6254,0.3902,0.4806,451,230,206,DETR,large
a2_s2t,rtdetr-x,86.0,128,6,1,0.3468,0.6453,0.7286,0.561,0.6339,451,89,822,DETR,large
a2_s2t,rtdetr-x,86.0,500,6,1,0.4194,0.6854,0.8272,0.5626,0.6697,451,99,541,DETR,large
b_light,rtdetr-x,86.0,32,6,1,0.4316,0.7156,0.8734,0.6486,0.7444,436,122,151,DETR,large
b_light,rtdetr-x,86.0,128,6,1,0.2992,0.5477,0.7159,0.4977,0.5872,436,158,590,DETR,large
b_light,rtdetr-x,86.0,500,6,1,0.5096,0.8194,0.8557,0.7683,0.8097,436,61,272,DETR,large
0_all,rtdetr-l,45.0,32,6,1,0.4599,0.76,0.821,0.694,0.7521,1160,272,294,DETR,small
0_all,rtdetr-l,45.0,128,6,1,0.5602,0.8719,0.9101,0.7942,0.8482,1160,160,235,DETR,small
0_all,rtdetr-l,45.0,500,6,1,0.5946,0.9003,0.9127,0.8181,0.8628,1160,119,277,DETR,small
a1_t2s,rtdetr-l,45.0,32,6,1,0.0698,0.1622,0.4713,0.1523,0.2302,709,578,230,DETR,small
a1_t2s,rtdetr-l,45.0,128,6,1,0.1359,0.2662,0.53,0.2567,0.3459,709,472,501,DETR,small
a1_t2s,rtdetr-l,45.0,500,6,1,0.1494,0.2744,0.488,0.2694,0.3472,709,481,285,DETR,small
a2_s2t,rtdetr-l,45.0,32,6,1,0.3671,0.7047,0.8129,0.6261,0.7073,451,88,648,DETR,small
a2_s2t,rtdetr-l,45.0,128,6,1,0.3801,0.6835,0.7675,0.5711,0.6549,451,77,698,DETR,small
a2_s2t,rtdetr-l,45.0,500,6,1,0.4842,0.7559,0.8048,0.6763,0.7349,451,71,473,DETR,small
b_light,rtdetr-l,45.0,32,6,1,0.4427,0.7506,0.8171,0.6969,0.7522,436,101,155,DETR,small
b_light,rtdetr-l,45.0,128,6,1,0.4518,0.7388,0.8267,0.6514,0.7286,436,99,235,DETR,small
b_light,rtdetr-l,45.0,500,6,1,0.5237,0.7963,0.8628,0.7356,0.7941,436,81,206,DETR,small
0_all,yolo12n,2.6,32,6,1,0.432,0.7287,0.8244,0.6194,0.7073,1160,483,87,YOLOv12,small
0_all,yolo12n,2.6,128,6,1,0.5681,0.8607,0.897,0.7737,0.8308,1160,257,93,YOLOv12,small
0_all,yolo12n,2.6,500,6,1,0.6092,0.9257,0.8953,0.8555,0.8749,1160,104,221,YOLOv12,small
a1_t2s,yolo12n,2.6,32,6,1,0.06,0.1545,0.3454,0.1566,0.2154,709,578,268,YOLOv12,small
a1_t2s,yolo12n,2.6,128,6,1,0.0709,0.1578,0.3794,0.1368,0.2011,709,609,103,YOLOv12,small
a1_t2s,yolo12n,2.6,500,6,1,0.139,0.2687,0.5128,0.2299,0.3175,709,533,153,YOLOv12,small
a2_s2t,yolo12n,2.6,32,6,1,0.1672,0.3392,0.4869,0.3237,0.3889,451,321,82,YOLOv12,small
a2_s2t,yolo12n,2.6,128,6,1,0.3197,0.5646,0.6863,0.4723,0.5595,451,219,116,YOLOv12,small
a2_s2t,yolo12n,2.6,500,6,1,0.3102,0.5703,0.7027,0.5011,0.585,451,187,136,YOLOv12,small
b_light,yolo12n,2.6,32,6,1,0.409,0.6533,0.8008,0.5436,0.6476,436,205,35,YOLOv12,small
b_light,yolo12n,2.6,128,6,1,0.4602,0.7299,0.9218,0.6468,0.7602,436,144,40,YOLOv12,small
b_light,yolo12n,2.6,500,6,1,0.5191,0.8175,0.8571,0.7477,0.7987,436,85,105,YOLOv12,small
0_all,yolo11n,2.6,32,6,1,0.4514,0.7479,0.8097,0.653,0.7229,1160,422,106,YOLOv11,small
0_all,yolo11n,2.6,128,6,1,0.5768,0.8701,0.8786,0.794,0.8341,1160,232,114,YOLOv11,small
0_all,yolo11n,2.6,500,6,1,0.6211,0.9228,0.9026,0.8626,0.8821,1160,126,144,YOLOv11,small
a1_t2s,yolo11n,2.6,32,6,1,0.0863,0.2097,0.3456,0.1918,0.2467,709,587,113,YOLOv11,small
a1_t2s,yolo11n,2.6,128,6,1,0.1305,0.2466,0.3786,0.2468,0.2988,709,528,266,YOLOv11,small
a1_t2s,yolo11n,2.6,500,6,1,0.1212,0.2276,0.4266,0.2414,0.3083,709,517,287,YOLOv11,small
a2_s2t,yolo11n,2.6,32,6,1,0.1181,0.2162,0.4346,0.1863,0.2608,451,373,71,YOLOv11,small
a2_s2t,yolo11n,2.6,128,6,1,0.2565,0.5158,0.6432,0.4557,0.5335,451,229,106,YOLOv11,small
a2_s2t,yolo11n,2.6,500,6,1,0.3434,0.6118,0.7544,0.5366,0.6271,451,182,117,YOLOv11,small
b_light,yolo11n,2.6,32,6,1,0.442,0.688,0.8746,0.544,0.6708,436,227,22,YOLOv11,small
b_light,yolo11n,2.6,128,6,1,0.4981,0.7878,0.8687,0.711,0.782,436,122,41,YOLOv11,small
b_light,yolo11n,2.6,500,6,1,0.5348,0.8202,0.845,0.7502,0.7948,436,88,106,YOLOv11,small
0_all,yolo12x,59.1,32,6,2,0.4534,0.7338,0.83,0.6061,0.7006,1160,496,77,YOLOv12,large
0_all,yolo12x,59.1,128,6,2,0.5771,0.8675,0.9309,0.7547,0.8336,1160,249,93,YOLOv12,large
0_all,yolo12x,59.1,500,6,2,0.6381,0.9324,0.9077,0.8735,0.8903,1160,123,111,YOLOv12,large
a1_t2s,yolo12x,59.1,32,6,2,0.0811,0.1762,0.3476,0.1735,0.2315,709,600,126,YOLOv12,large
a1_t2s,yolo12x,59.1,128,6,2,0.101,0.1993,0.42,0.1678,0.2398,709,587,155,YOLOv12,large
a1_t2s,yolo12x,59.1,500,6,2,0.1099,0.2084,0.3853,0.2113,0.2729,709,550,237,YOLOv12,large
a2_s2t,yolo12x,59.1,32,6,2,0.1674,0.39,0.5698,0.3466,0.431,451,301,62,YOLOv12,large
a2_s2t,yolo12x,59.1,128,6,2,0.1897,0.4343,0.504,0.4169,0.4563,451,210,301,YOLOv12,large
a2_s2t,yolo12x,59.1,500,6,2,0.3832,0.6836,0.7515,0.5942,0.6637,451,131,201,YOLOv12,large
b_light,yolo12x,59.1,32,6,2,0.3348,0.5775,0.7996,0.5046,0.6187,436,197,127,YOLOv12,large
b_light,yolo12x,59.1,128,6,2,0.4942,0.75,0.8598,0.6609,0.7473,436,159,25,YOLOv12,large
b_light,yolo12x,59.1,500,6,2,0.5245,0.8108,0.8746,0.7179,0.7885,436,100,94,YOLOv12,large
0_all,yolo11x,56.9,32,6,2,0.4081,0.688,0.8358,0.5969,0.6965,1160,480,97,YOLOv11,large
0_all,yolo11x,56.9,128,6,2,0.5911,0.8719,0.9196,0.7629,0.834,1160,286,56,YOLOv11,large
0_all,yolo11x,56.9,500,6,2,0.6548,0.9368,0.9254,0.8672,0.8954,1160,122,105,YOLOv11,large
a1_t2s,yolo11x,56.9,32,6,2,0.0695,0.1586,0.3159,0.1594,0.2119,709,589,245,YOLOv11,large
a1_t2s,yolo11x,56.9,128,6,2,0.1032,0.2041,0.3506,0.1904,0.2468,709,573,184,YOLOv11,large
a1_t2s,yolo11x,56.9,500,6,2,0.105,0.1972,0.3894,0.1918,0.257,709,563,189,YOLOv11,large
a2_s2t,yolo11x,56.9,32,6,2,0.126,0.2808,0.493,0.2106,0.2952,451,375,30,YOLOv11,large
a2_s2t,yolo11x,56.9,128,6,2,0.2055,0.3999,0.7015,0.3171,0.4367,451,325,30,YOLOv11,large
a2_s2t,yolo11x,56.9,500,6,2,0.337,0.5965,0.6832,0.5277,0.5955,451,205,101,YOLOv11,large
b_light,yolo11x,56.9,32,6,2,0.369,0.642,0.7735,0.5298,0.6289,436,229,30,YOLOv11,large
b_light,yolo11x,56.9,128,6,2,0.4874,0.7571,0.8581,0.6798,0.7587,436,137,52,YOLOv11,large
b_light,yolo11x,56.9,500,6,2,0.5362,0.8116,0.9036,0.6995,0.7886,436,94,105,YOLOv11,large
0_all,rtdetr-x,86.0,32,6,2,0.4246,0.7141,0.755,0.6322,0.6881,1160,167,4040,DETR,large
0_all,rtdetr-x,86.0,128,6,2,0.4996,0.83,0.8765,0.7404,0.8027,1160,114,2022,DETR,large
0_all,rtdetr-x,86.0,500,6,2,0.6241,0.924,0.9306,0.8414,0.8837,1160,75,445,DETR,large
a1_t2s,rtdetr-x,86.0,32,6,2,0.1012,0.1956,0.423,0.2045,0.2757,709,546,200,DETR,large
a1_t2s,rtdetr-x,86.0,128,6,2,0.1725,0.3257,0.6041,0.3244,0.4221,709,399,474,DETR,large
a1_t2s,rtdetr-x,86.0,500,6,2,0.1564,0.2589,0.5438,0.2468,0.3395,709,487,442,DETR,large
a2_s2t,rtdetr-x,86.0,32,6,2,0.2399,0.457,0.5709,0.4257,0.4877,451,242,140,DETR,large
a2_s2t,rtdetr-x,86.0,128,6,2,0.315,0.6006,0.749,0.5557,0.638,451,116,724,DETR,large
a2_s2t,rtdetr-x,86.0,500,6,2,0.4508,0.7512,0.8175,0.6752,0.7396,451,81,513,DETR,large
b_light,rtdetr-x,86.0,32,6,2,0.4226,0.717,0.8869,0.6353,0.7403,436,104,274,DETR,large
b_light,rtdetr-x,86.0,128,6,2,0.4833,0.7585,0.8354,0.6995,0.7615,436,99,185,DETR,large
b_light,rtdetr-x,86.0,500,6,2,0.4307,0.7632,0.8379,0.6835,0.7528,436,90,280,DETR,large
0_all,rtdetr-l,45.0,32,6,2,0.4855,0.7893,0.849,0.7321,0.7862,1160,232,452,DETR,small
0_all,rtdetr-l,45.0,128,6,2,0.5268,0.8525,0.8899,0.794,0.8392,1160,155,310,DETR,small
0_all,rtdetr-l,45.0,500,6,2,0.6239,0.9222,0.8998,0.8667,0.8829,1160,80,334,DETR,small
a1_t2s,rtdetr-l,45.0,32,6,2,0.0524,0.1106,0.2974,0.141,0.1913,709,575,483,DETR,small
a1_t2s,rtdetr-l,45.0,128,6,2,0.0878,0.1948,0.5621,0.189,0.2829,709,559,175,DETR,small
a1_t2s,rtdetr-l,45.0,500,6,2,0.1468,0.2677,0.5665,0.2384,0.3355,709,479,377,DETR,small
a2_s2t,rtdetr-l,45.0,32,6,2,0.3378,0.5906,0.7665,0.5312,0.6275,451,125,901,DETR,small
a2_s2t,rtdetr-l,45.0,128,6,2,0.3784,0.6507,0.7382,0.5965,0.6598,451,132,229,DETR,small
a2_s2t,rtdetr-l,45.0,500,6,2,0.4139,0.7047,0.7386,0.639,0.6852,451,91,488,DETR,small
b_light,rtdetr-l,45.0,32,6,2,0.4088,0.6947,0.8888,0.6233,0.7327,436,125,220,DETR,small
b_light,rtdetr-l,45.0,128,6,2,0.4713,0.7472,0.8112,0.6997,0.7513,436,98,271,DETR,small
b_light,rtdetr-l,45.0,500,6,2,0.5127,0.815,0.8251,0.7355,0.7777,436,61,253,DETR,small
0_all,yolo12n,2.6,32,6,2,0.4302,0.7488,0.7985,0.6902,0.7404,1160,284,405,YOLOv12,small
0_all,yolo12n,2.6,128,6,2,0.5724,0.8699,0.8751,0.7974,0.8345,1160,256,95,YOLOv12,small
0_all,yolo12n,2.6,500,6,2,0.6252,0.9329,0.9131,0.8629,0.8873,1160,123,141,YOLOv12,small
a1_t2s,yolo12n,2.6,32,6,2,0.0443,0.1202,0.2365,0.1185,0.1579,709,626,166,YOLOv12,small
a1_t2s,yolo12n,2.6,128,6,2,0.0747,0.1694,0.297,0.1388,0.1892,709,617,121,YOLOv12,small
a1_t2s,yolo12n,2.6,500,6,2,0.1372,0.2526,0.3814,0.2412,0.2955,709,542,225,YOLOv12,small
a2_s2t,yolo12n,2.6,32,6,2,0.1371,0.3613,0.4489,0.3775,0.4101,451,259,197,YOLOv12,small
a2_s2t,yolo12n,2.6,128,6,2,0.2248,0.4092,0.6332,0.3481,0.4493,451,291,68,YOLOv12,small
a2_s2t,yolo12n,2.6,500,6,2,0.2887,0.5436,0.5897,0.5322,0.5594,451,174,275,YOLOv12,small
b_light,yolo12n,2.6,32,6,2,0.3637,0.618,0.7832,0.5321,0.6337,436,223,37,YOLOv12,small
b_light,yolo12n,2.6,128,6,2,0.4492,0.7209,0.8591,0.657,0.7446,436,140,71,YOLOv12,small
b_light,yolo12n,2.6,500,6,2,0.5091,0.8046,0.9028,0.7202,0.8012,436,96,69,YOLOv12,small
0_all,yolo11n,2.6,32,6,2,0.4538,0.7768,0.8441,0.6802,0.7533,1160,369,116,YOLOv11,small
0_all,yolo11n,2.6,128,6,2,0.5661,0.8646,0.9035,0.7603,0.8258,1160,246,108,YOLOv11,small
0_all,yolo11n,2.6,500,6,2,0.625,0.9243,0.9214,0.8484,0.8834,1160,117,140,YOLOv11,small
a1_t2s,yolo11n,2.6,32,6,2,0.0973,0.2026,0.2407,0.1467,0.1823,709,643,43,YOLOv11,small
a1_t2s,yolo11n,2.6,128,6,2,0.0879,0.1931,0.3481,0.1693,0.2278,709,591,128,YOLOv11,small
a1_t2s,yolo11n,2.6,500,6,2,0.1083,0.2167,0.4673,0.2059,0.2859,709,548,159,YOLOv11,small
a2_s2t,yolo11n,2.6,32,6,2,0.1324,0.3212,0.4099,0.3082,0.3519,451,317,141,YOLOv11,small
a2_s2t,yolo11n,2.6,128,6,2,0.2329,0.4769,0.5753,0.439,0.498,451,241,138,YOLOv11,small
a2_s2t,yolo11n,2.6,500,6,2,0.3372,0.6175,0.6891,0.5898,0.6356,451,151,167,YOLOv11,small
b_light,yolo11n,2.6,32,6,2,0.3867,0.6656,0.7857,0.6009,0.681,436,171,64,YOLOv11,small
b_light,yolo11n,2.6,128,6,2,0.5168,0.8077,0.8943,0.7183,0.7967,436,118,38,YOLOv11,small
b_light,yolo11n,2.6,500,6,2,0.5308,0.8234,0.8436,0.7546,0.7966,436,94,80,YOLOv11,small
0_all,yolo12x,59.1,32,9,1,0.3992,0.7498,0.791,0.6586,0.7188,1160,378,205,YOLOv12,large
0_all,yolo12x,59.1,128,9,1,0.5629,0.8658,0.9042,0.7793,0.8371,1160,228,122,YOLOv12,large
0_all,yolo12x,59.1,500,9,1,0.6307,0.9386,0.9117,0.8638,0.8871,1160,100,180,YOLOv12,large
a1_t2s,yolo12x,59.1,32,9,1,0.0607,0.1486,0.1773,0.1298,0.1498,709,660,51,YOLOv12,large
a1_t2s,yolo12x,59.1,128,9,1,0.084,0.1726,0.4739,0.1495,0.2273,709,579,283,YOLOv12,large
a1_t2s,yolo12x,59.1,500,9,1,0.1251,0.2265,0.5401,0.1961,0.2877,709,535,319,YOLOv12,large
a2_s2t,yolo12x,59.1,32,9,1,0.093,0.252,0.3805,0.3009,0.3361,451,252,491,YOLOv12,large
a2_s2t,yolo12x,59.1,128,9,1,0.1852,0.448,0.5317,0.4457,0.4849,451,199,288,YOLOv12,large
a2_s2t,yolo12x,59.1,500,9,1,0.3223,0.5831,0.6714,0.541,0.5992,451,179,183,YOLOv12,large
b_light,yolo12x,59.1,32,9,1,0.3724,0.6703,0.8079,0.5917,0.6831,436,144,131,YOLOv12,large
b_light,yolo12x,59.1,128,9,1,0.4683,0.7356,0.8557,0.6514,0.7397,436,126,96,YOLOv12,large
b_light,yolo12x,59.1,500,9,1,0.5554,0.8446,0.8461,0.7694,0.8059,436,94,56,YOLOv12,large
0_all,yolo11x,56.9,32,9,1,0.3863,0.6924,0.7669,0.6216,0.6866,1160,477,132,YOLOv11,large
0_all,yolo11x,56.9,128,9,1,0.5899,0.8797,0.9324,0.7543,0.834,1160,281,49,YOLOv11,large
0_all,yolo11x,56.9,500,9,1,0.6261,0.9377,0.9151,0.8647,0.8892,1160,106,149,YOLOv11,large
a1_t2s,yolo11x,56.9,32,9,1,0.0567,0.1354,0.2497,0.2102,0.2282,709,541,558,YOLOv11,large
a1_t2s,yolo11x,56.9,128,9,1,0.0772,0.1762,0.3823,0.1467,0.212,709,597,190,YOLOv11,large
a1_t2s,yolo11x,56.9,500,9,1,0.1271,0.216,0.3995,0.2102,0.2754,709,547,256,YOLOv11,large
a2_s2t,yolo11x,56.9,32,9,1,0.0884,0.2184,0.4125,0.2055,0.2743,451,367,51,YOLOv11,large
a2_s2t,yolo11x,56.9,128,9,1,0.2173,0.4176,0.5932,0.3592,0.4474,451,312,47,YOLOv11,large
a2_s2t,yolo11x,56.9,500,9,1,0.3397,0.6019,0.7241,0.541,0.6193,451,204,79,YOLOv11,large
b_light,yolo11x,56.9,32,9,1,0.3911,0.6761,0.7897,0.6032,0.684,436,139,131,YOLOv11,large
b_light,yolo11x,56.9,128,9,1,0.4942,0.7352,0.896,0.6124,0.7275,436,167,32,YOLOv11,large
b_light,yolo11x,56.9,500,9,1,0.5252,0.7976,0.9014,0.7018,0.7892,436,108,63,YOLOv11,large
0_all,rtdetr-x,86.0,32,9,1,0.4333,0.7684,0.857,0.7029,0.7723,1160,237,557,DETR,large
0_all,rtdetr-x,86.0,128,9,1,0.5492,0.8614,0.8618,0.7767,0.8171,1160,122,766,DETR,large
0_all,rtdetr-x,86.0,500,9,1,0.427,0.6985,0.7599,0.6181,0.6817,1160,207,1957,DETR,large
a1_t2s,rtdetr-x,86.0,32,9,1,0.1611,0.3286,0.5998,0.3244,0.4211,709,395,673,DETR,large
a1_t2s,rtdetr-x,86.0,128,9,1,0.0868,0.1812,0.3213,0.2313,0.269,709,423,2054,DETR,large
a1_t2s,rtdetr-x,86.0,500,9,1,0.0541,0.1368,0.2655,0.2031,0.2301,709,447,1400,DETR,large
a2_s2t,rtdetr-x,86.0,32,9,1,0.3116,0.5644,0.6462,0.5255,0.5796,451,178,254,DETR,large
a2_s2t,rtdetr-x,86.0,128,9,1,0.2754,0.5358,0.639,0.4789,0.5475,451,140,398,DETR,large
a2_s2t,rtdetr-x,86.0,500,9,1,0.441,0.7233,0.8112,0.6519,0.7229,451,116,265,DETR,large
b_light,rtdetr-x,86.0,32,9,1,0.4064,0.6815,0.8389,0.6216,0.714,436,123,212,DETR,large
b_light,rtdetr-x,86.0,128,9,1,0.4912,0.7689,0.8531,0.6792,0.7563,436,90,245,DETR,large
b_light,rtdetr-x,86.0,500,9,1,0.4379,0.7511,0.7931,0.6674,0.7249,436,84,376,DETR,large
0_all,rtdetr-l,45.0,32,9,1,0.4682,0.7909,0.8594,0.7103,0.7778,1160,245,341,DETR,small
0_all,rtdetr-l,45.0,128,9,1,0.5418,0.8469,0.8741,0.7733,0.8206,1160,161,454,DETR,small
0_all,rtdetr-l,45.0,500,9,1,0.6346,0.935,0.9377,0.8655,0.9002,1160,82,313,DETR,small
a1_t2s,rtdetr-l,45.0,32,9,1,0.1173,0.2374,0.4129,0.2384,0.3022,709,514,277,DETR,small
a1_t2s,rtdetr-l,45.0,128,9,1,0.0974,0.1965,0.4172,0.2158,0.2845,709,528,310,DETR,small
a1_t2s,rtdetr-l,45.0,500,9,1,0.1793,0.305,0.659,0.2877,0.4006,709,472,244,DETR,small
a2_s2t,rtdetr-l,45.0,32,9,1,0.3508,0.6466,0.7147,0.6208,0.6645,451,66,3144,DETR,small
a2_s2t,rtdetr-l,45.0,128,9,1,0.3786,0.6411,0.7866,0.5388,0.6395,451,122,441,DETR,small
a2_s2t,rtdetr-l,45.0,500,9,1,0.4326,0.7378,0.7935,0.643,0.7104,451,83,600,DETR,small
b_light,rtdetr-l,45.0,32,9,1,0.3798,0.6519,0.8742,0.59,0.7045,436,154,139,DETR,small
b_light,rtdetr-l,45.0,128,9,1,0.4855,0.7603,0.8894,0.6858,0.7744,436,97,204,DETR,small
b_light,rtdetr-l,45.0,500,9,1,0.543,0.8341,0.8794,0.7525,0.811,436,60,226,DETR,small
0_all,yolo12n,2.6,32,9,1,0.4038,0.7559,0.8274,0.656,0.7318,1160,271,394,YOLOv12,small
0_all,yolo12n,2.6,128,9,1,0.546,0.8643,0.8835,0.7724,0.8242,1160,204,220,YOLOv12,small
0_all,yolo12n,2.6,500,9,1,0.6155,0.9203,0.8843,0.8759,0.8801,1160,109,172,YOLOv12,small
a1_t2s,yolo12n,2.6,32,9,1,0.0594,0.1437,0.269,0.2073,0.2342,709,566,277,YOLOv12,small
a1_t2s,yolo12n,2.6,128,9,1,0.0868,0.188,0.3373,0.1721,0.2279,709,587,149,YOLOv12,small
a1_t2s,yolo12n,2.6,500,9,1,0.1128,0.2204,0.4528,0.2241,0.2998,709,539,212,YOLOv12,small
a2_s2t,yolo12n,2.6,32,9,1,0.2089,0.4402,0.5017,0.4465,0.4725,451,249,154,YOLOv12,small
a2_s2t,yolo12n,2.6,128,9,1,0.2411,0.447,0.6255,0.4035,0.4906,451,256,95,YOLOv12,small
a2_s2t,yolo12n,2.6,500,9,1,0.2669,0.5016,0.5354,0.4945,0.5141,451,219,179,YOLOv12,small
b_light,yolo12n,2.6,32,9,1,0.3566,0.6062,0.7748,0.5287,0.6285,436,162,183,YOLOv12,small
b_light,yolo12n,2.6,128,9,1,0.4817,0.7579,0.8647,0.6835,0.7635,436,134,43,YOLOv12,small
b_light,yolo12n,2.6,500,9,1,0.5253,0.8111,0.8899,0.6927,0.779,436,97,90,YOLOv12,small
0_all,yolo11n,2.6,32,9,1,0.4159,0.7514,0.8271,0.6474,0.7263,1160,331,267,YOLOv11,small
0_all,yolo11n,2.6,128,9,1,0.5655,0.8756,0.8846,0.7879,0.8335,1160,218,150,YOLOv11,small
0_all,yolo11n,2.6,500,9,1,0.6185,0.9308,0.911,0.8557,0.8825,1160,116,166,YOLOv11,small
a1_t2s,yolo11n,2.6,32,9,1,0.0478,0.1317,0.2379,0.1086,0.1491,709,634,94,YOLOv11,small
a1_t2s,yolo11n,2.6,128,9,1,0.1098,0.2119,0.3882,0.1707,0.2371,709,580,118,YOLOv11,small
a1_t2s,yolo11n,2.6,500,9,1,0.1148,0.2227,0.5017,0.1904,0.276,709,541,220,YOLOv11,small
a2_s2t,yolo11n,2.6,32,9,1,0.1883,0.4004,0.5451,0.3827,0.4497,451,256,162,YOLOv11,small
a2_s2t,yolo11n,2.6,128,9,1,0.2287,0.4593,0.6627,0.4008,0.4995,451,278,44,YOLOv11,small
a2_s2t,yolo11n,2.6,500,9,1,0.2963,0.5468,0.6237,0.5388,0.5781,451,202,111,YOLOv11,small
b_light,yolo11n,2.6,32,9,1,0.3848,0.7002,0.7899,0.6124,0.6899,436,125,142,YOLOv11,small
b_light,yolo11n,2.6,128,9,1,0.4958,0.7723,0.9042,0.7018,0.7903,436,127,39,YOLOv11,small
b_light,yolo11n,2.6,500,9,1,0.5,0.795,0.8247,0.7294,0.7741,436,94,139,YOLOv11,small
0_all,yolo12x,59.1,32,9,2,0.4333,0.7386,0.8418,0.6422,0.7286,1160,427,101,YOLOv12,large
0_all,yolo12x,59.1,128,9,2,0.5487,0.8674,0.8868,0.777,0.8283,1160,233,143,YOLOv12,large
0_all,yolo12x,59.1,500,9,2,0.633,0.9347,0.9006,0.8724,0.8863,1160,121,143,YOLOv12,large
a1_t2s,yolo12x,59.1,32,9,2,0.0674,0.1488,0.2794,0.1537,0.1983,709,621,161,YOLOv12,large
a1_t2s,yolo12x,59.1,128,9,2,0.0823,0.1791,0.4227,0.1523,0.2239,709,588,200,YOLOv12,large
a1_t2s,yolo12x,59.1,500,9,2,0.1028,0.1907,0.61,0.1777,0.2752,709,564,250,YOLOv12,large
a2_s2t,yolo12x,59.1,32,9,2,0.1097,0.292,0.4066,0.3592,0.3814,451,215,585,YOLOv12,large
a2_s2t,yolo12x,59.1,128,9,2,0.2755,0.5809,0.676,0.5344,0.5969,451,212,70,YOLOv12,large
a2_s2t,yolo12x,59.1,500,9,2,0.3573,0.6399,0.756,0.5831,0.6584,451,162,107,YOLOv12,large
b_light,yolo12x,59.1,32,9,2,0.3805,0.6513,0.8244,0.5413,0.6535,436,209,25,YOLOv12,large
b_light,yolo12x,59.1,128,9,2,0.4637,0.7526,0.824,0.6977,0.7556,436,120,80,YOLOv12,large
b_light,yolo12x,59.1,500,9,2,0.5298,0.8273,0.8881,0.728,0.8001,436,98,62,YOLOv12,large
0_all,yolo11x,56.9,32,9,2,0.4433,0.7648,0.8426,0.6448,0.7305,1160,381,163,YOLOv11,large
0_all,yolo11x,56.9,128,9,2,0.5586,0.8823,0.8857,0.8012,0.8413,1160,186,170,YOLOv11,large
0_all,yolo11x,56.9,500,9,2,0.6427,0.9286,0.934,0.8664,0.8989,1160,135,85,YOLOv11,large
a1_t2s,yolo11x,56.9,32,9,2,0.028,0.082,0.2373,0.1255,0.1642,709,599,372,YOLOv11,large
a1_t2s,yolo11x,56.9,128,9,2,0.1062,0.204,0.4242,0.1904,0.2628,709,564,272,YOLOv11,large
a1_t2s,yolo11x,56.9,500,9,2,0.0743,0.1617,0.4816,0.1693,0.2505,709,564,286,YOLOv11,large
a2_s2t,yolo11x,56.9,32,9,2,0.1479,0.3968,0.5095,0.459,0.4829,451,159,639,YOLOv11,large
a2_s2t,yolo11x,56.9,128,9,2,0.2821,0.561,0.7307,0.51,0.6007,451,234,52,YOLOv11,large
a2_s2t,yolo11x,56.9,500,9,2,0.2217,0.4649,0.6366,0.4191,0.5054,451,226,161,YOLOv11,large
b_light,yolo11x,56.9,32,9,2,0.3418,0.6407,0.7921,0.5681,0.6616,436,165,105,YOLOv11,large
b_light,yolo11x,56.9,128,9,2,0.4785,0.7627,0.8614,0.6583,0.7463,436,129,78,YOLOv11,large
b_light,yolo11x,56.9,500,9,2,0.5228,0.8147,0.8585,0.7179,0.7819,436,104,82,YOLOv11,large
0_all,rtdetr-x,86.0,32,9,2,0.4664,0.7639,0.8658,0.681,0.7624,1160,276,315,DETR,large
0_all,rtdetr-x,86.0,128,9,2,0.5488,0.858,0.8963,0.7824,0.8355,1160,144,677,DETR,large
0_all,rtdetr-x,86.0,500,9,2,0.3677,0.6029,0.6562,0.5845,0.6183,1160,295,1494,DETR,large
a1_t2s,rtdetr-x,86.0,32,9,2,0.1423,0.2648,0.5506,0.2609,0.3541,709,506,271,DETR,large
a1_t2s,rtdetr-x,86.0,128,9,2,0.1406,0.2827,0.4444,0.3202,0.3722,709,429,579,DETR,large
a1_t2s,rtdetr-x,86.0,500,9,2,0.1418,0.2485,0.4488,0.268,0.3356,709,485,467,DETR,large
a2_s2t,rtdetr-x,86.0,32,9,2,0.3017,0.5413,0.6614,0.5011,0.5702,451,172,297,DETR,large
a2_s2t,rtdetr-x,86.0,128,9,2,0.3882,0.6599,0.7302,0.5831,0.6485,451,115,344,DETR,large
a2_s2t,rtdetr-x,86.0,500,9,2,0.3729,0.6893,0.7625,0.6275,0.6884,451,97,460,DETR,large
b_light,rtdetr-x,86.0,32,9,2,0.3998,0.6989,0.8254,0.6353,0.718,436,121,193,DETR,large
b_light,rtdetr-x,86.0,128,9,2,0.3412,0.5706,0.7227,0.5596,0.6308,436,126,765,DETR,large
b_light,rtdetr-x,86.0,500,9,2,0.5046,0.7913,0.8814,0.6988,0.7796,436,66,444,DETR,large
0_all,rtdetr-l,45.0,32,9,2,0.462,0.7564,0.8683,0.6957,0.7725,1160,297,293,DETR,small
0_all,rtdetr-l,45.0,128,9,2,0.5496,0.8752,0.8889,0.794,0.8387,1160,126,427,DETR,small
0_all,rtdetr-l,45.0,500,9,2,0.6195,0.9277,0.9174,0.8716,0.894,1160,106,182,DETR,small
a1_t2s,rtdetr-l,45.0,32,9,2,0.0563,0.1237,0.2848,0.1523,0.1985,709,584,312,DETR,small
a1_t2s,rtdetr-l,45.0,128,9,2,0.1293,0.2275,0.5725,0.22,0.3179,709,513,348,DETR,small
a1_t2s,rtdetr-l,45.0,500,9,2,0.1604,0.2879,0.5656,0.268,0.3637,709,481,322,DETR,small
a2_s2t,rtdetr-l,45.0,32,9,2,0.2875,0.5386,0.6444,0.5055,0.5666,451,192,157,DETR,small
a2_s2t,rtdetr-l,45.0,128,9,2,0.4269,0.7282,0.7803,0.6874,0.7309,451,83,459,DETR,small
a2_s2t,rtdetr-l,45.0,500,9,2,0.4767,0.7682,0.875,0.6452,0.7428,451,84,284,DETR,small
b_light,rtdetr-l,45.0,32,9,2,0.4359,0.7241,0.8663,0.6389,0.7354,436,92,398,DETR,small
b_light,rtdetr-l,45.0,128,9,2,0.4586,0.7533,0.8433,0.672,0.748,436,95,300,DETR,small
b_light,rtdetr-l,45.0,500,9,2,0.5204,0.8168,0.8767,0.7156,0.788,436,61,338,DETR,small
0_all,yolo12n,2.6,32,9,2,0.4228,0.7616,0.8144,0.6808,0.7416,1160,222,560,YOLOv12,small
0_all,yolo12n,2.6,128,9,2,0.5273,0.8659,0.8511,0.7862,0.8174,1160,173,299,YOLOv12,small
0_all,yolo12n,2.6,500,9,2,0.6183,0.9217,0.9074,0.8784,0.8926,1160,114,149,YOLOv12,small
a1_t2s,yolo12n,2.6,32,9,2,0.0681,0.1538,0.3644,0.0987,0.1554,709,644,55,YOLOv12,small
a1_t2s,yolo12n,2.6,128,9,2,0.0905,0.1829,0.4711,0.158,0.2366,709,595,84,YOLOv12,small
a1_t2s,yolo12n,2.6,500,9,2,0.1263,0.2587,0.4082,0.2482,0.3087,709,505,327,YOLOv12,small
a2_s2t,yolo12n,2.6,32,9,2,0.0862,0.2442,0.3022,0.2949,0.2985,451,303,250,YOLOv12,small
a2_s2t,yolo12n,2.6,128,9,2,0.2868,0.5614,0.657,0.5366,0.5907,451,215,73,YOLOv12,small
a2_s2t,yolo12n,2.6,500,9,2,0.3389,0.636,0.7005,0.5808,0.6351,451,168,126,YOLOv12,small
b_light,yolo12n,2.6,32,9,2,0.3548,0.6327,0.7935,0.5377,0.641,436,176,87,YOLOv12,small
b_light,yolo12n,2.6,128,9,2,0.4448,0.7389,0.8488,0.6628,0.7444,436,132,74,YOLOv12,small
b_light,yolo12n,2.6,500,9,2,0.512,0.82,0.8639,0.7317,0.7923,436,85,132,YOLOv12,small
0_all,yolo11n,2.6,32,9,2,0.456,0.7568,0.8794,0.6224,0.7289,1160,424,102,YOLOv11,small
0_all,yolo11n,2.6,128,9,2,0.5604,0.877,0.8869,0.7819,0.8311,1160,195,174,YOLOv11,small
0_all,yolo11n,2.6,500,9,2,0.6176,0.9248,0.9182,0.8517,0.8837,1160,125,157,YOLOv11,small
a1_t2s,yolo11n,2.6,32,9,2,0.0662,0.1458,0.2157,0.0931,0.13,709,661,43,YOLOv11,small
a1_t2s,yolo11n,2.6,128,9,2,0.1181,0.2387,0.4429,0.2228,0.2965,709,563,137,YOLOv11,small
a1_t2s,yolo11n,2.6,500,9,2,0.1198,0.2363,0.5156,0.2087,0.2972,709,538,247,YOLOv11,small
a2_s2t,yolo11n,2.6,32,9,2,0.1888,0.3852,0.6444,0.337,0.4426,451,271,177,YOLOv11,small
a2_s2t,yolo11n,2.6,128,9,2,0.2942,0.5926,0.775,0.5344,0.6326,451,207,53,YOLOv11,small
a2_s2t,yolo11n,2.6,500,9,2,0.3705,0.6534,0.7589,0.5854,0.6609,451,176,80,YOLOv11,small
b_light,yolo11n,2.6,32,9,2,0.3596,0.6683,0.8072,0.5955,0.6854,436,159,93,YOLOv11,small
b_light,yolo11n,2.6,128,9,2,0.4919,0.7753,0.8897,0.7064,0.7875,436,128,31,YOLOv11,small
b_light,yolo11n,2.6,500,9,2,0.527,0.815,0.86,0.7042,0.7743,436,116,67,YOLOv11,small
0_all,yolo12x,59.1,32,0,1,0.427,0.7621,0.7897,0.6819,0.7319,1160,277,352,YOLOv12,large
0_all,yolo12x,59.1,128,0,1,0.5827,0.8781,0.9143,0.7707,0.8364,1160,254,69,YOLOv12,large
0_all,yolo12x,59.1,500,0,1,0.6454,0.9325,0.9091,0.8627,0.8853,1160,131,120,YOLOv12,large
a1_t2s,yolo12x,59.1,32,0,1,0.0581,0.1369,0.2795,0.1227,0.1705,709,630,113,YOLOv12,large
a1_t2s,yolo12x,59.1,128,0,1,0.1053,0.2009,0.3564,0.1848,0.2434,709,574,172,YOLOv12,large
a1_t2s,yolo12x,59.1,500,0,1,0.087,0.1608,0.457,0.165,0.2425,709,562,242,YOLOv12,large
a2_s2t,yolo12x,59.1,32,0,1,0.0501,0.1518,0.2675,0.2151,0.2384,451,336,204,YOLOv12,large
a2_s2t,yolo12x,59.1,128,0,1,0.2692,0.5466,0.6208,0.5155,0.5633,451,222,102,YOLOv12,large
a2_s2t,yolo12x,59.1,500,0,1,0.3396,0.607,0.6951,0.5277,0.6,451,149,301,YOLOv12,large
b_light,yolo12x,59.1,32,0,1,0.3494,0.5996,0.79,0.4931,0.6072,436,236,31,YOLOv12,large
b_light,yolo12x,59.1,128,0,1,0.4842,0.743,0.8157,0.656,0.7272,436,155,54,YOLOv12,large
b_light,yolo12x,59.1,500,0,1,0.5242,0.8017,0.8979,0.7179,0.7979,436,101,70,YOLOv12,large
0_all,yolo11x,56.9,32,0,1,0.419,0.7344,0.8023,0.6664,0.7281,1160,345,244,YOLOv11,large
0_all,yolo11x,56.9,128,0,1,0.5814,0.8726,0.9184,0.7716,0.8386,1160,263,58,YOLOv11,large
0_all,yolo11x,56.9,500,0,1,0.6327,0.9272,0.9158,0.8625,0.8884,1160,141,101,YOLOv11,large
a1_t2s,yolo11x,56.9,32,0,1,0.0521,0.1219,0.1488,0.1114,0.1274,709,657,81,YOLOv11,large
a1_t2s,yolo11x,56.9,128,0,1,0.0847,0.1579,0.3602,0.1312,0.1923,709,614,124,YOLOv11,large
a1_t2s,yolo11x,56.9,500,0,1,0.0961,0.1874,0.3088,0.2149,0.2534,709,565,234,YOLOv11,large
a2_s2t,yolo11x,56.9,32,0,1,0.1102,0.2766,0.4142,0.3016,0.349,451,326,108,YOLOv11,large
a2_s2t,yolo11x,56.9,128,0,1,0.1779,0.3824,0.5161,0.3725,0.4327,451,282,90,YOLOv11,large
a2_s2t,yolo11x,56.9,500,0,1,0.3406,0.6086,0.7557,0.5477,0.6351,451,172,131,YOLOv11,large
b_light,yolo11x,56.9,32,0,1,0.3504,0.5786,0.8171,0.4404,0.5723,436,269,18,YOLOv11,large
b_light,yolo11x,56.9,128,0,1,0.4722,0.7461,0.8633,0.6374,0.7334,436,137,58,YOLOv11,large
b_light,yolo11x,56.9,500,0,1,0.5156,0.7835,0.8786,0.7136,0.7876,436,116,71,YOLOv11,large
0_all,rtdetr-x,86.0,32,0,1,0.4768,0.8072,0.859,0.7172,0.7817,1160,170,925,DETR,large
0_all,rtdetr-x,86.0,128,0,1,0.4475,0.7627,0.7718,0.6853,0.726,1160,150,2770,DETR,large
0_all,rtdetr-x,86.0,500,0,1,0.5333,0.871,0.8594,0.8011,0.8292,1160,87,1181,DETR,large
a1_t2s,rtdetr-x,86.0,32,0,1,0.0969,0.1981,0.5403,0.1946,0.2862,709,540,321,DETR,large
a1_t2s,rtdetr-x,86.0,128,0,1,0.098,0.2094,0.4539,0.2313,0.3065,709,495,541,DETR,large
a1_t2s,rtdetr-x,86.0,500,0,1,0.1473,0.2677,0.5787,0.2623,0.361,709,505,261,DETR,large
a2_s2t,rtdetr-x,86.0,32,0,1,0.3096,0.5875,0.7525,0.4967,0.5984,451,184,147,DETR,large
a2_s2t,rtdetr-x,86.0,128,0,1,0.3659,0.6607,0.7522,0.6231,0.6816,451,122,334,DETR,large
a2_s2t,rtdetr-x,86.0,500,0,1,0.4102,0.7162,0.774,0.6541,0.709,451,103,268,DETR,large
b_light,rtdetr-x,86.0,32,0,1,0.4008,0.6756,0.8485,0.6055,0.7067,436,131,209,DETR,large
b_light,rtdetr-x,86.0,128,0,1,0.4506,0.7346,0.8046,0.672,0.7323,436,117,124,DETR,large
b_light,rtdetr-x,86.0,500,0,1,0.3876,0.6716,0.7493,0.5691,0.6469,436,107,454,DETR,large
0_all,rtdetr-l,45.0,32,0,1,0.43,0.7504,0.8348,0.6623,0.7386,1160,256,525,DETR,small
0_all,rtdetr-l,45.0,128,0,1,0.5562,0.8686,0.898,0.8,0.8462,1160,133,482,DETR,small
0_all,rtdetr-l,45.0,500,0,1,0.6097,0.9129,0.9004,0.8328,0.8652,1160,76,448,DETR,small
a1_t2s,rtdetr-l,45.0,32,0,1,0.1045,0.216,0.4673,0.22,0.2992,709,545,152,DETR,small
a1_t2s,rtdetr-l,45.0,128,0,1,0.0961,0.1846,0.6325,0.1707,0.2688,709,558,246,DETR,small
a1_t2s,rtdetr-l,45.0,500,0,1,0.1144,0.2025,0.4432,0.2257,0.2991,709,534,304,DETR,small
a2_s2t,rtdetr-l,45.0,32,0,1,0.3101,0.6256,0.6847,0.5565,0.614,451,111,379,DETR,small
a2_s2t,rtdetr-l,45.0,128,0,1,0.3101,0.5847,0.6375,0.5421,0.5859,451,162,260,DETR,small
a2_s2t,rtdetr-l,45.0,500,0,1,0.4492,0.7691,0.8782,0.6712,0.7608,451,63,703,DETR,small
b_light,rtdetr-l,45.0,32,0,1,0.3916,0.6523,0.7414,0.618,0.6741,436,148,123,DETR,small
b_light,rtdetr-l,45.0,128,0,1,0.4386,0.7167,0.7851,0.6766,0.7268,436,109,282,DETR,small
b_light,rtdetr-l,45.0,500,0,1,0.512,0.7866,0.849,0.7294,0.7847,436,94,163,DETR,small
0_all,yolo12n,2.6,32,0,1,0.4293,0.767,0.8279,0.681,0.7473,1160,293,296,YOLOv12,small
0_all,yolo12n,2.6,128,0,1,0.5505,0.8649,0.8956,0.7763,0.8317,1160,208,155,YOLOv12,small
0_all,yolo12n,2.6,500,0,1,0.6242,0.9334,0.9004,0.8811,0.8907,1160,106,146,YOLOv12,small
a1_t2s,yolo12n,2.6,32,0,1,0.0633,0.134,0.1645,0.1269,0.1433,709,654,74,YOLOv12,small
a1_t2s,yolo12n,2.6,128,0,1,0.0985,0.199,0.3914,0.1636,0.2308,709,605,101,YOLOv12,small
a1_t2s,yolo12n,2.6,500,0,1,0.1455,0.2713,0.4072,0.2567,0.3149,709,532,204,YOLOv12,small
a2_s2t,yolo12n,2.6,32,0,1,0.0938,0.2084,0.1908,0.2106,0.2002,451,410,13,YOLOv12,small
a2_s2t,yolo12n,2.6,128,0,1,0.2566,0.5237,0.6168,0.5166,0.5623,451,196,128,YOLOv12,small
a2_s2t,yolo12n,2.6,500,0,1,0.2355,0.4472,0.5298,0.4323,0.4761,451,256,154,YOLOv12,small
b_light,yolo12n,2.6,32,0,1,0.3625,0.6234,0.7325,0.578,0.6461,436,181,75,YOLOv12,small
b_light,yolo12n,2.6,128,0,1,0.4635,0.7606,0.8626,0.695,0.7698,436,126,45,YOLOv12,small
b_light,yolo12n,2.6,500,0,1,0.5266,0.822,0.8838,0.7362,0.8033,436,91,97,YOLOv12,small
0_all,yolo11n,2.6,32,0,1,0.4641,0.7764,0.8028,0.6853,0.7394,1160,346,180,YOLOv11,small
0_all,yolo11n,2.6,128,0,1,0.5526,0.8745,0.8723,0.8095,0.8397,1160,171,179,YOLOv11,small
0_all,yolo11n,2.6,500,0,1,0.6229,0.9337,0.9119,0.8742,0.8926,1160,96,197,YOLOv11,small
a1_t2s,yolo11n,2.6,32,0,1,0.0559,0.1435,0.3247,0.1227,0.1781,709,631,95,YOLOv11,small
a1_t2s,yolo11n,2.6,128,0,1,0.1112,0.2423,0.4961,0.1932,0.2781,709,565,113,YOLOv11,small
a1_t2s,yolo11n,2.6,500,0,1,0.091,0.1837,0.4002,0.176,0.2444,709,576,163,YOLOv11,small
a2_s2t,yolo11n,2.6,32,0,1,0.1151,0.2523,0.4583,0.2251,0.302,451,361,72,YOLOv11,small
a2_s2t,yolo11n,2.6,128,0,1,0.2186,0.4152,0.6246,0.3614,0.4579,451,296,59,YOLOv11,small
a2_s2t,yolo11n,2.6,500,0,1,0.3653,0.6258,0.8076,0.5011,0.6185,451,179,140,YOLOv11,small
b_light,yolo11n,2.6,32,0,1,0.3788,0.6351,0.7795,0.5434,0.6404,436,219,37,YOLOv11,small
b_light,yolo11n,2.6,128,0,1,0.4938,0.7677,0.8737,0.6663,0.756,436,134,48,YOLOv11,small
b_light,yolo11n,2.6,500,0,1,0.5076,0.8039,0.8373,0.7271,0.7783,436,76,193,YOLOv11,small
0_all,yolo12x,59.1,32,0,2,0.4371,0.7199,0.8486,0.6147,0.7129,1160,416,139,YOLOv12,large
0_all,yolo12x,59.1,128,0,2,0.548,0.8778,0.8757,0.7836,0.8271,1160,151,355,YOLOv12,large
0_all,yolo12x,59.1,500,0,2,0.6323,0.9376,0.9205,0.8587,0.8886,1160,119,135,YOLOv12,large
a1_t2s,yolo12x,59.1,32,0,2,0.0791,0.1786,0.3844,0.1876,0.2521,709,563,212,YOLOv12,large
a1_t2s,yolo12x,59.1,128,0,2,0.1082,0.2044,0.3221,0.2059,0.2512,709,574,203,YOLOv12,large
a1_t2s,yolo12x,59.1,500,0,2,0.1192,0.2124,0.4943,0.1777,0.2614,709,564,203,YOLOv12,large
a2_s2t,yolo12x,59.1,32,0,2,0.1662,0.4453,0.5591,0.4789,0.5159,451,175,345,YOLOv12,large
a2_s2t,yolo12x,59.1,128,0,2,0.2285,0.4467,0.6952,0.4097,0.5156,451,268,57,YOLOv12,large
a2_s2t,yolo12x,59.1,500,0,2,0.3066,0.5702,0.6735,0.51,0.5805,451,190,155,YOLOv12,large
b_light,yolo12x,59.1,32,0,2,0.3408,0.5753,0.767,0.4954,0.602,436,188,130,YOLOv12,large
b_light,yolo12x,59.1,128,0,2,0.5056,0.7665,0.8706,0.6835,0.7658,436,148,21,YOLOv12,large
b_light,yolo12x,59.1,500,0,2,0.5193,0.791,0.862,0.6875,0.7649,436,121,96,YOLOv12,large
0_all,yolo11x,56.9,32,0,2,0.4325,0.7194,0.8228,0.619,0.7065,1160,424,136,YOLOv11,large
0_all,yolo11x,56.9,128,0,2,0.5895,0.8626,0.9004,0.7741,0.8325,1160,265,70,YOLOv11,large
0_all,yolo11x,56.9,500,0,2,0.6361,0.9365,0.9154,0.8681,0.8911,1160,114,143,YOLOv11,large
a1_t2s,yolo11x,56.9,32,0,2,0.0436,0.1059,0.2142,0.1326,0.1638,709,611,255,YOLOv11,large
a1_t2s,yolo11x,56.9,128,0,2,0.0507,0.1054,0.3117,0.1171,0.1702,709,601,311,YOLOv11,large
a1_t2s,yolo11x,56.9,500,0,2,0.1086,0.1855,0.403,0.189,0.2573,709,566,234,YOLOv11,large
a2_s2t,yolo11x,56.9,32,0,2,0.1595,0.3665,0.4724,0.3925,0.4287,451,271,147,YOLOv11,large
a2_s2t,yolo11x,56.9,128,0,2,0.1363,0.3107,0.4186,0.3282,0.3679,451,248,381,YOLOv11,large
a2_s2t,yolo11x,56.9,500,0,2,0.3088,0.5525,0.6673,0.4491,0.5368,451,211,131,YOLOv11,large
b_light,yolo11x,56.9,32,0,2,0.2872,0.5725,0.7619,0.4696,0.5811,436,187,191,YOLOv11,large
b_light,yolo11x,56.9,128,0,2,0.4522,0.7214,0.8433,0.6239,0.7172,436,164,38,YOLOv11,large
b_light,yolo11x,56.9,500,0,2,0.5335,0.8173,0.8216,0.7523,0.7854,436,103,67,YOLOv11,large
0_all,rtdetr-x,86.0,32,0,2,0.4913,0.7749,0.937,0.6897,0.7945,1160,338,63,DETR,large
0_all,rtdetr-x,86.0,128,0,2,0.5612,0.8697,0.9106,0.7988,0.8511,1160,143,289,DETR,large
0_all,rtdetr-x,86.0,500,0,2,0.6115,0.9229,0.9123,0.8517,0.881,1160,74,572,DETR,large
a1_t2s,rtdetr-x,86.0,32,0,2,0.0613,0.1246,0.4241,0.1241,0.192,709,591,350,DETR,large
a1_t2s,rtdetr-x,86.0,128,0,2,0.1236,0.2322,0.4754,0.2326,0.3124,709,509,348,DETR,large
a1_t2s,rtdetr-x,86.0,500,0,2,0.1743,0.3012,0.5255,0.2968,0.3793,709,460,280,DETR,large
a2_s2t,rtdetr-x,86.0,32,0,2,0.4183,0.7027,0.7996,0.6194,0.6981,451,105,374,DETR,large
a2_s2t,rtdetr-x,86.0,128,0,2,0.3427,0.6209,0.7275,0.5565,0.6307,451,134,319,DETR,large
a2_s2t,rtdetr-x,86.0,500,0,2,0.4641,0.731,0.8304,0.663,0.7373,451,100,324,DETR,large
b_light,rtdetr-x,86.0,32,0,2,0.3877,0.6573,0.7845,0.6011,0.6806,436,140,142,DETR,large
b_light,rtdetr-x,86.0,128,0,2,0.4598,0.7597,0.7155,0.7133,0.7144,436,66,522,DETR,large
b_light,rtdetr-x,86.0,500,0,2,0.4051,0.6587,0.785,0.5442,0.6428,436,131,330,DETR,large
0_all,rtdetr-l,45.0,32,0,2,0.4777,0.7669,0.8755,0.6828,0.7672,1160,309,200,DETR,small
0_all,rtdetr-l,45.0,128,0,2,0.539,0.8496,0.8647,0.7483,0.8023,1160,187,289,DETR,small
0_all,rtdetr-l,45.0,500,0,2,0.5769,0.897,0.8803,0.8172,0.8476,1160,59,1250,DETR,small
a1_t2s,rtdetr-l,45.0,32,0,2,0.0875,0.1735,0.4743,0.1678,0.2479,709,542,705,DETR,small
a1_t2s,rtdetr-l,45.0,128,0,2,0.1257,0.2486,0.4577,0.2595,0.3312,709,456,772,DETR,small
a1_t2s,rtdetr-l,45.0,500,0,2,0.1168,0.1991,0.4812,0.2017,0.2842,709,535,332,DETR,small
a2_s2t,rtdetr-l,45.0,32,0,2,0.4069,0.6899,0.8545,0.5765,0.6885,451,116,376,DETR,small
a2_s2t,rtdetr-l,45.0,128,0,2,0.3866,0.6823,0.7037,0.6364,0.6683,451,91,459,DETR,small
a2_s2t,rtdetr-l,45.0,500,0,2,0.4295,0.7109,0.6924,0.6489,0.67,451,92,383,DETR,small
b_light,rtdetr-l,45.0,32,0,2,0.4274,0.6994,0.8623,0.5889,0.6998,436,136,194,DETR,small
b_light,rtdetr-l,45.0,128,0,2,0.46,0.7467,0.8716,0.6692,0.7571,436,103,187,DETR,small
b_light,rtdetr-l,45.0,500,0,2,0.5354,0.8152,0.8959,0.7305,0.8048,436,85,106,DETR,small
0_all,yolo12n,2.6,32,0,2,0.4305,0.7546,0.8455,0.6603,0.7415,1160,311,266,YOLOv12,small
0_all,yolo12n,2.6,128,0,2,0.536,0.8636,0.8539,0.8012,0.8267,1160,151,394,YOLOv12,small
0_all,yolo12n,2.6,500,0,2,0.6114,0.9203,0.8956,0.85,0.8722,1160,120,209,YOLOv12,small
a1_t2s,yolo12n,2.6,32,0,2,0.0492,0.1233,0.2921,0.1509,0.199,709,592,239,YOLOv12,small
a1_t2s,yolo12n,2.6,128,0,2,0.0889,0.1839,0.4084,0.1646,0.2346,709,568,245,YOLOv12,small
a1_t2s,yolo12n,2.6,500,0,2,0.1375,0.253,0.3992,0.2313,0.2929,709,555,160,YOLOv12,small
a2_s2t,yolo12n,2.6,32,0,2,0.1467,0.3286,0.4807,0.3415,0.3993,451,233,542,YOLOv12,small
a2_s2t,yolo12n,2.6,128,0,2,0.2341,0.4855,0.6586,0.4279,0.5188,451,266,62,YOLOv12,small
a2_s2t,yolo12n,2.6,500,0,2,0.2668,0.5106,0.6254,0.4723,0.5382,451,206,195,YOLOv12,small
0_all,yolo12x,59.1,32,0,2,0.4241,0.7269,0.8276,0.6431,0.7238,1160,358,234,YOLOv12,large
0_all,yolo12x,59.1,128,0,2,0.5786,0.8678,0.8694,0.7863,0.8258,1160,253,105,YOLOv12,large
0_all,yolo12x,59.1,500,0,2,0.628,0.9336,0.9108,0.869,0.8894,1160,95,200,YOLOv12,large
a1_t2s,yolo12x,59.1,32,0,2,0.0434,0.0992,0.1957,0.0959,0.1287,709,648,149,YOLOv12,large
a1_t2s,yolo12x,59.1,128,0,2,0.1051,0.1919,0.3858,0.1791,0.2447,709,569,219,YOLOv12,large
a1_t2s,yolo12x,59.1,500,0,2,0.1127,0.2099,0.4536,0.2017,0.2792,709,542,236,YOLOv12,large
a2_s2t,yolo12x,59.1,32,0,2,0.1981,0.4936,0.6378,0.4646,0.5376,451,151,403,YOLOv12,large
a2_s2t,yolo12x,59.1,128,0,2,0.2715,0.543,0.674,0.5122,0.5821,451,212,115,YOLOv12,large
a2_s2t,yolo12x,59.1,500,0,2,0.3102,0.5785,0.6829,0.541,0.6037,451,150,225,YOLOv12,large
b_light,yolo12x,59.1,32,0,2,0.3261,0.5731,0.7847,0.5023,0.6125,436,173,191,YOLOv12,large
b_light,yolo12x,59.1,128,0,2,0.4708,0.7331,0.9167,0.617,0.7376,436,165,22,YOLOv12,large
b_light,yolo12x,59.1,500,0,2,0.4972,0.7631,0.8709,0.6652,0.7542,436,108,93,YOLOv12,large
0_all,yolo11x,56.9,32,0,2,0.4482,0.7233,0.8232,0.6293,0.7133,1160,467,88,YOLOv11,large
0_all,yolo12n,2.6,32,0,2,0.4591,0.7672,0.876,0.6454,0.7432,1160,369,149,YOLOv12,small
0_all,yolo12n,2.6,128,0,2,0.5768,0.8748,0.8775,0.8029,0.8386,1160,232,96,YOLOv12,small
0_all,yolo12n,2.6,500,0,2,0.6068,0.9135,0.9178,0.8476,0.8813,1160,129,148,YOLOv12,small
a1_t2s,yolo12n,2.6,32,0,2,0.0568,0.1595,0.4981,0.1495,0.23,709,576,310,YOLOv12,small
a1_t2s,yolo12n,2.6,128,0,2,0.1144,0.226,0.408,0.1946,0.2635,709,549,229,YOLOv12,small
a1_t2s,yolo12n,2.6,500,0,2,0.1371,0.257,0.5687,0.2116,0.3084,709,521,208,YOLOv12,small
a2_s2t,yolo12n,2.6,32,0,2,0.1393,0.3182,0.5083,0.2934,0.372,451,328,55,YOLOv12,small
a2_s2t,yolo12n,2.6,128,0,2,0.2088,0.4424,0.5907,0.4032,0.4792,451,276,75,YOLOv12,small
a2_s2t,yolo12n,2.6,500,0,2,0.303,0.5494,0.6722,0.49,0.5668,451,169,215,YOLOv12,small
b_light,yolo12n,2.6,32,0,2,0.3255,0.5791,0.7946,0.4748,0.5944,436,212,77,YOLOv12,small
b_light,yolo12n,2.6,128,0,2,0.4866,0.768,0.8982,0.6697,0.7673,436,132,48,YOLOv12,small
b_light,yolo12n,2.6,500,0,2,0.4988,0.7798,0.8507,0.7087,0.7733,436,116,77,YOLOv12,small
0_all,yolo11n,2.6,32,0,2,0.4612,0.7637,0.8645,0.6658,0.7522,1160,372,110,YOLOv11,small
0_all,yolo11n,2.6,128,0,2,0.5513,0.8636,0.8834,0.7775,0.8271,1160,215,141,YOLOv11,small
0_all,yolo11n,2.6,500,0,2,0.6157,0.9295,0.8933,0.8587,0.8756,1160,129,155,YOLOv11,small
a1_t2s,yolo11n,2.6,32,0,2,0.0578,0.1261,0.1579,0.11,0.1297,709,662,85,YOLOv11,small
a1_t2s,yolo11n,2.6,128,0,2,0.1095,0.2076,0.3414,0.1805,0.2362,709,581,163,YOLOv11,small
a1_t2s,yolo11n,2.6,500,0,2,0.0981,0.188,0.3403,0.1989,0.251,709,577,202,YOLOv11,small
a2_s2t,yolo11n,2.6,32,0,2,0.1551,0.3442,0.4719,0.3991,0.4324,451,274,123,YOLOv11,small
a2_s2t,yolo11n,2.6,128,0,2,0.2704,0.5017,0.6396,0.4525,0.53,451,249,64,YOLOv11,small
a2_s2t,yolo11n,2.6,500,0,2,0.3485,0.6223,0.7192,0.5543,0.6261,451,182,105,YOLOv11,small
b_light,yolo11n,2.6,32,0,2,0.3783,0.6631,0.7977,0.5734,0.6672,436,115,336,YOLOv11,small
b_light,yolo11n,2.6,128,0,2,0.4819,0.7635,0.8846,0.6674,0.7608,436,137,38,YOLOv11,small
b_light,yolo11n,2.6,500,0,2,0.4954,0.7756,0.8554,0.6972,0.7683,436,120,82,YOLOv11,small
0_all,yolo12x,59.1,32,2,1,0.3823,0.7166,0.7685,0.6388,0.6976,1160,337,376,YOLOv12,large
0_all,yolo12x,59.1,128,2,1,0.5792,0.857,0.878,0.7741,0.8228,1160,278,71,YOLOv12,large
0_all,yolo12x,59.1,500,2,1,0.6347,0.9295,0.9262,0.855,0.8892,1160,132,130,YOLOv12,large
a1_t2s,yolo12x,59.1,32,2,1,0.0296,0.0886,0.1533,0.1016,0.1222,709,646,194,YOLOv12,large
a1_t2s,yolo12x,59.1,128,2,1,0.1186,0.2172,0.3548,0.2228,0.2738,709,550,259,YOLOv12,large
a1_t2s,yolo12x,59.1,500,2,1,0.1029,0.1887,0.4124,0.1989,0.2683,709,550,228,YOLOv12,large
a2_s2t,yolo12x,59.1,32,2,1,0.1085,0.2698,0.4551,0.2683,0.3376,451,366,37,YOLOv12,large
a2_s2t,yolo12x,59.1,128,2,1,0.2697,0.5332,0.7115,0.4538,0.5542,451,229,84,YOLOv12,large
a2_s2t,yolo12x,59.1,500,2,1,0.314,0.6013,0.611,0.5965,0.6037,451,158,190,YOLOv12,large
b_light,yolo12x,59.1,32,2,1,0.3556,0.6249,0.7585,0.5528,0.6395,436,188,87,YOLOv12,large
b_light,yolo12x,59.1,128,2,1,0.4515,0.7029,0.8903,0.5688,0.6941,436,178,50,YOLOv12,large
b_light,yolo12x,59.1,500,2,1,0.5262,0.8095,0.9013,0.7041,0.7906,436,104,66,YOLOv12,large
0_all,yolo11x,56.9,32,2,1,0.3972,0.7208,0.793,0.6491,0.7139,1160,366,232,YOLOv11,large
0_all,yolo11x,56.9,128,2,1,0.5386,0.8554,0.8664,0.7862,0.8243,1160,211,170,YOLOv11,large
0_all,yolo11x,56.9,500,2,1,0.626,0.9345,0.9287,0.8621,0.8942,1160,108,153,YOLOv11,large
a1_t2s,yolo11x,56.9,32,2,1,0.0685,0.1614,0.3613,0.1622,0.2239,709,570,271,YOLOv11,large
a1_t2s,yolo11x,56.9,128,2,1,0.1224,0.2319,0.5489,0.1848,0.2765,709,566,160,YOLOv11,large
a1_t2s,yolo11x,56.9,500,2,1,0.1062,0.2029,0.4665,0.1862,0.2661,709,557,230,YOLOv11,large
a2_s2t,yolo11x,56.9,32,2,1,0.1153,0.2295,0.4828,0.2062,0.289,451,370,47,YOLOv11,large
a2_s2t,yolo11x,56.9,128,2,1,0.2486,0.465,0.6927,0.3849,0.4948,451,293,42,YOLOv11,large
a2_s2t,yolo11x,56.9,500,2,1,0.2263,0.4622,0.54,0.439,0.4843,451,214,219,YOLOv11,large
b_light,yolo11x,56.9,32,2,1,0.39,0.6646,0.8044,0.5846,0.6771,436,150,157,YOLOv11,large
b_light,yolo11x,56.9,128,2,1,0.481,0.7543,0.8448,0.6615,0.7419,436,146,43,YOLOv11,large
b_light,yolo11x,56.9,500,2,1,0.5522,0.8403,0.8989,0.7546,0.8204,436,94,63,YOLOv11,large
0_all,rtdetr-x,86.0,32,2,1,0.4381,0.7848,0.837,0.7128,0.7699,1160,249,283,DETR,large
0_all,rtdetr-x,86.0,128,2,1,0.5592,0.8706,0.8779,0.7948,0.8343,1160,142,456,DETR,large
0_all,rtdetr-x,86.0,500,2,1,0.5016,0.8102,0.8453,0.7259,0.781,1160,156,791,DETR,large
a1_t2s,rtdetr-x,86.0,32,2,1,0.207,0.4299,0.6665,0.4199,0.5152,709,299,909,DETR,large
a1_t2s,rtdetr-x,86.0,128,2,1,0.0931,0.1997,0.5815,0.1819,0.2772,709,541,236,DETR,large
a1_t2s,rtdetr-x,86.0,500,2,1,0.1346,0.2423,0.5658,0.2224,0.3193,709,482,550,DETR,large
a2_s2t,rtdetr-x,86.0,32,2,1,0.2718,0.4985,0.608,0.4789,0.5358,451,193,248,DETR,large
a2_s2t,rtdetr-x,86.0,128,2,1,0.2816,0.6088,0.7546,0.5661,0.6469,451,111,681,DETR,large
a2_s2t,rtdetr-x,86.0,500,2,1,0.4041,0.7173,0.8688,0.6297,0.7302,451,95,479,DETR,large
b_light,rtdetr-x,86.0,32,2,1,0.4234,0.7167,0.8547,0.6284,0.7243,436,102,276,DETR,large
b_light,rtdetr-x,86.0,128,2,1,0.3883,0.7172,0.7772,0.6307,0.6964,436,137,107,DETR,large
b_light,rtdetr-x,86.0,500,2,1,0.4712,0.7488,0.8109,0.6835,0.7418,436,77,472,DETR,large
0_all,rtdetr-l,45.0,32,2,1,0.4615,0.7953,0.8707,0.7026,0.7776,1160,176,1058,DETR,small
0_all,rtdetr-l,45.0,128,2,1,0.5532,0.8656,0.905,0.8048,0.852,1160,151,411,DETR,small
0_all,rtdetr-l,45.0,500,2,1,0.6218,0.9243,0.9176,0.8448,0.8797,1160,70,457,DETR,small
a1_t2s,rtdetr-l,45.0,32,2,1,0.1122,0.2219,0.4181,0.2327,0.299,709,513,362,DETR,small
a1_t2s,rtdetr-l,45.0,128,2,1,0.1275,0.2441,0.5243,0.2285,0.3183,709,503,306,DETR,small
a1_t2s,rtdetr-l,45.0,500,2,1,0.1348,0.2463,0.4983,0.2454,0.3289,709,498,424,DETR,small
a2_s2t,rtdetr-l,45.0,32,2,1,0.3327,0.6306,0.7078,0.5898,0.6435,451,123,339,DETR,small
a2_s2t,rtdetr-l,45.0,128,2,1,0.3298,0.5853,0.6725,0.5366,0.5969,451,156,304,DETR,small
a2_s2t,rtdetr-l,45.0,500,2,1,0.4643,0.7643,0.7764,0.7004,0.7364,451,71,446,DETR,small
b_light,rtdetr-l,45.0,32,2,1,0.4331,0.7281,0.8437,0.6468,0.7322,436,112,167,DETR,small
b_light,rtdetr-l,45.0,128,2,1,0.4419,0.7067,0.8933,0.6337,0.7414,436,148,47,DETR,small
b_light,rtdetr-l,45.0,500,2,1,0.5092,0.8016,0.8451,0.7362,0.7869,436,76,249,DETR,small
0_all,yolo12n,2.6,32,2,1,0.4062,0.7504,0.819,0.6672,0.7354,1160,250,632,YOLOv12,small
0_all,yolo12n,2.6,128,2,1,0.5448,0.8661,0.8835,0.7784,0.8277,1160,194,229,YOLOv12,small
0_all,yolo12n,2.6,500,2,1,0.6134,0.9237,0.924,0.8397,0.8798,1160,105,224,YOLOv12,small
a1_t2s,yolo12n,2.6,32,2,1,0.0748,0.1816,0.2274,0.1523,0.1824,709,638,70,YOLOv12,small
a1_t2s,yolo12n,2.6,128,2,1,0.0624,0.1457,0.3749,0.1312,0.1943,709,614,130,YOLOv12,small
a1_t2s,yolo12n,2.6,500,2,1,0.1212,0.2187,0.4397,0.2158,0.2895,709,544,164,YOLOv12,small
a2_s2t,yolo12n,2.6,32,2,1,0.1433,0.2844,0.4781,0.2395,0.3191,451,364,49,YOLOv12,small
a2_s2t,yolo12n,2.6,128,2,1,0.2351,0.47,0.5796,0.4188,0.4863,451,276,71,YOLOv12,small
a2_s2t,yolo12n,2.6,500,2,1,0.3698,0.6679,0.721,0.5876,0.6475,451,146,176,YOLOv12,small
b_light,yolo12n,2.6,32,2,1,0.3753,0.6216,0.7983,0.5528,0.6532,436,205,43,YOLOv12,small
b_light,yolo12n,2.6,128,2,1,0.4535,0.736,0.8939,0.6377,0.7444,436,136,80,YOLOv12,small
b_light,yolo12n,2.6,500,2,1,0.5138,0.7911,0.8285,0.7179,0.7692,436,108,95,YOLOv12,small
0_all,yolo11n,2.6,32,2,1,0.4271,0.7429,0.8003,0.644,0.7137,1160,362,210,YOLOv11,small
0_all,yolo11n,2.6,128,2,1,0.5326,0.8468,0.8795,0.7647,0.8181,1160,211,204,YOLOv11,small
0_all,yolo11n,2.6,500,2,1,0.611,0.9186,0.898,0.8496,0.8731,1160,104,258,YOLOv11,small
a1_t2s,yolo11n,2.6,32,2,1,0.0854,0.1669,0.2324,0.1213,0.1594,709,657,57,YOLOv11,small
a1_t2s,yolo11n,2.6,128,2,1,0.0703,0.1468,0.3589,0.1608,0.2221,709,571,317,YOLOv11,small
a1_t2s,yolo11n,2.6,500,2,1,0.1193,0.2123,0.3912,0.1904,0.2561,709,570,163,YOLOv11,small
a2_s2t,yolo11n,2.6,32,2,1,0.1417,0.3009,0.3204,0.3304,0.3253,451,385,18,YOLOv11,small
a2_s2t,yolo11n,2.6,128,2,1,0.2001,0.3883,0.6396,0.3392,0.4433,451,298,58,YOLOv11,small
a2_s2t,yolo11n,2.6,500,2,1,0.307,0.5533,0.6448,0.5112,0.5702,451,188,192,YOLOv11,small
b_light,yolo11n,2.6,32,2,1,0.4199,0.6988,0.8473,0.5894,0.6952,436,182,37,YOLOv11,small
b_light,yolo11n,2.6,128,2,1,0.5053,0.7932,0.8689,0.7018,0.7765,436,127,47,YOLOv11,small
b_light,yolo11n,2.6,500,2,1,0.5318,0.8388,0.8962,0.7202,0.7986,436,83,120,YOLOv11,small
0_all,yolo12x,59.1,32,2,2,0.4199,0.724,0.8127,0.5986,0.6894,1160,516,72,YOLOv12,large
0_all,yolo12x,59.1,128,2,2,0.5811,0.8664,0.8913,0.7698,0.8261,1160,277,67,YOLOv12,large
0_all,yolo12x,59.1,500,2,2,0.6257,0.9321,0.9099,0.8569,0.8826,1160,115,181,YOLOv12,large
a1_t2s,yolo12x,59.1,32,2,2,0.029,0.079,0.1555,0.0818,0.1072,709,647,216,YOLOv12,large
a1_t2s,yolo12x,59.1,128,2,2,0.111,0.2152,0.4761,0.1961,0.2777,709,551,243,YOLOv12,large
a1_t2s,yolo12x,59.1,500,2,2,0.1304,0.2264,0.5075,0.1976,0.2845,709,532,320,YOLOv12,large
a2_s2t,yolo12x,59.1,32,2,2,0.1027,0.215,0.5462,0.1907,0.2827,451,379,15,YOLOv12,large
a2_s2t,yolo12x,59.1,128,2,2,0.1401,0.3327,0.494,0.3614,0.4174,451,245,245,YOLOv12,large
a2_s2t,yolo12x,59.1,500,2,2,0.3666,0.6787,0.7934,0.5875,0.6751,451,158,120,YOLOv12,large
b_light,yolo12x,59.1,32,2,2,0.3823,0.6207,0.81,0.5069,0.6236,436,236,28,YOLOv12,large
b_light,yolo12x,59.1,128,2,2,0.4486,0.7102,0.865,0.6491,0.7416,436,148,38,YOLOv12,large
b_light,yolo12x,59.1,500,2,2,0.528,0.8101,0.866,0.7113,0.781,436,100,83,YOLOv12,large
0_all,yolo11x,56.9,32,2,2,0.4093,0.7104,0.8019,0.6216,0.7003,1160,451,126,YOLOv11,large
0_all,yolo11x,56.9,128,2,2,0.5739,0.8583,0.8914,0.7644,0.8231,1160,302,65,YOLOv11,large
0_all,yolo11x,56.9,500,2,2,0.6405,0.9268,0.9248,0.8569,0.8896,1160,127,118,YOLOv11,large
a1_t2s,yolo11x,56.9,32,2,2,0.0359,0.1003,0.223,0.0987,0.1369,709,639,115,YOLOv11,large
a1_t2s,yolo11x,56.9,128,2,2,0.1039,0.1953,0.4671,0.1657,0.2446,709,578,185,YOLOv11,large
a1_t2s,yolo11x,56.9,500,2,2,0.1228,0.2047,0.3897,0.1989,0.2633,709,565,182,YOLOv11,large
a2_s2t,yolo11x,56.9,32,2,2,0.1403,0.2964,0.634,0.2373,0.3453,451,350,27,YOLOv11,large
a2_s2t,yolo11x,56.9,128,2,2,0.2067,0.4388,0.5592,0.4219,0.4809,451,257,121,YOLOv11,large
a2_s2t,yolo11x,56.9,500,2,2,0.3054,0.5856,0.6063,0.5521,0.5779,451,166,193,YOLOv11,large
b_light,yolo11x,56.9,32,2,2,0.3225,0.5499,0.7841,0.4581,0.5783,436,233,43,YOLOv11,large
b_light,yolo11x,56.9,128,2,2,0.4631,0.7095,0.8888,0.5986,0.7154,436,171,33,YOLOv11,large
b_light,yolo11x,56.9,500,2,2,0.5546,0.8321,0.8978,0.7385,0.8104,436,103,55,YOLOv11,large
0_all,rtdetr-x,86.0,32,2,2,0.4081,0.7533,0.7937,0.6665,0.7246,1160,229,878,DETR,large
0_all,rtdetr-x,86.0,128,2,2,0.5414,0.8557,0.9,0.7767,0.8338,1160,164,306,DETR,large
0_all,rtdetr-x,86.0,500,2,2,0.6249,0.9324,0.9022,0.8747,0.8882,1160,82,372,DETR,large
a1_t2s,rtdetr-x,86.0,32,2,2,0.0657,0.1506,0.3133,0.1777,0.2268,709,551,365,DETR,large
a1_t2s,rtdetr-x,86.0,128,2,2,0.0833,0.1617,0.4249,0.1749,0.2478,709,546,348,DETR,large
a1_t2s,rtdetr-x,86.0,500,2,2,0.1568,0.253,0.5523,0.2355,0.3302,709,504,364,DETR,large
a2_s2t,rtdetr-x,86.0,32,2,2,0.4331,0.7308,0.8382,0.6434,0.728,451,86,682,DETR,large
a2_s2t,rtdetr-x,86.0,128,2,2,0.2486,0.4699,0.5574,0.4496,0.4977,451,173,686,DETR,large
a2_s2t,rtdetr-x,86.0,500,2,2,0.2656,0.5078,0.6038,0.49,0.541,451,184,341,DETR,large
b_light,rtdetr-x,86.0,32,2,2,0.3715,0.6436,0.8156,0.5436,0.6524,436,128,434,DETR,large
b_light,rtdetr-x,86.0,128,2,2,0.4379,0.7089,0.8572,0.6333,0.7285,436,119,173,DETR,large
b_light,rtdetr-x,86.0,500,2,2,0.504,0.8371,0.8576,0.7317,0.7897,436,63,251,DETR,large
0_all,rtdetr-l,45.0,32,2,2,0.4515,0.7898,0.8005,0.7335,0.7656,1160,160,1210,DETR,small
0_all,rtdetr-l,45.0,128,2,2,0.5576,0.8706,0.8972,0.7904,0.8404,1160,139,444,DETR,small
0_all,rtdetr-l,45.0,500,2,2,0.589,0.9118,0.9061,0.8302,0.8665,1160,101,330,DETR,small
a1_t2s,rtdetr-l,45.0,32,2,2,0.0856,0.1885,0.4091,0.2116,0.2789,709,518,328,DETR,small
a1_t2s,rtdetr-l,45.0,128,2,2,0.0695,0.1409,0.3811,0.1566,0.2219,709,586,173,DETR,small
a1_t2s,rtdetr-l,45.0,500,2,2,0.1543,0.265,0.5355,0.2567,0.347,709,487,329,DETR,small
a2_s2t,rtdetr-l,45.0,32,2,2,0.2573,0.4681,0.599,0.4146,0.4901,451,186,502,DETR,small
a2_s2t,rtdetr-l,45.0,128,2,2,0.299,0.5723,0.6146,0.555,0.5833,451,152,303,DETR,small
a2_s2t,rtdetr-l,45.0,500,2,2,0.47,0.7684,0.7515,0.7241,0.7375,451,78,268,DETR,small
b_light,rtdetr-l,45.0,32,2,2,0.4016,0.6691,0.8412,0.6055,0.7042,436,147,169,DETR,small
b_light,rtdetr-l,45.0,128,2,2,0.4528,0.7341,0.8386,0.656,0.7361,436,104,208,DETR,small
b_light,rtdetr-l,45.0,500,2,2,0.5344,0.8231,0.8856,0.7457,0.8096,436,62,373,DETR,small
0_all,yolo12n,2.6,32,2,2,0.4176,0.7441,0.8417,0.6462,0.7311,1160,292,447,YOLOv12,small
0_all,yolo12n,2.6,128,2,2,0.5277,0.862,0.9009,0.7741,0.8327,1160,188,221,YOLOv12,small
0_all,yolo12n,2.6,500,2,2,0.6087,0.9255,0.9015,0.8595,0.88,1160,107,216,YOLOv12,small
a1_t2s,yolo12n,2.6,32,2,2,0.0935,0.2077,0.3113,0.1128,0.1656,709,665,18,YOLOv12,small
a1_t2s,yolo12n,2.6,128,2,2,0.0982,0.1959,0.4332,0.1396,0.2112,709,605,117,YOLOv12,small
a1_t2s,yolo12n,2.6,500,2,2,0.1059,0.2195,0.4233,0.2474,0.3123,709,537,157,YOLOv12,small
a2_s2t,yolo12n,2.6,32,2,2,0.1399,0.3499,0.4681,0.3792,0.4189,451,192,587,YOLOv12,small
a2_s2t,yolo12n,2.6,128,2,2,0.2199,0.4377,0.5811,0.4302,0.4944,451,257,82,YOLOv12,small
a2_s2t,yolo12n,2.6,500,2,2,0.3111,0.5943,0.7626,0.5299,0.6253,451,159,217,YOLOv12,small
b_light,yolo12n,2.6,32,2,2,0.3498,0.5682,0.7768,0.5,0.6084,436,235,39,YOLOv12,small
b_light,yolo12n,2.6,128,2,2,0.4334,0.7134,0.8566,0.6714,0.7528,436,135,61,YOLOv12,small
b_light,yolo12n,2.6,500,2,2,0.538,0.8288,0.8661,0.7421,0.7993,436,82,106,YOLOv12,small
0_all,yolo12x,59.1,32,2,2,0.4237,0.7598,0.8024,0.6754,0.7334,1160,305,300,YOLOv12,large
0_all,yolo12x,59.1,128,2,2,0.5571,0.8664,0.9046,0.7629,0.8277,1160,214,142,YOLOv12,large
0_all,yolo12x,59.1,500,2,2,0.6394,0.9275,0.9152,0.8578,0.8856,1160,135,113,YOLOv12,large
a1_t2s,yolo12x,59.1,32,2,2,0.0613,0.1592,0.2054,0.1298,0.159,709,649,77,YOLOv12,large
a1_t2s,yolo12x,59.1,128,2,2,0.0799,0.1729,0.3446,0.1975,0.2511,709,555,283,YOLOv12,large
a1_t2s,yolo12x,59.1,500,2,2,0.1075,0.2045,0.453,0.1876,0.2653,709,563,221,YOLOv12,large
a2_s2t,yolo12x,59.1,32,2,2,0.1363,0.3388,0.4805,0.3503,0.4052,451,208,600,YOLOv12,large
a2_s2t,yolo12x,59.1,128,2,2,0.2167,0.4153,0.7042,0.3801,0.4937,451,283,46,YOLOv12,large
a2_s2t,yolo12x,59.1,500,2,2,0.3215,0.6286,0.7621,0.5698,0.6521,451,132,280,YOLOv12,large
b_light,yolo12x,59.1,32,2,2,0.3878,0.6855,0.8709,0.6034,0.7129,436,146,101,YOLOv12,large
b_light,yolo12x,59.1,128,2,2,0.4621,0.7136,0.9029,0.6184,0.734,436,159,42,YOLOv12,large
b_light,yolo12x,59.1,500,2,2,0.5521,0.849,0.8667,0.7683,0.8146,436,100,44,YOLOv12,large
0_all,yolo11x,56.9,32,2,2,0.4042,0.7423,0.8289,0.6684,0.7401,1160,283,370,YOLOv11,large
0_all,yolo12n,2.6,32,2,2,0.4451,0.7745,0.8451,0.6784,0.7527,1160,334,185,YOLOv12,small
0_all,yolo12n,2.6,128,2,2,0.5564,0.8618,0.8623,0.7845,0.8216,1160,232,139,YOLOv12,small
0_all,yolo12n,2.6,500,2,2,0.6197,0.9235,0.8923,0.8741,0.8831,1160,114,134,YOLOv12,small
a1_t2s,yolo12n,2.6,32,2,2,0.0532,0.1419,0.2028,0.1016,0.1353,709,670,34,YOLOv12,small
a1_t2s,yolo12n,2.6,128,2,2,0.073,0.1671,0.372,0.1834,0.2456,709,536,384,YOLOv12,small
a1_t2s,yolo12n,2.6,500,2,2,0.1222,0.2378,0.4235,0.2313,0.2992,709,545,174,YOLOv12,small
a2_s2t,yolo12n,2.6,32,2,2,0.218,0.3957,0.6878,0.2639,0.3814,451,349,25,YOLOv12,small
a2_s2t,yolo12n,2.6,128,2,2,0.2371,0.4751,0.5818,0.438,0.4998,451,253,98,YOLOv12,small
a2_s2t,yolo12n,2.6,500,2,2,0.3082,0.5498,0.6067,0.5055,0.5515,451,221,106,YOLOv12,small
b_light,yolo12n,2.6,32,2,2,0.358,0.5956,0.8362,0.4564,0.5905,436,233,31,YOLOv12,small
b_light,yolo12n,2.6,128,2,2,0.4462,0.7035,0.9003,0.642,0.7495,436,150,62,YOLOv12,small
b_light,yolo12n,2.6,500,2,2,0.5019,0.7927,0.8228,0.7592,0.7897,436,107,65,YOLOv12,small
0_all,yolo11n,2.6,32,2,2,0.4777,0.7761,0.8074,0.6784,0.7373,1160,403,125,YOLOv11,small
0_all,yolo11n,2.6,128,2,2,0.5767,0.8771,0.9011,0.7802,0.8363,1160,227,108,YOLOv11,small
0_all,yolo11n,2.6,500,2,2,0.6241,0.9274,0.9107,0.8612,0.8852,1160,119,139,YOLOv11,small
a1_t2s,yolo11n,2.6,32,2,2,0.0649,0.1449,0.1629,0.1537,0.1582,709,659,68,YOLOv11,small
a1_t2s,yolo11n,2.6,128,2,2,0.0801,0.1702,0.4002,0.1439,0.2116,709,595,156,YOLOv11,small
a1_t2s,yolo11n,2.6,500,2,2,0.1199,0.2171,0.4585,0.2285,0.305,709,532,217,YOLOv11,small
a2_s2t,yolo11n,2.6,32,2,2,0.156,0.3392,0.5833,0.3171,0.4108,451,327,50,YOLOv11,small
a2_s2t,yolo11n,2.6,128,2,2,0.2088,0.4384,0.6278,0.4146,0.4994,451,269,60,YOLOv11,small
a2_s2t,yolo11n,2.6,500,2,2,0.3544,0.6497,0.7563,0.5987,0.6683,451,164,79,YOLOv11,small
b_light,yolo11n,2.6,32,2,2,0.4239,0.705,0.79,0.6128,0.6902,436,177,56,YOLOv11,small
b_light,yolo11n,2.6,128,2,2,0.4736,0.7518,0.8841,0.6766,0.7666,436,128,51,YOLOv11,small
b_light,yolo11n,2.6,500,2,2,0.5282,0.8335,0.8571,0.7546,0.8026,436,93,83,YOLOv11,small
0_all,yolo12x,59.1,32,4,1,0.3768,0.7344,0.7713,0.6743,0.7195,1160,244,679,YOLOv12,large
0_all,yolo12x,59.1,128,4,1,0.5419,0.8623,0.8618,0.7792,0.8184,1160,255,118,YOLOv12,large
0_all,yolo12x,59.1,500,4,1,0.6114,0.9242,0.8977,0.8621,0.8795,1160,127,157,YOLOv12,large
a1_t2s,yolo12x,59.1,32,4,1,0.0384,0.0902,0.2773,0.1481,0.1931,709,557,744,YOLOv12,large
a1_t2s,yolo12x,59.1,128,4,1,0.0768,0.1844,0.5308,0.1537,0.2384,709,569,289,YOLOv12,large
a1_t2s,yolo12x,59.1,500,4,1,0.0977,0.1767,0.5192,0.1551,0.2389,709,573,295,YOLOv12,large
a2_s2t,yolo12x,59.1,32,4,1,0.1361,0.3295,0.4731,0.4002,0.4336,451,211,427,YOLOv12,large
a2_s2t,yolo12x,59.1,128,4,1,0.212,0.4462,0.5348,0.49,0.5114,451,204,189,YOLOv12,large
a2_s2t,yolo12x,59.1,500,4,1,0.3015,0.5528,0.6822,0.4759,0.5607,451,212,143,YOLOv12,large
b_light,yolo12x,59.1,32,4,1,0.3587,0.6495,0.8234,0.5229,0.6396,436,160,165,YOLOv12,large
b_light,yolo12x,59.1,128,4,1,0.495,0.7558,0.8759,0.656,0.7502,436,159,30,YOLOv12,large
b_light,yolo12x,59.1,500,4,1,0.5219,0.8001,0.8846,0.7156,0.7912,436,115,61,YOLOv12,large
0_all,yolo11x,56.9,32,4,1,0.3753,0.7102,0.8243,0.6103,0.7014,1160,360,325,YOLOv11,large
0_all,yolo11x,56.9,128,4,1,0.5599,0.8742,0.8628,0.8,0.8302,1160,246,102,YOLOv11,large
0_all,yolo11x,56.9,500,4,1,0.6387,0.9369,0.9244,0.8681,0.8954,1160,115,109,YOLOv11,large
a1_t2s,yolo11x,56.9,32,4,1,0.0611,0.1404,0.2998,0.1678,0.2152,709,590,214,YOLOv11,large
a1_t2s,yolo11x,56.9,128,4,1,0.0747,0.1644,0.342,0.1467,0.2053,709,606,124,YOLOv11,large
a1_t2s,yolo11x,56.9,500,4,1,0.1256,0.2309,0.532,0.1989,0.2895,709,553,181,YOLOv11,large
a2_s2t,yolo11x,56.9,32,4,1,0.139,0.3347,0.4894,0.3293,0.3937,451,243,383,YOLOv11,large
a2_s2t,yolo11x,56.9,128,4,1,0.2037,0.4081,0.5841,0.3488,0.4368,451,308,66,YOLOv11,large
a2_s2t,yolo11x,56.9,500,4,1,0.3189,0.5551,0.6978,0.4922,0.5773,451,216,108,YOLOv11,large
b_light,yolo11x,56.9,32,4,1,0.3453,0.6166,0.7884,0.5206,0.6271,436,184,118,YOLOv11,large
b_light,yolo11x,56.9,128,4,1,0.4983,0.7553,0.8792,0.6445,0.7438,436,167,24,YOLOv11,large
b_light,yolo11x,56.9,500,4,1,0.5461,0.8241,0.8866,0.7294,0.8003,436,84,88,YOLOv11,large
0_all,rtdetr-x,86.0,32,4,1,0.4424,0.7831,0.8123,0.7207,0.7637,1160,202,690,DETR,large
0_all,rtdetr-x,86.0,128,4,1,0.4267,0.7523,0.8267,0.6543,0.7305,1160,293,375,DETR,large
0_all,rtdetr-x,86.0,500,4,1,0.589,0.9054,0.9003,0.8254,0.8612,1160,67,936,DETR,large
a1_t2s,rtdetr-x,86.0,32,4,1,0.0989,0.2123,0.4184,0.2454,0.3094,709,510,283,DETR,large
a1_t2s,rtdetr-x,86.0,128,4,1,0.069,0.1484,0.25,0.2223,0.2353,709,494,878,DETR,large
a1_t2s,rtdetr-x,86.0,500,4,1,0.1776,0.3219,0.5441,0.3061,0.3918,709,419,601,DETR,large
a2_s2t,rtdetr-x,86.0,32,4,1,0.2344,0.4552,0.7001,0.4302,0.5329,451,151,1977,DETR,large
a2_s2t,rtdetr-x,86.0,128,4,1,0.3165,0.5948,0.6591,0.5322,0.5889,451,119,500,DETR,large
a2_s2t,rtdetr-x,86.0,500,4,1,0.4558,0.7346,0.8036,0.663,0.7265,451,86,462,DETR,large
b_light,rtdetr-x,86.0,32,4,1,0.3701,0.6489,0.8627,0.5757,0.6906,436,152,138,DETR,large
b_light,rtdetr-x,86.0,128,4,1,0.3857,0.6571,0.8004,0.6032,0.688,436,119,468,DETR,large
b_light,rtdetr-x,86.0,500,4,1,0.5136,0.7956,0.9066,0.6903,0.7838,436,91,153,DETR,large
0_all,rtdetr-l,45.0,32,4,1,0.4522,0.7889,0.821,0.7259,0.7705,1160,200,633,DETR,small
0_all,rtdetr-l,45.0,128,4,1,0.5318,0.8587,0.8659,0.8026,0.8331,1160,121,620,DETR,small
0_all,rtdetr-l,45.0,500,4,1,0.5877,0.9034,0.9181,0.8215,0.8671,1160,87,585,DETR,small
a1_t2s,rtdetr-l,45.0,32,4,1,0.0987,0.1917,0.5236,0.1829,0.2711,709,528,787,DETR,small
a1_t2s,rtdetr-l,45.0,128,4,1,0.0903,0.179,0.3655,0.2186,0.2736,709,541,270,DETR,small
a1_t2s,rtdetr-l,45.0,500,4,1,0.1473,0.2838,0.6043,0.2584,0.362,709,470,379,DETR,small
a2_s2t,rtdetr-l,45.0,32,4,1,0.345,0.5781,0.6743,0.5279,0.5922,451,131,686,DETR,small
a2_s2t,rtdetr-l,45.0,128,4,1,0.225,0.4372,0.554,0.4257,0.4815,451,213,222,DETR,small
a2_s2t,rtdetr-l,45.0,500,4,1,0.4555,0.7433,0.8153,0.6452,0.7204,451,109,203,DETR,small
b_light,rtdetr-l,45.0,32,4,1,0.4626,0.7486,0.8277,0.6514,0.729,436,96,216,DETR,small
b_light,rtdetr-l,45.0,128,4,1,0.458,0.7424,0.8668,0.6468,0.7408,436,113,179,DETR,small
b_light,rtdetr-l,45.0,500,4,1,0.5225,0.8197,0.8649,0.7431,0.7994,436,72,185,DETR,small
0_all,yolo12n,2.6,32,4,1,0.4192,0.7319,0.8167,0.6129,0.7003,1160,475,98,YOLOv12,small
0_all,yolo12n,2.6,128,4,1,0.5514,0.8696,0.9059,0.7716,0.8334,1160,215,145,YOLOv12,small
0_all,yolo12n,2.6,500,4,1,0.6192,0.9273,0.9185,0.8629,0.8898,1160,105,189,YOLOv12,small
a1_t2s,yolo12n,2.6,32,4,1,0.0517,0.1224,0.2967,0.1128,0.1635,709,646,87,YOLOv12,small
a1_t2s,yolo12n,2.6,128,4,1,0.0804,0.1743,0.3726,0.1946,0.2557,709,548,267,YOLOv12,small
a1_t2s,yolo12n,2.6,500,4,1,0.127,0.2404,0.5382,0.2257,0.318,709,558,95,YOLOv12,small
a2_s2t,yolo12n,2.6,32,4,1,0.1238,0.3011,0.4257,0.3636,0.3922,451,240,399,YOLOv12,small
a2_s2t,yolo12n,2.6,128,4,1,0.2169,0.44,0.5408,0.4235,0.475,451,271,90,YOLOv12,small
a2_s2t,yolo12n,2.6,500,4,1,0.3791,0.6791,0.778,0.5898,0.671,451,130,179,YOLOv12,small
b_light,yolo12n,2.6,32,4,1,0.3435,0.6411,0.7951,0.525,0.6324,436,178,87,YOLOv12,small
b_light,yolo12n,2.6,128,4,1,0.4521,0.7145,0.872,0.6399,0.7381,436,148,52,YOLOv12,small
b_light,yolo12n,2.6,500,4,1,0.5128,0.7984,0.7787,0.7638,0.7712,436,92,117,YOLOv12,small
0_all,yolo11n,2.6,32,4,1,0.406,0.732,0.7962,0.6534,0.7178,1160,340,276,YOLOv11,small
0_all,yolo11n,2.6,128,4,1,0.5625,0.8789,0.9045,0.7879,0.8422,1160,207,136,YOLOv11,small
0_all,yolo11n,2.6,500,4,1,0.6196,0.9302,0.9154,0.8679,0.891,1160,114,153,YOLOv11,small
a1_t2s,yolo11n,2.6,32,4,1,0.0724,0.1841,0.262,0.2158,0.2367,709,575,298,YOLOv11,small
a1_t2s,yolo11n,2.6,128,4,1,0.0698,0.1536,0.3367,0.1551,0.2124,709,600,151,YOLOv11,small
a1_t2s,yolo11n,2.6,500,4,1,0.1124,0.2113,0.3963,0.2355,0.2955,709,539,219,YOLOv11,small
a2_s2t,yolo11n,2.6,32,4,1,0.1069,0.224,0.4711,0.1951,0.2759,451,377,54,YOLOv11,small
a2_s2t,yolo11n,2.6,128,4,1,0.2244,0.4186,0.6155,0.3549,0.4502,451,291,53,YOLOv11,small
a2_s2t,yolo11n,2.6,500,4,1,0.3994,0.6985,0.7751,0.6053,0.6798,451,158,97,YOLOv11,small
b_light,yolo11n,2.6,32,4,1,0.3634,0.6617,0.7435,0.5849,0.6547,436,143,165,YOLOv11,small
b_light,yolo11n,2.6,128,4,1,0.5178,0.797,0.8465,0.7133,0.7742,436,125,49,YOLOv11,small
b_light,yolo11n,2.6,500,4,1,0.5283,0.8275,0.8612,0.7684,0.8121,436,92,69,YOLOv11,small
0_all,yolo12x,59.1,32,4,2,0.3754,0.6782,0.7622,0.6133,0.6797,1160,387,294,YOLOv12,large
0_all,yolo12x,59.1,128,4,2,0.5545,0.8688,0.9067,0.7784,0.8377,1160,243,103,YOLOv12,large
0_all,yolo12x,59.1,500,4,2,0.6383,0.9351,0.9236,0.8603,0.8909,1160,115,119,YOLOv12,large
a1_t2s,yolo12x,59.1,32,4,2,0.0684,0.1606,0.3375,0.1453,0.2031,709,607,120,YOLOv12,large
a1_t2s,yolo12x,59.1,128,4,2,0.1078,0.2166,0.4801,0.2005,0.2829,709,520,396,YOLOv12,large
a1_t2s,yolo12x,59.1,500,4,2,0.0993,0.1912,0.484,0.1876,0.2704,709,552,231,YOLOv12,large
a2_s2t,yolo12x,59.1,32,4,2,0.1136,0.264,0.4478,0.2417,0.3139,451,358,66,YOLOv12,large
a2_s2t,yolo12x,59.1,128,4,2,0.238,0.4863,0.6167,0.4816,0.5409,451,247,69,YOLOv12,large
a2_s2t,yolo12x,59.1,500,4,2,0.3264,0.5969,0.6722,0.5593,0.6106,451,162,213,YOLOv12,large
b_light,yolo12x,59.1,32,4,2,0.3886,0.6553,0.6866,0.617,0.6499,436,145,163,YOLOv12,large
b_light,yolo12x,59.1,128,4,2,0.459,0.6998,0.8745,0.6124,0.7203,436,178,24,YOLOv12,large
b_light,yolo12x,59.1,500,4,2,0.5298,0.8095,0.8829,0.6919,0.7758,436,102,101,YOLOv12,large
0_all,yolo11x,56.9,32,4,2,0.3657,0.6969,0.7641,0.6241,0.6871,1160,280,796,YOLOv11,large
0_all,yolo11x,56.9,128,4,2,0.5691,0.869,0.8852,0.7784,0.8284,1160,277,76,YOLOv11,large
0_all,yolo11x,56.9,500,4,2,0.6344,0.9283,0.9322,0.8656,0.8977,1160,114,118,YOLOv11,large
a1_t2s,yolo11x,56.9,32,4,2,0.0504,0.1162,0.3175,0.0874,0.1371,709,650,60,YOLOv11,large
a1_t2s,yolo11x,56.9,128,4,2,0.0814,0.1705,0.3559,0.1495,0.2106,709,601,143,YOLOv11,large
a1_t2s,yolo11x,56.9,500,4,2,0.0913,0.1676,0.4298,0.1707,0.2443,709,578,212,YOLOv11,large
a2_s2t,yolo11x,56.9,32,4,2,0.138,0.3411,0.4314,0.4013,0.4158,451,251,202,YOLOv11,large
a2_s2t,yolo11x,56.9,128,4,2,0.1807,0.3382,0.5305,0.3358,0.4112,451,307,72,YOLOv11,large
a2_s2t,yolo11x,56.9,500,4,2,0.3569,0.6306,0.7841,0.5211,0.6261,451,188,111,YOLOv11,large
b_light,yolo11x,56.9,32,4,2,0.357,0.6311,0.7947,0.5642,0.6599,436,171,106,YOLOv11,large
b_light,yolo11x,56.9,128,4,2,0.4757,0.7145,0.8398,0.613,0.7087,436,174,26,YOLOv11,large
b_light,yolo11x,56.9,500,4,2,0.5293,0.842,0.8289,0.7667,0.7966,436,89,98,YOLOv11,large
0_all,rtdetr-x,86.0,32,4,2,0.4291,0.7324,0.8589,0.6665,0.7506,1160,325,225,DETR,large
0_all,rtdetr-x,86.0,128,4,2,0.4788,0.7781,0.851,0.6914,0.7629,1160,203,694,DETR,large
0_all,rtdetr-x,86.0,500,4,2,0.6161,0.9184,0.9146,0.8674,0.8903,1160,110,134,DETR,large
a1_t2s,rtdetr-x,86.0,32,4,2,0.0486,0.1192,0.3647,0.1312,0.193,709,606,181,DETR,large
a1_t2s,rtdetr-x,86.0,128,4,2,0.1041,0.207,0.4669,0.2158,0.2952,709,527,399,DETR,large
a1_t2s,rtdetr-x,86.0,500,4,2,0.1331,0.227,0.4849,0.2341,0.3158,709,525,207,DETR,large
a2_s2t,rtdetr-x,86.0,32,4,2,0.2833,0.4944,0.6905,0.4346,0.5334,451,151,898,DETR,large
a2_s2t,rtdetr-x,86.0,128,4,2,0.2442,0.4774,0.5951,0.479,0.5307,451,167,494,DETR,large
a2_s2t,rtdetr-x,86.0,500,4,2,0.4166,0.7167,0.7668,0.6341,0.6942,451,70,906,DETR,large
b_light,rtdetr-x,86.0,32,4,2,0.3844,0.6341,0.8181,0.5826,0.6805,436,159,170,DETR,large
b_light,rtdetr-x,86.0,128,4,2,0.4585,0.7313,0.8109,0.6858,0.7431,436,106,288,DETR,large
b_light,rtdetr-x,86.0,500,4,2,0.5316,0.8168,0.8727,0.7477,0.8054,436,71,230,DETR,large
0_all,rtdetr-l,45.0,32,4,2,0.4662,0.7839,0.8849,0.7089,0.7871,1160,244,365,DETR,small
0_all,rtdetr-l,45.0,128,4,2,0.5459,0.8726,0.8905,0.8034,0.8447,1160,141,361,DETR,small
0_all,rtdetr-l,45.0,500,4,2,0.6307,0.9337,0.9219,0.8664,0.8933,1160,69,306,DETR,small
a1_t2s,rtdetr-l,45.0,32,4,2,0.0999,0.2112,0.487,0.2129,0.2963,709,539,172,DETR,small
a1_t2s,rtdetr-l,45.0,128,4,2,0.0884,0.1584,0.4184,0.1763,0.2481,709,564,212,DETR,small
a1_t2s,rtdetr-l,45.0,500,4,2,0.1367,0.233,0.6494,0.2195,0.328,709,536,169,DETR,small
a2_s2t,rtdetr-l,45.0,32,4,2,0.3131,0.5641,0.6924,0.49,0.5739,451,162,514,DETR,small
a2_s2t,rtdetr-l,45.0,128,4,2,0.3882,0.6616,0.6802,0.6098,0.6431,451,87,752,DETR,small
a2_s2t,rtdetr-l,45.0,500,4,2,0.488,0.7663,0.8286,0.6785,0.7461,451,89,374,DETR,small
b_light,rtdetr-l,45.0,32,4,2,0.4556,0.7676,0.8219,0.7302,0.7733,436,85,322,DETR,small
b_light,rtdetr-l,45.0,128,4,2,0.4701,0.7634,0.806,0.7087,0.7542,436,92,192,DETR,small
b_light,rtdetr-l,45.0,500,4,2,0.4473,0.6949,0.7498,0.6514,0.6971,436,124,148,DETR,small
0_all,yolo12n,2.6,32,4,2,0.4164,0.7526,0.8295,0.6668,0.7393,1160,272,356,YOLOv12,small
0_all,yolo12n,2.6,128,4,2,0.5672,0.8773,0.8877,0.7974,0.8401,1160,218,113,YOLOv12,small
0_all,yolo12n,2.6,500,4,2,0.6103,0.9287,0.913,0.8664,0.8891,1160,96,221,YOLOv12,small
a1_t2s,yolo12n,2.6,32,4,2,0.045,0.1182,0.2588,0.1157,0.1599,709,636,109,YOLOv12,small
a1_t2s,yolo12n,2.6,128,4,2,0.0774,0.1746,0.3841,0.1523,0.2181,709,597,126,YOLOv12,small
a1_t2s,yolo12n,2.6,500,4,2,0.1418,0.27,0.5482,0.2609,0.3536,709,512,183,YOLOv12,small
a2_s2t,yolo12n,2.6,32,4,2,0.1125,0.2409,0.3127,0.2927,0.3024,451,317,251,YOLOv12,small
a2_s2t,yolo12n,2.6,128,4,2,0.2019,0.4107,0.5677,0.388,0.461,451,281,94,YOLOv12,small
a2_s2t,yolo12n,2.6,500,4,2,0.3256,0.6121,0.7154,0.5455,0.619,451,178,161,YOLOv12,small
b_light,yolo12n,2.6,32,4,2,0.3277,0.5743,0.7037,0.5338,0.6071,436,199,90,YOLOv12,small
b_light,yolo12n,2.6,128,4,2,0.4779,0.7276,0.8919,0.6436,0.7477,436,140,71,YOLOv12,small
b_light,yolo12n,2.6,500,4,2,0.4961,0.7811,0.8917,0.6984,0.7833,436,111,103,YOLOv12,small
0_all,yolo11n,2.6,32,4,2,0.4228,0.7673,0.846,0.6897,0.7599,1160,264,492,YOLOv11,small
0_all,yolo11n,2.6,128,4,2,0.5511,0.8701,0.8976,0.7931,0.8421,1160,202,157,YOLOv11,small
0_all,yolo11n,2.6,500,4,2,0.6223,0.9294,0.9081,0.8775,0.8925,1160,108,153,YOLOv11,small
a1_t2s,yolo11n,2.6,32,4,2,0.0701,0.1615,0.1753,0.1481,0.1606,709,641,63,YOLOv11,small
a1_t2s,yolo11n,2.6,128,4,2,0.0978,0.2101,0.3964,0.1791,0.2468,709,586,91,YOLOv11,small
a1_t2s,yolo11n,2.6,500,4,2,0.1092,0.216,0.4742,0.1975,0.2788,709,547,206,YOLOv11,small
a2_s2t,yolo11n,2.6,32,4,2,0.1539,0.3188,0.4614,0.3001,0.3637,451,348,55,YOLOv11,small
a2_s2t,yolo11n,2.6,128,4,2,0.1853,0.3649,0.6333,0.3485,0.4496,451,298,52,YOLOv11,small
a2_s2t,yolo11n,2.6,500,4,2,0.2945,0.5591,0.7225,0.5033,0.5933,451,216,90,YOLOv11,small
b_light,yolo11n,2.6,32,4,2,0.3716,0.6674,0.7991,0.578,0.6708,436,171,70,YOLOv11,small
b_light,yolo11n,2.6,128,4,2,0.4878,0.7555,0.9077,0.6284,0.7427,436,132,77,YOLOv11,small
b_light,yolo11n,2.6,500,4,2,0.5221,0.8119,0.8774,0.7362,0.8006,436,98,86,YOLOv11,small
0_all,yolo12x,59.1,32,8,1,0.4371,0.7604,0.8215,0.6707,0.7385,1160,374,140,YOLOv12,large
0_all,yolo12x,59.1,128,8,1,0.5784,0.8688,0.8712,0.7888,0.8279,1160,270,79,YOLOv12,large
0_all,yolo12x,59.1,500,8,1,0.6358,0.9315,0.9111,0.8661,0.8881,1160,132,123,YOLOv12,large
a1_t2s,yolo12x,59.1,32,8,1,0.0751,0.1608,0.1854,0.1185,0.1446,709,654,35,YOLOv12,large
a1_t2s,yolo12x,59.1,128,8,1,0.1267,0.231,0.4598,0.1918,0.2707,709,563,178,YOLOv12,large
a1_t2s,yolo12x,59.1,500,8,1,0.1164,0.2083,0.382,0.1989,0.2616,709,551,279,YOLOv12,large
a2_s2t,yolo12x,59.1,32,8,1,0.1392,0.3025,0.4707,0.3282,0.3867,451,301,103,YOLOv12,large
a2_s2t,yolo12x,59.1,128,8,1,0.2068,0.4167,0.6539,0.3725,0.4746,451,300,44,YOLOv12,large
a2_s2t,yolo12x,59.1,500,8,1,0.3181,0.5749,0.6198,0.5455,0.5803,451,208,127,YOLOv12,large
b_light,yolo12x,59.1,32,8,1,0.2874,0.5259,0.7378,0.4587,0.5657,436,194,182,YOLOv12,large
b_light,yolo12x,59.1,128,8,1,0.4683,0.7522,0.8949,0.6445,0.7493,436,146,53,YOLOv12,large
b_light,yolo12x,59.1,500,8,1,0.5274,0.8243,0.885,0.7234,0.796,436,105,64,YOLOv12,large
0_all,yolo11x,56.9,32,8,1,0.4118,0.688,0.8165,0.5793,0.6777,1160,528,75,YOLOv11,large
0_all,yolo11x,56.9,128,8,1,0.5747,0.8565,0.905,0.7526,0.8218,1160,289,63,YOLOv11,large
0_all,yolo11x,56.9,500,8,1,0.6447,0.9412,0.9082,0.8874,0.8977,1160,112,118,YOLOv11,large
a1_t2s,yolo11x,56.9,32,8,1,0.048,0.0977,0.2602,0.0832,0.1261,709,656,77,YOLOv11,large
a1_t2s,yolo11x,56.9,128,8,1,0.1012,0.1915,0.3942,0.1707,0.2382,709,601,124,YOLOv11,large
a1_t2s,yolo11x,56.9,500,8,1,0.1067,0.1908,0.3919,0.1876,0.2537,709,553,300,YOLOv11,large
a2_s2t,yolo11x,56.9,32,8,1,0.139,0.33,0.3973,0.388,0.3926,451,237,305,YOLOv11,large
a2_s2t,yolo11x,56.9,128,8,1,0.2443,0.4842,0.6307,0.4506,0.5257,451,251,70,YOLOv11,large
a2_s2t,yolo11x,56.9,500,8,1,0.2675,0.4879,0.6473,0.4235,0.512,451,244,110,YOLOv11,large
b_light,yolo11x,56.9,32,8,1,0.3149,0.583,0.7252,0.5388,0.6182,436,185,107,YOLOv11,large
b_light,yolo11x,56.9,128,8,1,0.4886,0.7489,0.8667,0.6537,0.7453,436,141,55,YOLOv11,large
b_light,yolo11x,56.9,500,8,1,0.5217,0.8235,0.9336,0.6766,0.7846,436,109,71,YOLOv11,large
0_all,rtdetr-x,86.0,32,8,1,0.4906,0.7887,0.8703,0.7164,0.7859,1160,242,340,DETR,large
0_all,rtdetr-x,86.0,128,8,1,0.5746,0.8886,0.9131,0.7973,0.8513,1160,128,411,DETR,large
0_all,rtdetr-x,86.0,500,8,1,0.6165,0.919,0.9139,0.8647,0.8886,1160,85,329,DETR,large
a1_t2s,rtdetr-x,86.0,32,8,1,0.0745,0.1684,0.4693,0.1876,0.268,709,560,297,DETR,large
a1_t2s,rtdetr-x,86.0,128,8,1,0.1553,0.31,0.5434,0.3139,0.3979,709,465,261,DETR,large
a1_t2s,rtdetr-x,86.0,500,8,1,0.1449,0.2426,0.5691,0.2313,0.3289,709,507,388,DETR,large
a2_s2t,rtdetr-x,86.0,32,8,1,0.3369,0.61,0.7481,0.5465,0.6316,451,127,1091,DETR,large
a2_s2t,rtdetr-x,86.0,128,8,1,0.371,0.643,0.7302,0.5676,0.6387,451,94,799,DETR,large
a2_s2t,rtdetr-x,86.0,500,8,1,0.3421,0.6255,0.7841,0.5632,0.6555,451,121,996,DETR,large
b_light,rtdetr-x,86.0,32,8,1,0.3492,0.585,0.7697,0.5229,0.6228,436,146,536,DETR,large
b_light,rtdetr-x,86.0,128,8,1,0.4549,0.7314,0.8338,0.6468,0.7285,436,106,235,DETR,large
b_light,rtdetr-x,86.0,500,8,1,0.3112,0.5653,0.7101,0.4908,0.5805,436,128,826,DETR,large
0_all,rtdetr-l,45.0,32,8,1,0.4975,0.8094,0.8493,0.7655,0.8052,1160,196,405,DETR,small
0_all,rtdetr-l,45.0,128,8,1,0.5532,0.8751,0.8457,0.8315,0.8385,1160,140,286,DETR,small
0_all,rtdetr-l,45.0,500,8,1,0.6289,0.9335,0.9092,0.8723,0.8904,1160,61,412,DETR,small
a1_t2s,rtdetr-l,45.0,32,8,1,0.0776,0.147,0.3415,0.1509,0.2093,709,599,161,DETR,small
a1_t2s,rtdetr-l,45.0,128,8,1,0.108,0.2015,0.4303,0.2186,0.2899,709,520,288,DETR,small
a1_t2s,rtdetr-l,45.0,500,8,1,0.1225,0.2182,0.5149,0.2096,0.2979,709,535,300,DETR,small
a2_s2t,rtdetr-l,45.0,32,8,1,0.3277,0.5813,0.6842,0.4989,0.577,451,135,689,DETR,small
a2_s2t,rtdetr-l,45.0,128,8,1,0.4127,0.6884,0.767,0.6098,0.6794,451,113,308,DETR,small
a2_s2t,rtdetr-l,45.0,500,8,1,0.455,0.7695,0.8324,0.6696,0.7422,451,77,458,DETR,small
b_light,rtdetr-l,45.0,32,8,1,0.3924,0.6556,0.8393,0.5734,0.6813,436,149,172,DETR,small
b_light,rtdetr-l,45.0,128,8,1,0.446,0.7272,0.8756,0.6216,0.727,436,116,187,DETR,small
b_light,rtdetr-l,45.0,500,8,1,0.5191,0.7859,0.8572,0.711,0.7773,436,96,111,DETR,small
0_all,yolo12n,2.6,32,8,1,0.415,0.7525,0.8356,0.6789,0.7491,1160,268,543,YOLOv12,small
0_all,yolo12n,2.6,128,8,1,0.5396,0.8682,0.8619,0.8129,0.8367,1160,176,184,YOLOv12,small
0_all,yolo12n,2.6,500,8,1,0.615,0.9166,0.9055,0.856,0.8801,1160,123,172,YOLOv12,small
a1_t2s,yolo12n,2.6,32,8,1,0.0603,0.1574,0.1924,0.1354,0.1589,709,650,57,YOLOv12,small
a1_t2s,yolo12n,2.6,128,8,1,0.0827,0.1847,0.3494,0.1975,0.2523,709,580,169,YOLOv12,small
a1_t2s,yolo12n,2.6,500,8,1,0.1073,0.2212,0.3693,0.22,0.2758,709,559,172,YOLOv12,small
a2_s2t,yolo12n,2.6,32,8,1,0.2014,0.4446,0.5891,0.426,0.4944,451,210,294,YOLOv12,small
a2_s2t,yolo12n,2.6,128,8,1,0.2289,0.4475,0.5863,0.4501,0.5092,451,266,81,YOLOv12,small
a2_s2t,yolo12n,2.6,500,8,1,0.3119,0.5936,0.7204,0.5199,0.604,451,185,154,YOLOv12,small
b_light,yolo12n,2.6,32,8,1,0.3713,0.6769,0.7871,0.5935,0.6767,436,131,177,YOLOv12,small
b_light,yolo12n,2.6,128,8,1,0.4795,0.7612,0.8357,0.6884,0.755,436,136,42,YOLOv12,small
b_light,yolo12n,2.6,500,8,1,0.5232,0.8201,0.8829,0.7432,0.8071,436,91,86,YOLOv12,small
0_all,yolo11n,2.6,32,8,1,0.4605,0.7936,0.8154,0.7052,0.7563,1160,318,183,YOLOv11,small
0_all,yolo11n,2.6,128,8,1,0.5595,0.877,0.8981,0.7822,0.8361,1160,244,111,YOLOv11,small
0_all,yolo11n,2.6,500,8,1,0.6143,0.931,0.9007,0.8491,0.8742,1160,116,195,YOLOv11,small
a1_t2s,yolo11n,2.6,32,8,1,0.0441,0.1189,0.3328,0.1086,0.1638,709,630,81,YOLOv11,small
a1_t2s,yolo11n,2.6,128,8,1,0.1126,0.2123,0.4251,0.1791,0.2521,709,563,231,YOLOv11,small
a1_t2s,yolo11n,2.6,500,8,1,0.1216,0.2402,0.4681,0.2214,0.3006,709,521,276,YOLOv11,small
a2_s2t,yolo11n,2.6,32,8,1,0.1844,0.385,0.5815,0.3592,0.4441,451,269,116,YOLOv11,small
a2_s2t,yolo11n,2.6,128,8,1,0.2305,0.4561,0.6119,0.4299,0.505,451,265,63,YOLOv11,small
a2_s2t,yolo11n,2.6,500,8,1,0.3048,0.5817,0.7312,0.4745,0.5755,451,203,142,YOLOv11,small
b_light,yolo11n,2.6,32,8,1,0.3741,0.6504,0.7921,0.5592,0.6556,436,173,81,YOLOv11,small
b_light,yolo11n,2.6,128,8,1,0.4754,0.7522,0.8842,0.6832,0.7708,436,131,51,YOLOv11,small
b_light,yolo11n,2.6,500,8,1,0.5329,0.8343,0.8444,0.7706,0.8058,436,90,78,YOLOv11,small
0_all,yolo12x,59.1,32,8,2,0.3976,0.7287,0.8279,0.6139,0.705,1160,392,202,YOLOv12,large
0_all,yolo12x,59.1,128,8,2,0.5611,0.8573,0.905,0.7647,0.8289,1160,252,95,YOLOv12,large
0_all,yolo12x,59.1,500,8,2,0.6238,0.9236,0.8846,0.856,0.8701,1160,123,152,YOLOv12,large
a1_t2s,yolo12x,59.1,32,8,2,0.098,0.2002,0.3229,0.189,0.2384,709,591,156,YOLOv12,large
a1_t2s,yolo12x,59.1,128,8,2,0.0868,0.1716,0.4367,0.1622,0.2365,709,574,230,YOLOv12,large
a1_t2s,yolo12x,59.1,500,8,2,0.1112,0.207,0.3513,0.2102,0.263,709,560,230,YOLOv12,large
a2_s2t,yolo12x,59.1,32,8,2,0.0897,0.2417,0.3987,0.306,0.3463,451,260,316,YOLOv12,large
a2_s2t,yolo12x,59.1,128,8,2,0.2146,0.4516,0.5813,0.4058,0.4779,451,212,324,YOLOv12,large
a2_s2t,yolo12x,59.1,500,8,2,0.38,0.6828,0.7425,0.643,0.6892,451,140,149,YOLOv12,large
b_light,yolo12x,59.1,32,8,2,0.3067,0.561,0.7796,0.4868,0.5993,436,202,103,YOLOv12,large
b_light,yolo12x,59.1,128,8,2,0.4859,0.732,0.8323,0.6374,0.7219,436,163,43,YOLOv12,large
b_light,yolo12x,59.1,500,8,2,0.5315,0.8185,0.8328,0.75,0.7892,436,98,59,YOLOv12,large
0_all,yolo11x,56.9,32,8,2,0.4096,0.7089,0.7966,0.6095,0.6906,1160,487,101,YOLOv11,large
0_all,yolo11x,56.9,128,8,2,0.5669,0.8712,0.9026,0.7784,0.8359,1160,256,74,YOLOv11,large
0_all,yolo11x,56.9,500,8,2,0.6345,0.9265,0.9193,0.8655,0.8916,1160,139,92,YOLOv11,large
a1_t2s,yolo11x,56.9,32,8,2,0.0691,0.1592,0.3171,0.1354,0.1898,709,624,99,YOLOv11,large
a1_t2s,yolo11x,56.9,128,8,2,0.0734,0.1432,0.2195,0.1312,0.1642,709,619,219,YOLOv11,large
a1_t2s,yolo11x,56.9,500,8,2,0.1046,0.2005,0.3797,0.2186,0.2775,709,548,214,YOLOv11,large
a2_s2t,yolo11x,56.9,32,8,2,0.145,0.3921,0.4932,0.4213,0.4544,451,213,338,YOLOv11,large
a2_s2t,yolo11x,56.9,128,8,2,0.1445,0.3287,0.4504,0.3171,0.3722,451,248,362,YOLOv11,large
a2_s2t,yolo11x,56.9,500,8,2,0.2572,0.488,0.5716,0.4556,0.5071,451,204,247,YOLOv11,large
b_light,yolo11x,56.9,32,8,2,0.3728,0.6514,0.7616,0.5757,0.6557,436,175,94,YOLOv11,large
b_light,yolo11x,56.9,128,8,2,0.4922,0.7218,0.8496,0.6307,0.724,436,172,31,YOLOv11,large
b_light,yolo11x,56.9,500,8,2,0.5362,0.8366,0.8366,0.7615,0.7973,436,85,88,YOLOv11,large
0_all,rtdetr-x,86.0,32,8,2,0.442,0.7767,0.8321,0.7181,0.7709,1160,232,356,DETR,large
0_all,rtdetr-x,86.0,128,8,2,0.4009,0.7014,0.7991,0.6164,0.6959,1160,292,644,DETR,large
0_all,rtdetr-x,86.0,500,8,2,0.5944,0.9039,0.9036,0.8181,0.8587,1160,74,717,DETR,large
a1_t2s,rtdetr-x,86.0,32,8,2,0.0847,0.1523,0.4109,0.1608,0.2311,709,578,192,DETR,large
a1_t2s,rtdetr-x,86.0,128,8,2,0.1121,0.2158,0.5178,0.213,0.3018,709,512,352,DETR,large
a1_t2s,rtdetr-x,86.0,500,8,2,0.1294,0.233,0.4571,0.2384,0.3133,709,503,381,DETR,large
a2_s2t,rtdetr-x,86.0,32,8,2,0.3004,0.5935,0.6678,0.5765,0.6188,451,76,1469,DETR,large
a2_s2t,rtdetr-x,86.0,128,8,2,0.2475,0.4985,0.6561,0.4302,0.5196,451,144,784,DETR,large
a2_s2t,rtdetr-x,86.0,500,8,2,0.4653,0.7797,0.8549,0.7054,0.773,451,83,330,DETR,large
b_light,rtdetr-x,86.0,32,8,2,0.3593,0.6452,0.8178,0.5734,0.6741,436,141,201,DETR,large
b_light,rtdetr-x,86.0,128,8,2,0.3981,0.6952,0.8024,0.6009,0.6872,436,136,132,DETR,large
b_light,rtdetr-x,86.0,500,8,2,0.3619,0.6208,0.8283,0.555,0.6647,436,138,356,DETR,large
0_all,rtdetr-l,45.0,32,8,2,0.4518,0.7739,0.8489,0.7026,0.7688,1160,245,524,DETR,small
0_all,rtdetr-l,45.0,128,8,2,0.5571,0.8797,0.9008,0.7974,0.846,1160,141,403,DETR,small
0_all,rtdetr-l,45.0,500,8,2,0.6259,0.9381,0.9186,0.8612,0.889,1160,50,504,DETR,small
a1_t2s,rtdetr-l,45.0,32,8,2,0.1003,0.1994,0.4452,0.1876,0.264,709,566,169,DETR,small
a1_t2s,rtdetr-l,45.0,128,8,2,0.103,0.1863,0.454,0.1834,0.2612,709,552,270,DETR,small
a1_t2s,rtdetr-l,45.0,500,8,2,0.1376,0.255,0.4735,0.2708,0.3446,709,492,309,DETR,small
a2_s2t,rtdetr-l,45.0,32,8,2,0.2815,0.5611,0.6633,0.5241,0.5855,451,149,389,DETR,small
a2_s2t,rtdetr-l,45.0,128,8,2,0.3285,0.5928,0.6392,0.5432,0.5873,451,120,443,DETR,small
a2_s2t,rtdetr-l,45.0,500,8,2,0.473,0.7779,0.7973,0.7238,0.7588,451,80,261,DETR,small
b_light,rtdetr-l,45.0,32,8,2,0.3868,0.6625,0.8315,0.5734,0.6787,436,136,252,DETR,small
b_light,rtdetr-l,45.0,128,8,2,0.4957,0.7772,0.887,0.7022,0.7839,436,80,580,DETR,small
b_light,rtdetr-l,45.0,500,8,2,0.5282,0.8134,0.8686,0.7432,0.801,436,72,226,DETR,small
0_all,yolo12n,2.6,32,8,2,0.425,0.7442,0.804,0.644,0.7151,1160,443,102,YOLOv12,small
0_all,yolo12n,2.6,128,8,2,0.5527,0.8672,0.9171,0.7824,0.8444,1160,231,97,YOLOv12,small
0_all,yolo12n,2.6,500,8,2,0.6123,0.9218,0.9054,0.8405,0.8717,1160,118,194,YOLOv12,small
a1_t2s,yolo12n,2.6,32,8,2,0.0705,0.1411,0.1704,0.0959,0.1227,709,670,14,YOLOv12,small
a1_t2s,yolo12n,2.6,128,8,2,0.0823,0.161,0.3442,0.134,0.1929,709,615,118,YOLOv12,small
a1_t2s,yolo12n,2.6,500,8,2,0.1131,0.2185,0.4812,0.2116,0.2939,709,553,167,YOLOv12,small
a2_s2t,yolo12n,2.6,32,8,2,0.1181,0.3681,0.4954,0.4136,0.4508,451,192,578,YOLOv12,small
a2_s2t,yolo12n,2.6,128,8,2,0.2727,0.5053,0.6765,0.4656,0.5516,451,234,72,YOLOv12,small
a2_s2t,yolo12n,2.6,500,8,2,0.3293,0.6041,0.7243,0.5166,0.6031,451,166,190,YOLOv12,small
b_light,yolo12n,2.6,32,8,2,0.362,0.6355,0.7707,0.5596,0.6484,436,176,88,YOLOv12,small
b_light,yolo12n,2.6,128,8,2,0.4695,0.7565,0.8551,0.6766,0.7554,436,131,66,YOLOv12,small
b_light,yolo12n,2.6,500,8,2,0.5074,0.808,0.9012,0.7113,0.7951,436,99,76,YOLOv12,small
0_all,yolo11n,2.6,32,8,2,0.4181,0.7373,0.8072,0.6498,0.72,1160,383,159,YOLOv11,small
0_all,yolo11n,2.6,128,8,2,0.5885,0.8915,0.9158,0.8065,0.8577,1160,213,74,YOLOv11,small
0_all,yolo11n,2.6,500,8,2,0.6355,0.9316,0.9329,0.8516,0.8904,1160,113,125,YOLOv11,small
a1_t2s,yolo11n,2.6,32,8,2,0.0933,0.1825,0.5545,0.0987,0.1676,709,642,27,YOLOv11,small
a1_t2s,yolo11n,2.6,128,8,2,0.1368,0.2531,0.4587,0.2341,0.31,709,527,247,YOLOv11,small
a1_t2s,yolo11n,2.6,500,8,2,0.1315,0.2425,0.628,0.213,0.3181,709,537,170,YOLOv11,small
a2_s2t,yolo11n,2.6,32,8,2,0.09,0.2095,0.4362,0.2007,0.2749,451,368,49,YOLOv11,small
a2_s2t,yolo11n,2.6,128,8,2,0.3001,0.5306,0.6564,0.4701,0.5478,451,247,67,YOLOv11,small
a2_s2t,yolo11n,2.6,500,8,2,0.2915,0.5616,0.6359,0.5344,0.5807,451,192,135,YOLOv11,small
b_light,yolo11n,2.6,32,8,2,0.3985,0.683,0.8322,0.6032,0.6994,436,161,64,YOLOv11,small
b_light,yolo11n,2.6,128,8,2,0.4759,0.7601,0.873,0.6623,0.7532,436,140,41,YOLOv11,small
b_light,yolo11n,2.6,500,8,2,0.5279,0.8345,0.8843,0.7546,0.8143,436,88,66,YOLOv11,small
0_all,yolo12x,59.1,32,7,1,0.4281,0.7439,0.815,0.6607,0.7297,1160,375,159,YOLOv12,large
0_all,yolo12x,59.1,128,7,1,0.5817,0.8852,0.8817,0.8098,0.8442,1160,203,119,YOLOv12,large
0_all,yolo12x,59.1,500,7,1,0.632,0.9355,0.8948,0.8801,0.8874,1160,112,155,YOLOv12,large
a1_t2s,yolo12x,59.1,32,7,1,0.0455,0.1181,0.1302,0.1227,0.1264,709,656,100,YOLOv12,large
a1_t2s,yolo12x,59.1,128,7,1,0.0954,0.1868,0.4881,0.156,0.2364,709,588,142,YOLOv12,large
a1_t2s,yolo12x,59.1,500,7,1,0.1277,0.2253,0.4692,0.2073,0.2876,709,534,295,YOLOv12,large
a2_s2t,yolo12x,59.1,32,7,1,0.168,0.3205,0.5811,0.2614,0.3606,451,357,38,YOLOv12,large
a2_s2t,yolo12x,59.1,128,7,1,0.2283,0.4469,0.6204,0.4302,0.5081,451,247,109,YOLOv12,large
a2_s2t,yolo12x,59.1,500,7,1,0.3053,0.5418,0.6498,0.5166,0.5756,451,219,103,YOLOv12,large
b_light,yolo12x,59.1,32,7,1,0.3584,0.6129,0.813,0.5183,0.6331,436,185,103,YOLOv12,large
b_light,yolo12x,59.1,128,7,1,0.4777,0.7614,0.8675,0.6459,0.7405,436,140,68,YOLOv12,large
b_light,yolo12x,59.1,500,7,1,0.5298,0.8112,0.883,0.7273,0.7977,436,103,70,YOLOv12,large
0_all,yolo11x,56.9,32,7,1,0.4306,0.7187,0.8568,0.5871,0.6967,1160,467,87,YOLOv11,large
0_all,yolo11x,56.9,128,7,1,0.5987,0.8825,0.9156,0.7845,0.845,1160,258,65,YOLOv11,large
0_all,yolo11x,56.9,500,7,1,0.6352,0.9369,0.9102,0.8664,0.8878,1160,126,140,YOLOv11,large
a1_t2s,yolo11x,56.9,32,7,1,0.0269,0.0685,0.0878,0.0733,0.0799,709,673,75,YOLOv11,large
a1_t2s,yolo11x,56.9,128,7,1,0.1125,0.1936,0.4735,0.1678,0.2478,709,569,252,YOLOv11,large
a1_t2s,yolo11x,56.9,500,7,1,0.1154,0.2135,0.4785,0.2087,0.2907,709,537,278,YOLOv11,large
a2_s2t,yolo11x,56.9,32,7,1,0.104,0.2145,0.5232,0.1774,0.2649,451,384,29,YOLOv11,large
a2_s2t,yolo11x,56.9,128,7,1,0.2321,0.4516,0.7058,0.3991,0.5099,451,292,33,YOLOv11,large
a2_s2t,yolo11x,56.9,500,7,1,0.2716,0.5008,0.6628,0.4346,0.525,451,215,236,YOLOv11,large
b_light,yolo11x,56.9,32,7,1,0.3294,0.5638,0.8567,0.4725,0.6091,436,227,31,YOLOv11,large
b_light,yolo11x,56.9,128,7,1,0.4992,0.7711,0.8444,0.6847,0.7562,436,137,48,YOLOv11,large
b_light,yolo11x,56.9,500,7,1,0.5448,0.8229,0.8641,0.7339,0.7937,436,113,47,YOLOv11,large
0_all,rtdetr-x,86.0,32,7,1,0.4829,0.8036,0.868,0.7198,0.7869,1160,207,493,DETR,large
0_all,rtdetr-x,86.0,128,7,1,0.5442,0.8545,0.8882,0.7871,0.8346,1160,156,469,DETR,large
0_all,rtdetr-x,86.0,500,7,1,0.6147,0.927,0.9173,0.8605,0.888,1160,100,224,DETR,large
a1_t2s,rtdetr-x,86.0,32,7,1,0.0748,0.1756,0.3745,0.2059,0.2657,709,508,491,DETR,large
a1_t2s,rtdetr-x,86.0,128,7,1,0.1462,0.2801,0.5298,0.2849,0.3706,709,450,517,DETR,large
a1_t2s,rtdetr-x,86.0,500,7,1,0.1583,0.2742,0.5826,0.2496,0.3495,709,488,321,DETR,large
a2_s2t,rtdetr-x,86.0,32,7,1,0.3383,0.6194,0.7411,0.5787,0.6499,451,121,522,DETR,large
a2_s2t,rtdetr-x,86.0,128,7,1,0.3464,0.6055,0.6281,0.541,0.5813,451,78,1537,DETR,large
a2_s2t,rtdetr-x,86.0,500,7,1,0.433,0.7466,0.8562,0.6469,0.737,451,74,680,DETR,large
b_light,rtdetr-x,86.0,32,7,1,0.3957,0.6681,0.7771,0.6193,0.6893,436,118,327,DETR,large
b_light,rtdetr-x,86.0,128,7,1,0.3437,0.5923,0.8019,0.5291,0.6376,436,161,324,DETR,large
b_light,rtdetr-x,86.0,500,7,1,0.3342,0.5953,0.7414,0.5259,0.6153,436,136,537,DETR,large
0_all,rtdetr-l,45.0,32,7,1,0.4658,0.764,0.8901,0.6957,0.781,1160,259,418,DETR,small
0_all,rtdetr-l,45.0,128,7,1,0.5277,0.8664,0.8903,0.7707,0.8262,1160,133,655,DETR,small
0_all,rtdetr-l,45.0,500,7,1,0.619,0.9256,0.9135,0.8654,0.8888,1160,97,191,DETR,small
a1_t2s,rtdetr-l,45.0,32,7,1,0.0862,0.1798,0.4758,0.1636,0.2435,709,578,178,DETR,small
a1_t2s,rtdetr-l,45.0,128,7,1,0.1189,0.2156,0.4204,0.237,0.3031,709,507,608,DETR,small
a1_t2s,rtdetr-l,45.0,500,7,1,0.1365,0.2357,0.638,0.2158,0.3225,709,514,380,DETR,small
a2_s2t,rtdetr-l,45.0,32,7,1,0.3584,0.6285,0.7558,0.5654,0.6469,451,104,831,DETR,small
a2_s2t,rtdetr-l,45.0,128,7,1,0.2978,0.5701,0.6502,0.507,0.5698,451,113,504,DETR,small
a2_s2t,rtdetr-l,45.0,500,7,1,0.458,0.7259,0.8152,0.6231,0.7063,451,94,324,DETR,small
b_light,rtdetr-l,45.0,32,7,1,0.4242,0.7065,0.8611,0.6445,0.7372,436,118,220,DETR,small
b_light,rtdetr-l,45.0,128,7,1,0.4851,0.759,0.8623,0.7036,0.7749,436,91,334,DETR,small
b_light,rtdetr-l,45.0,500,7,1,0.5121,0.8061,0.8296,0.7454,0.7852,436,80,258,DETR,small
0_all,yolo12n,2.6,32,7,1,0.4324,0.7421,0.8077,0.6552,0.7235,1160,386,163,YOLOv12,small
0_all,yolo12n,2.6,128,7,1,0.5657,0.8765,0.8919,0.7983,0.8425,1160,207,116,YOLOv12,small
0_all,yolo12n,2.6,500,7,1,0.6104,0.9258,0.906,0.8558,0.8802,1160,128,156,YOLOv12,small
a1_t2s,yolo12n,2.6,32,7,1,0.0561,0.1363,0.2623,0.1294,0.1733,709,637,138,YOLOv12,small
a1_t2s,yolo12n,2.6,128,7,1,0.0812,0.1816,0.5023,0.168,0.2517,709,544,437,YOLOv12,small
a1_t2s,yolo12n,2.6,500,7,1,0.107,0.1977,0.5098,0.1834,0.2697,709,564,170,YOLOv12,small
a2_s2t,yolo12n,2.6,32,7,1,0.1014,0.2191,0.476,0.1973,0.279,451,351,103,YOLOv12,small
a2_s2t,yolo12n,2.6,128,7,1,0.2115,0.4066,0.6476,0.3725,0.473,451,265,100,YOLOv12,small
a2_s2t,yolo12n,2.6,500,7,1,0.2411,0.4682,0.5649,0.4612,0.5078,451,205,251,YOLOv12,small
b_light,yolo12n,2.6,32,7,1,0.3503,0.614,0.7935,0.5288,0.6347,436,177,111,YOLOv12,small
b_light,yolo12n,2.6,128,7,1,0.4658,0.7464,0.8424,0.6858,0.7561,436,133,51,YOLOv12,small
b_light,yolo12n,2.6,500,7,1,0.5313,0.8407,0.8372,0.7638,0.7988,436,80,96,YOLOv12,small
0_all,yolo11n,2.6,32,7,1,0.4673,0.7642,0.8228,0.6517,0.7273,1160,423,103,YOLOv11,small
0_all,yolo11n,2.6,128,7,1,0.5861,0.8935,0.891,0.8043,0.8455,1160,200,123,YOLOv11,small
0_all,yolo11n,2.6,500,7,1,0.6095,0.919,0.9127,0.8383,0.8739,1160,112,239,YOLOv11,small
a1_t2s,yolo11n,2.6,32,7,1,0.0726,0.1578,0.184,0.1425,0.1606,709,644,72,YOLOv11,small
a1_t2s,yolo11n,2.6,128,7,1,0.0977,0.1977,0.4089,0.1622,0.2323,709,594,126,YOLOv11,small
a1_t2s,yolo11n,2.6,500,7,1,0.1204,0.2278,0.3883,0.2113,0.2737,709,548,222,YOLOv11,small
a2_s2t,yolo11n,2.6,32,7,1,0.1211,0.3184,0.4065,0.3171,0.3563,451,333,100,YOLOv11,small
a2_s2t,yolo11n,2.6,128,7,1,0.2258,0.4509,0.657,0.4146,0.5084,451,275,67,YOLOv11,small
a2_s2t,yolo11n,2.6,500,7,1,0.3577,0.6284,0.7423,0.5619,0.6396,451,163,152,YOLOv11,small
b_light,yolo11n,2.6,32,7,1,0.3706,0.6464,0.8048,0.539,0.6456,436,199,53,YOLOv11,small
b_light,yolo11n,2.6,128,7,1,0.4689,0.7382,0.8937,0.6124,0.7268,436,151,58,YOLOv11,small
b_light,yolo11n,2.6,500,7,1,0.5383,0.8259,0.898,0.711,0.7936,436,96,65,YOLOv11,small
0_all,yolo12x,59.1,32,7,2,0.3908,0.688,0.7702,0.6242,0.6896,1160,407,197,YOLOv12,large
0_all,yolo12x,59.1,128,7,2,0.5569,0.8657,0.877,0.7807,0.826,1160,240,123,YOLOv12,large
0_all,yolo12x,59.1,500,7,2,0.638,0.9372,0.9219,0.8724,0.8965,1160,130,93,YOLOv12,large
a1_t2s,yolo12x,59.1,32,7,2,0.0392,0.1048,0.1971,0.158,0.1754,709,602,253,YOLOv12,large
a1_t2s,yolo12x,59.1,128,7,2,0.105,0.2066,0.4308,0.1879,0.2616,709,565,209,YOLOv12,large
a1_t2s,yolo12x,59.1,500,7,2,0.1067,0.1903,0.4044,0.2078,0.2746,709,544,251,YOLOv12,large
a2_s2t,yolo12x,59.1,32,7,2,0.0911,0.2143,0.5874,0.161,0.2528,451,398,14,YOLOv12,large
a2_s2t,yolo12x,59.1,128,7,2,0.2416,0.4497,0.5735,0.4013,0.4722,451,285,63,YOLOv12,large
a2_s2t,yolo12x,59.1,500,7,2,0.3212,0.6178,0.6729,0.561,0.6119,451,154,182,YOLOv12,large
b_light,yolo12x,59.1,32,7,2,0.3361,0.565,0.7754,0.4771,0.5907,436,239,33,YOLOv12,large
b_light,yolo12x,59.1,128,7,2,0.4273,0.673,0.9132,0.5794,0.709,436,173,72,YOLOv12,large
b_light,yolo12x,59.1,500,7,2,0.5375,0.8151,0.8665,0.7446,0.801,436,105,57,YOLOv12,large
0_all,yolo11x,56.9,32,7,2,0.4273,0.7646,0.808,0.6858,0.7419,1160,278,426,YOLOv11,large
0_all,yolo11x,56.9,128,7,2,0.5765,0.8727,0.9105,0.7819,0.8413,1160,261,72,YOLOv11,large
0_all,yolo11x,56.9,500,7,2,0.6383,0.9312,0.9274,0.8491,0.8866,1160,135,114,YOLOv11,large
a1_t2s,yolo11x,56.9,32,7,2,0.059,0.1413,0.3726,0.1001,0.1579,709,646,64,YOLOv11,large
a1_t2s,yolo11x,56.9,128,7,2,0.1256,0.2254,0.4611,0.1763,0.2551,709,567,212,YOLOv11,large
a1_t2s,yolo11x,56.9,500,7,2,0.1026,0.1898,0.3901,0.2017,0.2659,709,555,247,YOLOv11,large
a2_s2t,yolo11x,56.9,32,7,2,0.1196,0.2489,0.4656,0.2106,0.2901,451,375,42,YOLOv11,large
a2_s2t,yolo11x,56.9,128,7,2,0.2284,0.4499,0.6618,0.4169,0.5115,451,280,53,YOLOv11,large
a2_s2t,yolo11x,56.9,500,7,2,0.2752,0.527,0.6734,0.4324,0.5266,451,208,174,YOLOv11,large
b_light,yolo11x,56.9,32,7,2,0.3784,0.63,0.7838,0.5736,0.6624,436,157,120,YOLOv11,large
b_light,yolo11x,56.9,128,7,2,0.4677,0.7188,0.847,0.6476,0.734,436,159,39,YOLOv11,large
b_light,yolo11x,56.9,500,7,2,0.5381,0.8207,0.908,0.7246,0.806,436,104,62,YOLOv11,large
0_all,rtdetr-x,86.0,32,7,2,0.4612,0.7655,0.857,0.6991,0.7701,1160,271,249,DETR,large
0_all,rtdetr-x,86.0,128,7,2,0.5656,0.8729,0.8742,0.8181,0.8452,1160,98,972,DETR,large
0_all,rtdetr-x,86.0,500,7,2,0.6228,0.9233,0.9137,0.8666,0.8895,1160,95,213,DETR,large
a1_t2s,rtdetr-x,86.0,32,7,2,0.0881,0.1826,0.3959,0.2045,0.2697,709,538,262,DETR,large
a1_t2s,rtdetr-x,86.0,128,7,2,0.1225,0.2529,0.4228,0.3103,0.3579,709,413,789,DETR,large
a1_t2s,rtdetr-x,86.0,500,7,2,0.1678,0.3109,0.5711,0.2906,0.3852,709,456,334,DETR,large
a2_s2t,rtdetr-x,86.0,32,7,2,0.2101,0.4209,0.6091,0.3681,0.4589,451,219,397,DETR,large
a2_s2t,rtdetr-x,86.0,128,7,2,0.3911,0.6675,0.8102,0.6142,0.6987,451,111,660,DETR,large
a2_s2t,rtdetr-x,86.0,500,7,2,0.3296,0.534,0.6183,0.5233,0.5668,451,140,546,DETR,large
b_light,rtdetr-x,86.0,32,7,2,0.4081,0.6806,0.8858,0.5963,0.7128,436,149,97,DETR,large
b_light,rtdetr-x,86.0,128,7,2,0.4355,0.6909,0.8818,0.6261,0.7323,436,132,139,DETR,large
b_light,rtdetr-x,86.0,500,7,2,0.3963,0.673,0.7627,0.5963,0.6693,436,102,549,DETR,large
0_all,rtdetr-l,45.0,32,7,2,0.4931,0.8027,0.8734,0.7164,0.7871,1160,210,607,DETR,small
0_all,rtdetr-l,45.0,128,7,2,0.4794,0.7861,0.8503,0.7009,0.7684,1160,234,440,DETR,small
0_all,rtdetr-l,45.0,500,7,2,0.6154,0.911,0.8941,0.8592,0.8763,1160,117,221,DETR,small
a1_t2s,rtdetr-l,45.0,32,7,2,0.0543,0.1237,0.4076,0.1298,0.1969,709,583,357,DETR,small
a1_t2s,rtdetr-l,45.0,128,7,2,0.142,0.2573,0.496,0.2468,0.3296,709,475,554,DETR,small
a1_t2s,rtdetr-l,45.0,500,7,2,0.1522,0.2702,0.5532,0.2496,0.344,709,495,283,DETR,small
a2_s2t,rtdetr-l,45.0,32,7,2,0.3784,0.6542,0.7401,0.5745,0.6468,451,129,355,DETR,small
a2_s2t,rtdetr-l,45.0,128,7,2,0.3203,0.6065,0.6571,0.5809,0.6167,451,127,451,DETR,small
a2_s2t,rtdetr-l,45.0,500,7,2,0.4207,0.6679,0.7912,0.5876,0.6743,451,155,116,DETR,small
b_light,rtdetr-l,45.0,32,7,2,0.3898,0.6971,0.805,0.6147,0.6971,436,122,159,DETR,small
b_light,rtdetr-l,45.0,128,7,2,0.4656,0.7477,0.8958,0.6702,0.7668,436,125,66,DETR,small
b_light,rtdetr-l,45.0,500,7,2,0.5071,0.7944,0.8733,0.672,0.7596,436,90,155,DETR,small
0_all,yolo12n,2.6,32,7,2,0.4312,0.7612,0.829,0.675,0.7441,1160,344,185,YOLOv12,small
0_all,yolo12n,2.6,128,7,2,0.5825,0.8858,0.8898,0.8143,0.8504,1160,204,99,YOLOv12,small
0_all,yolo12n,2.6,500,7,2,0.6189,0.9231,0.9017,0.8703,0.8857,1160,114,142,YOLOv12,small
a1_t2s,yolo12n,2.6,32,7,2,0.0592,0.1537,0.3184,0.1255,0.1801,709,632,79,YOLOv12,small
a1_t2s,yolo12n,2.6,128,7,2,0.0884,0.1956,0.3454,0.1636,0.222,709,591,123,YOLOv12,small
a1_t2s,yolo12n,2.6,500,7,2,0.1108,0.2122,0.3899,0.2045,0.2683,709,567,150,YOLOv12,small
a2_s2t,yolo12n,2.6,32,7,2,0.1286,0.2991,0.3925,0.3459,0.3677,451,300,147,YOLOv12,small
a2_s2t,yolo12n,2.6,128,7,2,0.2351,0.4381,0.6259,0.3703,0.4653,451,276,84,YOLOv12,small
a2_s2t,yolo12n,2.6,500,7,2,0.3052,0.5412,0.6896,0.4634,0.5543,451,195,212,YOLOv12,small
b_light,yolo12n,2.6,32,7,2,0.3554,0.6353,0.7706,0.5642,0.6515,436,145,223,YOLOv12,small
b_light,yolo12n,2.6,128,7,2,0.4539,0.7241,0.8179,0.656,0.728,436,143,48,YOLOv12,small
b_light,yolo12n,2.6,500,7,2,0.5263,0.8428,0.8713,0.7638,0.814,436,84,84,YOLOv12,small
0_all,yolo11n,2.6,32,7,2,0.4367,0.7757,0.8044,0.6879,0.7416,1160,252,411,YOLOv11,small
0_all,yolo11n,2.6,128,7,2,0.5686,0.8682,0.891,0.796,0.8408,1160,218,101,YOLOv11,small
0_all,yolo11n,2.6,500,7,2,0.6196,0.9259,0.92,0.8626,0.8904,1160,132,106,YOLOv11,small
a1_t2s,yolo11n,2.6,32,7,2,0.0423,0.1056,0.1119,0.1269,0.119,709,657,88,YOLOv11,small
a1_t2s,yolo11n,2.6,128,7,2,0.0988,0.2029,0.556,0.1622,0.2511,709,578,164,YOLOv11,small
a1_t2s,yolo11n,2.6,500,7,2,0.1171,0.194,0.3931,0.1749,0.2421,709,586,121,YOLOv11,small
a2_s2t,yolo11n,2.6,32,7,2,0.1167,0.251,0.568,0.1996,0.2953,451,372,29,YOLOv11,small
a2_s2t,yolo11n,2.6,128,7,2,0.2214,0.449,0.557,0.459,0.5033,451,233,137,YOLOv11,small
a2_s2t,yolo11n,2.6,500,7,2,0.343,0.6013,0.7363,0.5188,0.6087,451,202,78,YOLOv11,small
b_light,yolo11n,2.6,32,7,2,0.4236,0.6948,0.8344,0.6123,0.7063,436,183,32,YOLOv11,small
b_light,yolo11n,2.6,128,7,2,0.4822,0.7665,0.8464,0.6952,0.7634,436,128,45,YOLOv11,small
b_light,yolo11n,2.6,500,7,2,0.5288,0.8278,0.9009,0.7202,0.8005,436,103,62,YOLOv11,small
